solid 
 facet normal  9.996892e-01  3.900019e-03  2.462375e-02
   outer loop
     vertex  1.697887e+01 -3.448418e+01 -1.903236e+01
     vertex  1.700000e+01 -3.757980e+01 -1.940000e+01
     vertex  1.700000e+01 -3.461673e+01 -1.986930e+01
   endloop
 endfacet
 facet normal  9.996892e-01  3.900019e-03  2.462375e-02
   outer loop
     vertex  1.697887e+01 -3.448418e+01 -1.903236e+01
     vertex  1.697887e+01 -3.744724e+01 -1.856305e+01
     vertex  1.700000e+01 -3.757980e+01 -1.940000e+01
   endloop
 endfacet
 facet normal  9.972038e-01  1.169036e-02  7.381004e-02
   outer loop
     vertex  1.691552e+01 -3.435195e+01 -1.819749e+01
     vertex  1.691552e+01 -3.731501e+01 -1.772819e+01
     vertex  1.697887e+01 -3.744724e+01 -1.856305e+01
   endloop
 endfacet
 facet normal  9.922392e-01  1.945164e-02  1.228128e-01
   outer loop
     vertex  1.691552e+01 -3.435195e+01 -1.819749e+01
     vertex  1.681012e+01 -3.718344e+01 -1.689748e+01
     vertex  1.691552e+01 -3.731501e+01 -1.772819e+01
   endloop
 endfacet
 facet normal  9.972038e-01  1.169036e-02  7.381004e-02
   outer loop
     vertex  1.691552e+01 -3.435195e+01 -1.819749e+01
     vertex  1.697887e+01 -3.744724e+01 -1.856305e+01
     vertex  1.697887e+01 -3.448418e+01 -1.903236e+01
   endloop
 endfacet
 facet normal  9.922392e-01  1.945164e-02  1.228128e-01
   outer loop
     vertex  1.681012e+01 -3.422037e+01 -1.736678e+01
     vertex  1.681012e+01 -3.718344e+01 -1.689748e+01
     vertex  1.691552e+01 -3.435195e+01 -1.819749e+01
   endloop
 endfacet
 facet normal  9.848078e-01  2.716456e-02  1.715103e-01
   outer loop
     vertex  1.666293e+01 -3.408979e+01 -1.654229e+01
     vertex  1.666293e+01 -3.705285e+01 -1.607299e+01
     vertex  1.681012e+01 -3.718344e+01 -1.689748e+01
   endloop
 endfacet
 facet normal  9.749279e-01  3.480994e-02  2.197813e-01
   outer loop
     vertex  1.666293e+01 -3.408979e+01 -1.654229e+01
     vertex  1.647431e+01 -3.692358e+01 -1.525677e+01
     vertex  1.666293e+01 -3.705285e+01 -1.607299e+01
   endloop
 endfacet
 facet normal  9.848078e-01  2.716456e-02  1.715103e-01
   outer loop
     vertex  1.666293e+01 -3.408979e+01 -1.654229e+01
     vertex  1.681012e+01 -3.718344e+01 -1.689748e+01
     vertex  1.681012e+01 -3.422037e+01 -1.736678e+01
   endloop
 endfacet
 facet normal  9.626242e-01  4.236878e-02  2.675060e-01
   outer loop
     vertex  1.647431e+01 -3.396051e+01 -1.572607e+01
     vertex  1.624474e+01 -3.679593e+01 -1.445085e+01
     vertex  1.647431e+01 -3.692358e+01 -1.525677e+01
   endloop
 endfacet
 facet normal  9.749279e-01  3.480994e-02  2.197813e-01
   outer loop
     vertex  1.647431e+01 -3.396051e+01 -1.572607e+01
     vertex  1.647431e+01 -3.692358e+01 -1.525677e+01
     vertex  1.666293e+01 -3.408979e+01 -1.654229e+01
   endloop
 endfacet
 facet normal  9.626242e-01  4.236878e-02  2.675060e-01
   outer loop
     vertex  1.624474e+01 -3.383287e+01 -1.492016e+01
     vertex  1.624474e+01 -3.679593e+01 -1.445085e+01
     vertex  1.647431e+01 -3.396051e+01 -1.572607e+01
   endloop
 endfacet
 facet normal  9.479273e-01  4.982229e-02  3.145656e-01
   outer loop
     vertex  1.597477e+01 -3.370717e+01 -1.412655e+01
     vertex  1.597477e+01 -3.667024e+01 -1.365724e+01
     vertex  1.624474e+01 -3.679593e+01 -1.445085e+01
   endloop
 endfacet
 facet normal  9.479273e-01  4.982229e-02  3.145656e-01
   outer loop
     vertex  1.597477e+01 -3.370717e+01 -1.412655e+01
     vertex  1.624474e+01 -3.679593e+01 -1.445085e+01
     vertex  1.624474e+01 -3.383287e+01 -1.492016e+01
   endloop
 endfacet
 facet normal  9.308737e-01  5.715193e-02  3.608431e-01
   outer loop
     vertex  1.566510e+01 -3.358374e+01 -1.334721e+01
     vertex  1.566510e+01 -3.654680e+01 -1.287791e+01
     vertex  1.597477e+01 -3.667024e+01 -1.365724e+01
   endloop
 endfacet
 facet normal  9.115059e-01  6.433948e-02  4.062235e-01
   outer loop
     vertex  1.566510e+01 -3.358374e+01 -1.334721e+01
     vertex  1.531647e+01 -3.642594e+01 -1.211479e+01
     vertex  1.566510e+01 -3.654680e+01 -1.287791e+01
   endloop
 endfacet
 facet normal  9.308737e-01  5.715193e-02  3.608431e-01
   outer loop
     vertex  1.566510e+01 -3.358374e+01 -1.334721e+01
     vertex  1.597477e+01 -3.667024e+01 -1.365724e+01
     vertex  1.597477e+01 -3.370717e+01 -1.412655e+01
   endloop
 endfacet
 facet normal  9.115059e-01  6.433948e-02  4.062235e-01
   outer loop
     vertex  1.531647e+01 -3.346287e+01 -1.258409e+01
     vertex  1.531647e+01 -3.642594e+01 -1.211479e+01
     vertex  1.566510e+01 -3.358374e+01 -1.334721e+01
   endloop
 endfacet
 facet normal  8.898718e-01  7.136707e-02  4.505939e-01
   outer loop
     vertex  1.492977e+01 -3.334487e+01 -1.183908e+01
     vertex  1.492977e+01 -3.630794e+01 -1.136978e+01
     vertex  1.531647e+01 -3.642594e+01 -1.211479e+01
   endloop
 endfacet
 facet normal  8.898718e-01  7.136707e-02  4.505939e-01
   outer loop
     vertex  1.492977e+01 -3.334487e+01 -1.183908e+01
     vertex  1.531647e+01 -3.642594e+01 -1.211479e+01
     vertex  1.531647e+01 -3.346287e+01 -1.258409e+01
   endloop
 endfacet
 facet normal  8.660254e-01  7.821723e-02  4.938442e-01
   outer loop
     vertex  1.450594e+01 -3.323004e+01 -1.111404e+01
     vertex  1.492977e+01 -3.630794e+01 -1.136978e+01
     vertex  1.492977e+01 -3.334487e+01 -1.183908e+01
   endloop
 endfacet
 facet normal  8.660254e-01  7.821723e-02  4.938442e-01
   outer loop
     vertex  1.450594e+01 -3.323004e+01 -1.111404e+01
     vertex  1.450594e+01 -3.619310e+01 -1.064474e+01
     vertex  1.492977e+01 -3.630794e+01 -1.136978e+01
   endloop
 endfacet
 facet normal  8.400259e-01  8.487293e-02  5.358666e-01
   outer loop
     vertex  1.404606e+01 -3.311865e+01 -1.041076e+01
     vertex  1.450594e+01 -3.619310e+01 -1.064474e+01
     vertex  1.450594e+01 -3.323004e+01 -1.111404e+01
   endloop
 endfacet
 facet normal  8.400259e-01  8.487293e-02  5.358666e-01
   outer loop
     vertex  1.404606e+01 -3.311865e+01 -1.041076e+01
     vertex  1.404606e+01 -3.608171e+01 -9.941461e+00
     vertex  1.450594e+01 -3.619310e+01 -1.064474e+01
   endloop
 endfacet
 facet normal  8.119380e-01  9.131763e-02  5.765568e-01
   outer loop
     vertex  1.355125e+01 -3.301099e+01 -9.731004e+00
     vertex  1.404606e+01 -3.608171e+01 -9.941461e+00
     vertex  1.404606e+01 -3.311865e+01 -1.041076e+01
   endloop
 endfacet
 facet normal  8.119380e-01  9.131763e-02  5.765568e-01
   outer loop
     vertex  1.355125e+01 -3.301099e+01 -9.731004e+00
     vertex  1.355125e+01 -3.597405e+01 -9.261700e+00
     vertex  1.404606e+01 -3.608171e+01 -9.941461e+00
   endloop
 endfacet
 facet normal  7.818315e-01  9.753529e-02  6.158136e-01
   outer loop
     vertex  1.302276e+01 -3.290731e+01 -9.076448e+00
     vertex  1.355125e+01 -3.597405e+01 -9.261700e+00
     vertex  1.355125e+01 -3.301099e+01 -9.731004e+00
   endloop
 endfacet
 facet normal  7.818315e-01  9.753529e-02  6.158136e-01
   outer loop
     vertex  1.302276e+01 -3.290731e+01 -9.076448e+00
     vertex  1.302276e+01 -3.587038e+01 -8.607145e+00
     vertex  1.355125e+01 -3.597405e+01 -9.261700e+00
   endloop
 endfacet
 facet normal  7.497812e-01  1.035105e-01  6.535394e-01
   outer loop
     vertex  1.246188e+01 -3.280789e+01 -8.448726e+00
     vertex  1.246188e+01 -3.577096e+01 -7.979422e+00
     vertex  1.302276e+01 -3.587038e+01 -8.607145e+00
   endloop
 endfacet
 facet normal  7.497812e-01  1.035105e-01  6.535394e-01
   outer loop
     vertex  1.246188e+01 -3.280789e+01 -8.448726e+00
     vertex  1.302276e+01 -3.587038e+01 -8.607145e+00
     vertex  1.302276e+01 -3.290731e+01 -9.076448e+00
   endloop
 endfacet
 facet normal  7.158668e-01  1.092283e-01  6.896404e-01
   outer loop
     vertex  1.187003e+01 -3.271297e+01 -7.849397e+00
     vertex  1.187003e+01 -3.567603e+01 -7.380093e+00
     vertex  1.246188e+01 -3.577096e+01 -7.979422e+00
   endloop
 endfacet
 facet normal  7.158668e-01  1.092283e-01  6.896404e-01
   outer loop
     vertex  1.187003e+01 -3.271297e+01 -7.849397e+00
     vertex  1.246188e+01 -3.577096e+01 -7.979422e+00
     vertex  1.246188e+01 -3.280789e+01 -8.448726e+00
   endloop
 endfacet
 facet normal  6.801727e-01  1.146746e-01  7.240268e-01
   outer loop
     vertex  1.124866e+01 -3.262278e+01 -7.279951e+00
     vertex  1.124866e+01 -3.558584e+01 -6.810647e+00
     vertex  1.187003e+01 -3.567603e+01 -7.380093e+00
   endloop
 endfacet
 facet normal  6.801727e-01  1.146746e-01  7.240268e-01
   outer loop
     vertex  1.124866e+01 -3.262278e+01 -7.279951e+00
     vertex  1.187003e+01 -3.567603e+01 -7.380093e+00
     vertex  1.187003e+01 -3.271297e+01 -7.849397e+00
   endloop
 endfacet
 facet normal  6.427876e-01  1.198358e-01  7.566132e-01
   outer loop
     vertex  1.059933e+01 -3.253754e+01 -6.741804e+00
     vertex  1.059933e+01 -3.550061e+01 -6.272501e+00
     vertex  1.124866e+01 -3.558584e+01 -6.810647e+00
   endloop
 endfacet
 facet normal  6.427876e-01  1.198358e-01  7.566132e-01
   outer loop
     vertex  1.059933e+01 -3.253754e+01 -6.741804e+00
     vertex  1.124866e+01 -3.558584e+01 -6.810647e+00
     vertex  1.124866e+01 -3.262278e+01 -7.279951e+00
   endloop
 endfacet
 facet normal  6.038044e-01  1.246990e-01  7.873185e-01
   outer loop
     vertex  9.923642e+00 -3.245748e+01 -6.236294e+00
     vertex  9.923642e+00 -3.542054e+01 -5.766991e+00
     vertex  1.059933e+01 -3.550061e+01 -6.272501e+00
   endloop
 endfacet
 facet normal  6.038044e-01  1.246990e-01  7.873185e-01
   outer loop
     vertex  9.923642e+00 -3.245748e+01 -6.236294e+00
     vertex  1.059933e+01 -3.550061e+01 -6.272501e+00
     vertex  1.059933e+01 -3.253754e+01 -6.741804e+00
   endloop
 endfacet
 facet normal  5.633201e-01  1.292522e-01  8.160664e-01
   outer loop
     vertex  9.223286e+00 -3.238278e+01 -5.764679e+00
     vertex  9.223286e+00 -3.534585e+01 -5.295375e+00
     vertex  9.923642e+00 -3.542054e+01 -5.766991e+00
   endloop
 endfacet
 facet normal  5.633201e-01  1.292522e-01  8.160664e-01
   outer loop
     vertex  9.223286e+00 -3.238278e+01 -5.764679e+00
     vertex  9.923642e+00 -3.542054e+01 -5.766991e+00
     vertex  9.923642e+00 -3.245748e+01 -6.236294e+00
   endloop
 endfacet
 facet normal  5.214352e-01  1.334841e-01  8.427855e-01
   outer loop
     vertex  8.500000e+00 -3.231364e+01 -5.328129e+00
     vertex  8.500000e+00 -3.527670e+01 -4.858826e+00
     vertex  9.223286e+00 -3.534585e+01 -5.295375e+00
   endloop
 endfacet
 facet normal  5.214352e-01  1.334841e-01  8.427855e-01
   outer loop
     vertex  8.500000e+00 -3.231364e+01 -5.328129e+00
     vertex  9.223286e+00 -3.534585e+01 -5.295375e+00
     vertex  9.223286e+00 -3.238278e+01 -5.764679e+00
   endloop
 endfacet
 facet normal  4.782540e-01  1.373841e-01  8.674092e-01
   outer loop
     vertex  7.755581e+00 -3.225022e+01 -4.927731e+00
     vertex  7.755581e+00 -3.521329e+01 -4.458428e+00
     vertex  8.500000e+00 -3.527670e+01 -4.858826e+00
   endloop
 endfacet
 facet normal  4.338837e-01  1.409426e-01  8.898764e-01
   outer loop
     vertex  7.755581e+00 -3.225022e+01 -4.927731e+00
     vertex  6.991881e+00 -3.515575e+01 -4.095177e+00
     vertex  7.755581e+00 -3.521329e+01 -4.458428e+00
   endloop
 endfacet
 facet normal  4.782540e-01  1.373841e-01  8.674092e-01
   outer loop
     vertex  7.755581e+00 -3.225022e+01 -4.927731e+00
     vertex  8.500000e+00 -3.527670e+01 -4.858826e+00
     vertex  8.500000e+00 -3.231364e+01 -5.328129e+00
   endloop
 endfacet
 facet normal  4.338837e-01  1.409426e-01  8.898764e-01
   outer loop
     vertex  6.991881e+00 -3.219269e+01 -4.564480e+00
     vertex  6.991881e+00 -3.515575e+01 -4.095177e+00
     vertex  7.755581e+00 -3.225022e+01 -4.927731e+00
   endloop
 endfacet
 facet normal  3.884348e-01  1.441506e-01  9.101313e-01
   outer loop
     vertex  6.210797e+00 -3.214118e+01 -4.239280e+00
     vertex  6.210797e+00 -3.510425e+01 -3.769976e+00
     vertex  6.991881e+00 -3.515575e+01 -4.095177e+00
   endloop
 endfacet
 facet normal  3.420201e-01  1.470003e-01  9.281234e-01
   outer loop
     vertex  6.210797e+00 -3.214118e+01 -4.239280e+00
     vertex  5.414273e+00 -3.505890e+01 -3.483635e+00
     vertex  6.210797e+00 -3.510425e+01 -3.769976e+00
   endloop
 endfacet
 facet normal  3.884348e-01  1.441506e-01  9.101313e-01
   outer loop
     vertex  6.210797e+00 -3.214118e+01 -4.239280e+00
     vertex  6.991881e+00 -3.515575e+01 -4.095177e+00
     vertex  6.991881e+00 -3.219269e+01 -4.564480e+00
   endloop
 endfacet
 facet normal  3.420201e-01  1.470003e-01  9.281234e-01
   outer loop
     vertex  5.414273e+00 -3.209583e+01 -3.952938e+00
     vertex  5.414273e+00 -3.505890e+01 -3.483635e+00
     vertex  6.210797e+00 -3.214118e+01 -4.239280e+00
   endloop
 endfacet
 facet normal  2.947552e-01  1.494845e-01  9.438081e-01
   outer loop
     vertex  4.604288e+00 -3.205675e+01 -3.706167e+00
     vertex  4.604288e+00 -3.501981e+01 -3.236863e+00
     vertex  5.414273e+00 -3.505890e+01 -3.483635e+00
   endloop
 endfacet
 facet normal  2.947552e-01  1.494845e-01  9.438081e-01
   outer loop
     vertex  4.604288e+00 -3.205675e+01 -3.706167e+00
     vertex  5.414273e+00 -3.505890e+01 -3.483635e+00
     vertex  5.414273e+00 -3.209583e+01 -3.952938e+00
   endloop
 endfacet
 facet normal  2.467574e-01  1.515971e-01  9.571463e-01
   outer loop
     vertex  3.782856e+00 -3.202403e+01 -3.499580e+00
     vertex  3.782856e+00 -3.498709e+01 -3.030276e+00
     vertex  4.604288e+00 -3.501981e+01 -3.236863e+00
   endloop
 endfacet
 facet normal  1.981461e-01  1.533328e-01  9.681049e-01
   outer loop
     vertex  3.782856e+00 -3.202403e+01 -3.499580e+00
     vertex  2.952019e+00 -3.496082e+01 -2.864387e+00
     vertex  3.782856e+00 -3.498709e+01 -3.030276e+00
   endloop
 endfacet
 facet normal  2.467574e-01  1.515971e-01  9.571463e-01
   outer loop
     vertex  3.782856e+00 -3.202403e+01 -3.499580e+00
     vertex  4.604288e+00 -3.501981e+01 -3.236863e+00
     vertex  4.604288e+00 -3.205675e+01 -3.706167e+00
   endloop
 endfacet
 facet normal  1.981461e-01  1.533328e-01  9.681049e-01
   outer loop
     vertex  2.952019e+00 -3.199775e+01 -3.333690e+00
     vertex  2.952019e+00 -3.496082e+01 -2.864387e+00
     vertex  3.782856e+00 -3.202403e+01 -3.499580e+00
   endloop
 endfacet
 facet normal  1.490423e-01  1.546872e-01  9.766567e-01
   outer loop
     vertex  2.113843e+00 -3.197799e+01 -3.208911e+00
     vertex  2.113843e+00 -3.494105e+01 -2.739607e+00
     vertex  2.952019e+00 -3.496082e+01 -2.864387e+00
   endloop
 endfacet
 facet normal  1.490423e-01  1.546872e-01  9.766567e-01
   outer loop
     vertex  2.113843e+00 -3.197799e+01 -3.208911e+00
     vertex  2.952019e+00 -3.496082e+01 -2.864387e+00
     vertex  2.952019e+00 -3.199775e+01 -3.333690e+00
   endloop
 endfacet
 facet normal  9.956785e-02  1.556571e-01  9.827803e-01
   outer loop
     vertex  1.270412e+00 -3.196479e+01 -3.125552e+00
     vertex  1.270412e+00 -3.492785e+01 -2.656248e+00
     vertex  2.113843e+00 -3.494105e+01 -2.739607e+00
   endloop
 endfacet
 facet normal  4.984589e-02  1.562400e-01  9.864606e-01
   outer loop
     vertex  1.270412e+00 -3.196479e+01 -3.125552e+00
     vertex  4.238218e-01 -3.492124e+01 -2.614517e+00
     vertex  1.270412e+00 -3.492785e+01 -2.656248e+00
   endloop
 endfacet
 facet normal  9.956785e-02  1.556571e-01  9.827803e-01
   outer loop
     vertex  1.270412e+00 -3.196479e+01 -3.125552e+00
     vertex  2.113843e+00 -3.494105e+01 -2.739607e+00
     vertex  2.113843e+00 -3.197799e+01 -3.208911e+00
   endloop
 endfacet
 facet normal  4.984589e-02  1.562400e-01  9.864606e-01
   outer loop
     vertex  4.238218e-01 -3.195818e+01 -3.083820e+00
     vertex  4.238218e-01 -3.492124e+01 -2.614517e+00
     vertex  1.270412e+00 -3.196479e+01 -3.125552e+00
   endloop
 endfacet
 facet normal -2.245407e-17  1.564345e-01  9.876883e-01
   outer loop
     vertex -4.238218e-01 -3.195818e+01 -3.083820e+00
     vertex -4.238218e-01 -3.492124e+01 -2.614517e+00
     vertex  4.238218e-01 -3.492124e+01 -2.614517e+00
   endloop
 endfacet
 facet normal -4.984589e-02  1.562400e-01  9.864606e-01
   outer loop
     vertex -4.238218e-01 -3.195818e+01 -3.083820e+00
     vertex -1.270412e+00 -3.492785e+01 -2.656248e+00
     vertex -4.238218e-01 -3.492124e+01 -2.614517e+00
   endloop
 endfacet
 facet normal -0.000000e+00  1.564345e-01  9.876883e-01
   outer loop
     vertex -4.238218e-01 -3.195818e+01 -3.083820e+00
     vertex  4.238218e-01 -3.492124e+01 -2.614517e+00
     vertex  4.238218e-01 -3.195818e+01 -3.083820e+00
   endloop
 endfacet
 facet normal -4.984589e-02  1.562400e-01  9.864606e-01
   outer loop
     vertex -1.270412e+00 -3.196479e+01 -3.125552e+00
     vertex -1.270412e+00 -3.492785e+01 -2.656248e+00
     vertex -4.238218e-01 -3.195818e+01 -3.083820e+00
   endloop
 endfacet
 facet normal -9.956785e-02  1.556571e-01  9.827803e-01
   outer loop
     vertex -2.113843e+00 -3.197799e+01 -3.208911e+00
     vertex -2.113843e+00 -3.494105e+01 -2.739607e+00
     vertex -1.270412e+00 -3.492785e+01 -2.656248e+00
   endloop
 endfacet
 facet normal -1.490423e-01  1.546872e-01  9.766567e-01
   outer loop
     vertex -2.113843e+00 -3.197799e+01 -3.208911e+00
     vertex -2.952019e+00 -3.496082e+01 -2.864387e+00
     vertex -2.113843e+00 -3.494105e+01 -2.739607e+00
   endloop
 endfacet
 facet normal -9.956785e-02  1.556571e-01  9.827803e-01
   outer loop
     vertex -2.113843e+00 -3.197799e+01 -3.208911e+00
     vertex -1.270412e+00 -3.492785e+01 -2.656248e+00
     vertex -1.270412e+00 -3.196479e+01 -3.125552e+00
   endloop
 endfacet
 facet normal -1.490423e-01  1.546872e-01  9.766567e-01
   outer loop
     vertex -2.952019e+00 -3.199775e+01 -3.333690e+00
     vertex -2.952019e+00 -3.496082e+01 -2.864387e+00
     vertex -2.113843e+00 -3.197799e+01 -3.208911e+00
   endloop
 endfacet
 facet normal -1.981461e-01  1.533328e-01  9.681049e-01
   outer loop
     vertex -3.782856e+00 -3.202403e+01 -3.499580e+00
     vertex -2.952019e+00 -3.496082e+01 -2.864387e+00
     vertex -2.952019e+00 -3.199775e+01 -3.333690e+00
   endloop
 endfacet
 facet normal -1.981461e-01  1.533328e-01  9.681049e-01
   outer loop
     vertex -3.782856e+00 -3.202403e+01 -3.499580e+00
     vertex -3.782856e+00 -3.498709e+01 -3.030276e+00
     vertex -2.952019e+00 -3.496082e+01 -2.864387e+00
   endloop
 endfacet
 facet normal -2.467574e-01  1.515971e-01  9.571463e-01
   outer loop
     vertex -4.604288e+00 -3.205675e+01 -3.706167e+00
     vertex -4.604288e+00 -3.501981e+01 -3.236863e+00
     vertex -3.782856e+00 -3.498709e+01 -3.030276e+00
   endloop
 endfacet
 facet normal -2.467574e-01  1.515971e-01  9.571463e-01
   outer loop
     vertex -4.604288e+00 -3.205675e+01 -3.706167e+00
     vertex -3.782856e+00 -3.498709e+01 -3.030276e+00
     vertex -3.782856e+00 -3.202403e+01 -3.499580e+00
   endloop
 endfacet
 facet normal -2.947552e-01  1.494845e-01  9.438081e-01
   outer loop
     vertex -5.414273e+00 -3.209583e+01 -3.952938e+00
     vertex -4.604288e+00 -3.501981e+01 -3.236863e+00
     vertex -4.604288e+00 -3.205675e+01 -3.706167e+00
   endloop
 endfacet
 facet normal -2.947552e-01  1.494845e-01  9.438081e-01
   outer loop
     vertex -5.414273e+00 -3.209583e+01 -3.952938e+00
     vertex -5.414273e+00 -3.505890e+01 -3.483635e+00
     vertex -4.604288e+00 -3.501981e+01 -3.236863e+00
   endloop
 endfacet
 facet normal -3.420201e-01  1.470003e-01  9.281234e-01
   outer loop
     vertex -6.210797e+00 -3.214118e+01 -4.239280e+00
     vertex -5.414273e+00 -3.505890e+01 -3.483635e+00
     vertex -5.414273e+00 -3.209583e+01 -3.952938e+00
   endloop
 endfacet
 facet normal -3.420201e-01  1.470003e-01  9.281234e-01
   outer loop
     vertex -6.210797e+00 -3.214118e+01 -4.239280e+00
     vertex -6.210797e+00 -3.510425e+01 -3.769976e+00
     vertex -5.414273e+00 -3.505890e+01 -3.483635e+00
   endloop
 endfacet
 facet normal -3.884348e-01  1.441506e-01  9.101313e-01
   outer loop
     vertex -6.991881e+00 -3.219269e+01 -4.564480e+00
     vertex -6.210797e+00 -3.510425e+01 -3.769976e+00
     vertex -6.210797e+00 -3.214118e+01 -4.239280e+00
   endloop
 endfacet
 facet normal -3.884348e-01  1.441506e-01  9.101313e-01
   outer loop
     vertex -6.991881e+00 -3.219269e+01 -4.564480e+00
     vertex -6.991881e+00 -3.515575e+01 -4.095177e+00
     vertex -6.210797e+00 -3.510425e+01 -3.769976e+00
   endloop
 endfacet
 facet normal -4.338837e-01  1.409426e-01  8.898764e-01
   outer loop
     vertex -7.755581e+00 -3.225022e+01 -4.927731e+00
     vertex -6.991881e+00 -3.515575e+01 -4.095177e+00
     vertex -6.991881e+00 -3.219269e+01 -4.564480e+00
   endloop
 endfacet
 facet normal -4.338837e-01  1.409426e-01  8.898764e-01
   outer loop
     vertex -7.755581e+00 -3.225022e+01 -4.927731e+00
     vertex -7.755581e+00 -3.521329e+01 -4.458428e+00
     vertex -6.991881e+00 -3.515575e+01 -4.095177e+00
   endloop
 endfacet
 facet normal -4.782540e-01  1.373841e-01  8.674092e-01
   outer loop
     vertex -8.500000e+00 -3.231364e+01 -5.328129e+00
     vertex -7.755581e+00 -3.521329e+01 -4.458428e+00
     vertex -7.755581e+00 -3.225022e+01 -4.927731e+00
   endloop
 endfacet
 facet normal -4.782540e-01  1.373841e-01  8.674092e-01
   outer loop
     vertex -8.500000e+00 -3.231364e+01 -5.328129e+00
     vertex -8.500000e+00 -3.527670e+01 -4.858826e+00
     vertex -7.755581e+00 -3.521329e+01 -4.458428e+00
   endloop
 endfacet
 facet normal -5.214352e-01  1.334841e-01  8.427855e-01
   outer loop
     vertex -8.500000e+00 -3.231364e+01 -5.328129e+00
     vertex -9.223286e+00 -3.534585e+01 -5.295375e+00
     vertex -8.500000e+00 -3.527670e+01 -4.858826e+00
   endloop
 endfacet
 facet normal -5.214352e-01  1.334841e-01  8.427855e-01
   outer loop
     vertex -9.223286e+00 -3.238278e+01 -5.764679e+00
     vertex -9.223286e+00 -3.534585e+01 -5.295375e+00
     vertex -8.500000e+00 -3.231364e+01 -5.328129e+00
   endloop
 endfacet
 facet normal -5.633201e-01  1.292522e-01  8.160664e-01
   outer loop
     vertex -9.923642e+00 -3.245748e+01 -6.236294e+00
     vertex -9.223286e+00 -3.534585e+01 -5.295375e+00
     vertex -9.223286e+00 -3.238278e+01 -5.764679e+00
   endloop
 endfacet
 facet normal -5.633201e-01  1.292522e-01  8.160664e-01
   outer loop
     vertex -9.923642e+00 -3.245748e+01 -6.236294e+00
     vertex -9.923642e+00 -3.542054e+01 -5.766991e+00
     vertex -9.223286e+00 -3.534585e+01 -5.295375e+00
   endloop
 endfacet
 facet normal -6.038044e-01  1.246990e-01  7.873185e-01
   outer loop
     vertex -9.923642e+00 -3.245748e+01 -6.236294e+00
     vertex -1.059933e+01 -3.550061e+01 -6.272501e+00
     vertex -9.923642e+00 -3.542054e+01 -5.766991e+00
   endloop
 endfacet
 facet normal -6.038044e-01  1.246990e-01  7.873185e-01
   outer loop
     vertex -1.059933e+01 -3.253754e+01 -6.741804e+00
     vertex -1.059933e+01 -3.550061e+01 -6.272501e+00
     vertex -9.923642e+00 -3.245748e+01 -6.236294e+00
   endloop
 endfacet
 facet normal -6.427876e-01  1.198358e-01  7.566132e-01
   outer loop
     vertex -1.059933e+01 -3.253754e+01 -6.741804e+00
     vertex -1.124866e+01 -3.558584e+01 -6.810647e+00
     vertex -1.059933e+01 -3.550061e+01 -6.272501e+00
   endloop
 endfacet
 facet normal -6.427876e-01  1.198358e-01  7.566132e-01
   outer loop
     vertex -1.124866e+01 -3.262278e+01 -7.279951e+00
     vertex -1.124866e+01 -3.558584e+01 -6.810647e+00
     vertex -1.059933e+01 -3.253754e+01 -6.741804e+00
   endloop
 endfacet
 facet normal -6.801727e-01  1.146746e-01  7.240268e-01
   outer loop
     vertex -1.124866e+01 -3.262278e+01 -7.279951e+00
     vertex -1.187003e+01 -3.567603e+01 -7.380093e+00
     vertex -1.124866e+01 -3.558584e+01 -6.810647e+00
   endloop
 endfacet
 facet normal -6.801727e-01  1.146746e-01  7.240268e-01
   outer loop
     vertex -1.187003e+01 -3.271297e+01 -7.849397e+00
     vertex -1.187003e+01 -3.567603e+01 -7.380093e+00
     vertex -1.124866e+01 -3.262278e+01 -7.279951e+00
   endloop
 endfacet
 facet normal -7.158668e-01  1.092283e-01  6.896404e-01
   outer loop
     vertex -1.246188e+01 -3.280789e+01 -8.448726e+00
     vertex -1.187003e+01 -3.567603e+01 -7.380093e+00
     vertex -1.187003e+01 -3.271297e+01 -7.849397e+00
   endloop
 endfacet
 facet normal -7.158668e-01  1.092283e-01  6.896404e-01
   outer loop
     vertex -1.246188e+01 -3.280789e+01 -8.448726e+00
     vertex -1.246188e+01 -3.577096e+01 -7.979422e+00
     vertex -1.187003e+01 -3.567603e+01 -7.380093e+00
   endloop
 endfacet
 facet normal -7.497812e-01  1.035105e-01  6.535394e-01
   outer loop
     vertex -1.302276e+01 -3.290731e+01 -9.076448e+00
     vertex -1.246188e+01 -3.577096e+01 -7.979422e+00
     vertex -1.246188e+01 -3.280789e+01 -8.448726e+00
   endloop
 endfacet
 facet normal -7.497812e-01  1.035105e-01  6.535394e-01
   outer loop
     vertex -1.302276e+01 -3.290731e+01 -9.076448e+00
     vertex -1.302276e+01 -3.587038e+01 -8.607145e+00
     vertex -1.246188e+01 -3.577096e+01 -7.979422e+00
   endloop
 endfacet
 facet normal -7.818315e-01  9.753529e-02  6.158136e-01
   outer loop
     vertex -1.355125e+01 -3.301099e+01 -9.731004e+00
     vertex -1.355125e+01 -3.597405e+01 -9.261700e+00
     vertex -1.302276e+01 -3.587038e+01 -8.607145e+00
   endloop
 endfacet
 facet normal -7.818315e-01  9.753529e-02  6.158136e-01
   outer loop
     vertex -1.355125e+01 -3.301099e+01 -9.731004e+00
     vertex -1.302276e+01 -3.587038e+01 -8.607145e+00
     vertex -1.302276e+01 -3.290731e+01 -9.076448e+00
   endloop
 endfacet
 facet normal -8.119380e-01  9.131763e-02  5.765568e-01
   outer loop
     vertex -1.404606e+01 -3.311865e+01 -1.041076e+01
     vertex -1.404606e+01 -3.608171e+01 -9.941461e+00
     vertex -1.355125e+01 -3.597405e+01 -9.261700e+00
   endloop
 endfacet
 facet normal -8.119380e-01  9.131763e-02  5.765568e-01
   outer loop
     vertex -1.404606e+01 -3.311865e+01 -1.041076e+01
     vertex -1.355125e+01 -3.597405e+01 -9.261700e+00
     vertex -1.355125e+01 -3.301099e+01 -9.731004e+00
   endloop
 endfacet
 facet normal -8.400259e-01  8.487293e-02  5.358666e-01
   outer loop
     vertex -1.450594e+01 -3.323004e+01 -1.111404e+01
     vertex -1.450594e+01 -3.619310e+01 -1.064474e+01
     vertex -1.404606e+01 -3.608171e+01 -9.941461e+00
   endloop
 endfacet
 facet normal -8.400259e-01  8.487293e-02  5.358666e-01
   outer loop
     vertex -1.450594e+01 -3.323004e+01 -1.111404e+01
     vertex -1.404606e+01 -3.608171e+01 -9.941461e+00
     vertex -1.404606e+01 -3.311865e+01 -1.041076e+01
   endloop
 endfacet
 facet normal -8.660254e-01  7.821723e-02  4.938442e-01
   outer loop
     vertex -1.492977e+01 -3.334487e+01 -1.183908e+01
     vertex -1.492977e+01 -3.630794e+01 -1.136978e+01
     vertex -1.450594e+01 -3.619310e+01 -1.064474e+01
   endloop
 endfacet
 facet normal -8.660254e-01  7.821723e-02  4.938442e-01
   outer loop
     vertex -1.492977e+01 -3.334487e+01 -1.183908e+01
     vertex -1.450594e+01 -3.619310e+01 -1.064474e+01
     vertex -1.450594e+01 -3.323004e+01 -1.111404e+01
   endloop
 endfacet
 facet normal -8.898718e-01  7.136707e-02  4.505939e-01
   outer loop
     vertex -1.531647e+01 -3.346287e+01 -1.258409e+01
     vertex -1.531647e+01 -3.642594e+01 -1.211479e+01
     vertex -1.492977e+01 -3.630794e+01 -1.136978e+01
   endloop
 endfacet
 facet normal -8.898718e-01  7.136707e-02  4.505939e-01
   outer loop
     vertex -1.531647e+01 -3.346287e+01 -1.258409e+01
     vertex -1.492977e+01 -3.630794e+01 -1.136978e+01
     vertex -1.492977e+01 -3.334487e+01 -1.183908e+01
   endloop
 endfacet
 facet normal -9.115059e-01  6.433948e-02  4.062235e-01
   outer loop
     vertex -1.566510e+01 -3.358374e+01 -1.334721e+01
     vertex -1.566510e+01 -3.654680e+01 -1.287791e+01
     vertex -1.531647e+01 -3.642594e+01 -1.211479e+01
   endloop
 endfacet
 facet normal -9.115059e-01  6.433948e-02  4.062235e-01
   outer loop
     vertex -1.566510e+01 -3.358374e+01 -1.334721e+01
     vertex -1.531647e+01 -3.642594e+01 -1.211479e+01
     vertex -1.531647e+01 -3.346287e+01 -1.258409e+01
   endloop
 endfacet
 facet normal -9.308737e-01  5.715193e-02  3.608431e-01
   outer loop
     vertex -1.597477e+01 -3.370717e+01 -1.412655e+01
     vertex -1.597477e+01 -3.667024e+01 -1.365724e+01
     vertex -1.566510e+01 -3.654680e+01 -1.287791e+01
   endloop
 endfacet
 facet normal -9.479273e-01  4.982229e-02  3.145656e-01
   outer loop
     vertex -1.597477e+01 -3.370717e+01 -1.412655e+01
     vertex -1.624474e+01 -3.679593e+01 -1.445085e+01
     vertex -1.597477e+01 -3.667024e+01 -1.365724e+01
   endloop
 endfacet
 facet normal -9.308737e-01  5.715193e-02  3.608431e-01
   outer loop
     vertex -1.597477e+01 -3.370717e+01 -1.412655e+01
     vertex -1.566510e+01 -3.654680e+01 -1.287791e+01
     vertex -1.566510e+01 -3.358374e+01 -1.334721e+01
   endloop
 endfacet
 facet normal -9.479273e-01  4.982229e-02  3.145656e-01
   outer loop
     vertex -1.624474e+01 -3.383287e+01 -1.492016e+01
     vertex -1.624474e+01 -3.679593e+01 -1.445085e+01
     vertex -1.597477e+01 -3.370717e+01 -1.412655e+01
   endloop
 endfacet
 facet normal -9.626242e-01  4.236878e-02  2.675060e-01
   outer loop
     vertex -1.624474e+01 -3.383287e+01 -1.492016e+01
     vertex -1.647431e+01 -3.692358e+01 -1.525677e+01
     vertex -1.624474e+01 -3.679593e+01 -1.445085e+01
   endloop
 endfacet
 facet normal -9.626242e-01  4.236878e-02  2.675060e-01
   outer loop
     vertex -1.647431e+01 -3.396051e+01 -1.572607e+01
     vertex -1.647431e+01 -3.692358e+01 -1.525677e+01
     vertex -1.624474e+01 -3.383287e+01 -1.492016e+01
   endloop
 endfacet
 facet normal -9.749279e-01  3.480994e-02  2.197813e-01
   outer loop
     vertex -1.666293e+01 -3.408979e+01 -1.654229e+01
     vertex -1.666293e+01 -3.705285e+01 -1.607299e+01
     vertex -1.647431e+01 -3.692358e+01 -1.525677e+01
   endloop
 endfacet
 facet normal -9.848078e-01  2.716456e-02  1.715103e-01
   outer loop
     vertex -1.666293e+01 -3.408979e+01 -1.654229e+01
     vertex -1.681012e+01 -3.718344e+01 -1.689748e+01
     vertex -1.666293e+01 -3.705285e+01 -1.607299e+01
   endloop
 endfacet
 facet normal -9.749279e-01  3.480994e-02  2.197813e-01
   outer loop
     vertex -1.666293e+01 -3.408979e+01 -1.654229e+01
     vertex -1.647431e+01 -3.692358e+01 -1.525677e+01
     vertex -1.647431e+01 -3.396051e+01 -1.572607e+01
   endloop
 endfacet
 facet normal -9.922392e-01  1.945164e-02  1.228128e-01
   outer loop
     vertex -1.681012e+01 -3.422037e+01 -1.736678e+01
     vertex -1.691552e+01 -3.731501e+01 -1.772819e+01
     vertex -1.681012e+01 -3.718344e+01 -1.689748e+01
   endloop
 endfacet
 facet normal -9.848078e-01  2.716456e-02  1.715103e-01
   outer loop
     vertex -1.681012e+01 -3.422037e+01 -1.736678e+01
     vertex -1.681012e+01 -3.718344e+01 -1.689748e+01
     vertex -1.666293e+01 -3.408979e+01 -1.654229e+01
   endloop
 endfacet
 facet normal -9.922392e-01  1.945164e-02  1.228128e-01
   outer loop
     vertex -1.691552e+01 -3.435195e+01 -1.819749e+01
     vertex -1.691552e+01 -3.731501e+01 -1.772819e+01
     vertex -1.681012e+01 -3.422037e+01 -1.736678e+01
   endloop
 endfacet
 facet normal -9.972038e-01  1.169036e-02  7.381004e-02
   outer loop
     vertex -1.697887e+01 -3.448418e+01 -1.903236e+01
     vertex -1.691552e+01 -3.731501e+01 -1.772819e+01
     vertex -1.691552e+01 -3.435195e+01 -1.819749e+01
   endloop
 endfacet
 facet normal -9.972038e-01  1.169036e-02  7.381004e-02
   outer loop
     vertex -1.697887e+01 -3.448418e+01 -1.903236e+01
     vertex -1.697887e+01 -3.744724e+01 -1.856305e+01
     vertex -1.691552e+01 -3.731501e+01 -1.772819e+01
   endloop
 endfacet
 facet normal -9.996892e-01  3.900019e-03  2.462375e-02
   outer loop
     vertex -1.700000e+01 -3.461673e+01 -1.986930e+01
     vertex -1.697887e+01 -3.744724e+01 -1.856305e+01
     vertex -1.697887e+01 -3.448418e+01 -1.903236e+01
   endloop
 endfacet
 facet normal -9.996892e-01  3.900019e-03  2.462375e-02
   outer loop
     vertex -1.700000e+01 -3.461673e+01 -1.986930e+01
     vertex -1.700000e+01 -3.757980e+01 -1.940000e+01
     vertex -1.697887e+01 -3.744724e+01 -1.856305e+01
   endloop
 endfacet
 facet normal -9.996892e-01 -3.900019e-03 -2.462375e-02
   outer loop
     vertex -1.697887e+01 -3.474929e+01 -2.070625e+01
     vertex -1.700000e+01 -3.757980e+01 -1.940000e+01
     vertex -1.700000e+01 -3.461673e+01 -1.986930e+01
   endloop
 endfacet
 facet normal -9.996892e-01 -3.900019e-03 -2.462375e-02
   outer loop
     vertex -1.697887e+01 -3.474929e+01 -2.070625e+01
     vertex -1.697887e+01 -3.771236e+01 -2.023695e+01
     vertex -1.700000e+01 -3.757980e+01 -1.940000e+01
   endloop
 endfacet
 facet normal -9.972038e-01 -1.169036e-02 -7.381004e-02
   outer loop
     vertex -1.691552e+01 -3.488152e+01 -2.154112e+01
     vertex -1.697887e+01 -3.771236e+01 -2.023695e+01
     vertex -1.697887e+01 -3.474929e+01 -2.070625e+01
   endloop
 endfacet
 facet normal -9.972038e-01 -1.169036e-02 -7.381004e-02
   outer loop
     vertex -1.691552e+01 -3.488152e+01 -2.154112e+01
     vertex -1.691552e+01 -3.784459e+01 -2.107181e+01
     vertex -1.697887e+01 -3.771236e+01 -2.023695e+01
   endloop
 endfacet
 facet normal -9.922392e-01 -1.945164e-02 -1.228128e-01
   outer loop
     vertex -1.681012e+01 -3.501310e+01 -2.237183e+01
     vertex -1.691552e+01 -3.784459e+01 -2.107181e+01
     vertex -1.691552e+01 -3.488152e+01 -2.154112e+01
   endloop
 endfacet
 facet normal -9.922392e-01 -1.945164e-02 -1.228128e-01
   outer loop
     vertex -1.681012e+01 -3.501310e+01 -2.237183e+01
     vertex -1.681012e+01 -3.797616e+01 -2.190252e+01
     vertex -1.691552e+01 -3.784459e+01 -2.107181e+01
   endloop
 endfacet
 facet normal -9.848078e-01 -2.716456e-02 -1.715103e-01
   outer loop
     vertex -1.666293e+01 -3.514368e+01 -2.319632e+01
     vertex -1.681012e+01 -3.797616e+01 -2.190252e+01
     vertex -1.681012e+01 -3.501310e+01 -2.237183e+01
   endloop
 endfacet
 facet normal -9.848078e-01 -2.716456e-02 -1.715103e-01
   outer loop
     vertex -1.666293e+01 -3.514368e+01 -2.319632e+01
     vertex -1.666293e+01 -3.810675e+01 -2.272701e+01
     vertex -1.681012e+01 -3.797616e+01 -2.190252e+01
   endloop
 endfacet
 facet normal -9.749279e-01 -3.480994e-02 -2.197813e-01
   outer loop
     vertex -1.647431e+01 -3.527296e+01 -2.401253e+01
     vertex -1.666293e+01 -3.810675e+01 -2.272701e+01
     vertex -1.666293e+01 -3.514368e+01 -2.319632e+01
   endloop
 endfacet
 facet normal -9.749279e-01 -3.480994e-02 -2.197813e-01
   outer loop
     vertex -1.647431e+01 -3.527296e+01 -2.401253e+01
     vertex -1.647431e+01 -3.823602e+01 -2.354323e+01
     vertex -1.666293e+01 -3.810675e+01 -2.272701e+01
   endloop
 endfacet
 facet normal -9.626242e-01 -4.236878e-02 -2.675060e-01
   outer loop
     vertex -1.624474e+01 -3.540060e+01 -2.481845e+01
     vertex -1.647431e+01 -3.823602e+01 -2.354323e+01
     vertex -1.647431e+01 -3.527296e+01 -2.401253e+01
   endloop
 endfacet
 facet normal -9.626242e-01 -4.236878e-02 -2.675060e-01
   outer loop
     vertex -1.624474e+01 -3.540060e+01 -2.481845e+01
     vertex -1.624474e+01 -3.836367e+01 -2.434915e+01
     vertex -1.647431e+01 -3.823602e+01 -2.354323e+01
   endloop
 endfacet
 facet normal -9.479273e-01 -4.982229e-02 -3.145656e-01
   outer loop
     vertex -1.597477e+01 -3.552630e+01 -2.561206e+01
     vertex -1.624474e+01 -3.836367e+01 -2.434915e+01
     vertex -1.624474e+01 -3.540060e+01 -2.481845e+01
   endloop
 endfacet
 facet normal -9.479273e-01 -4.982229e-02 -3.145656e-01
   outer loop
     vertex -1.597477e+01 -3.552630e+01 -2.561206e+01
     vertex -1.597477e+01 -3.848936e+01 -2.514276e+01
     vertex -1.624474e+01 -3.836367e+01 -2.434915e+01
   endloop
 endfacet
 facet normal -9.308737e-01 -5.715193e-02 -3.608431e-01
   outer loop
     vertex -1.566510e+01 -3.564973e+01 -2.639140e+01
     vertex -1.597477e+01 -3.848936e+01 -2.514276e+01
     vertex -1.597477e+01 -3.552630e+01 -2.561206e+01
   endloop
 endfacet
 facet normal -9.308737e-01 -5.715193e-02 -3.608431e-01
   outer loop
     vertex -1.566510e+01 -3.564973e+01 -2.639140e+01
     vertex -1.566510e+01 -3.861280e+01 -2.592209e+01
     vertex -1.597477e+01 -3.848936e+01 -2.514276e+01
   endloop
 endfacet
 facet normal -9.115059e-01 -6.433948e-02 -4.062235e-01
   outer loop
     vertex -1.531647e+01 -3.577060e+01 -2.715452e+01
     vertex -1.566510e+01 -3.861280e+01 -2.592209e+01
     vertex -1.566510e+01 -3.564973e+01 -2.639140e+01
   endloop
 endfacet
 facet normal -9.115059e-01 -6.433948e-02 -4.062235e-01
   outer loop
     vertex -1.531647e+01 -3.577060e+01 -2.715452e+01
     vertex -1.531647e+01 -3.873366e+01 -2.668521e+01
     vertex -1.566510e+01 -3.861280e+01 -2.592209e+01
   endloop
 endfacet
 facet normal -8.898718e-01 -7.136707e-02 -4.505939e-01
   outer loop
     vertex -1.492977e+01 -3.588860e+01 -2.789952e+01
     vertex -1.531647e+01 -3.873366e+01 -2.668521e+01
     vertex -1.531647e+01 -3.577060e+01 -2.715452e+01
   endloop
 endfacet
 facet normal -8.898718e-01 -7.136707e-02 -4.505939e-01
   outer loop
     vertex -1.492977e+01 -3.588860e+01 -2.789952e+01
     vertex -1.492977e+01 -3.885166e+01 -2.743022e+01
     vertex -1.531647e+01 -3.873366e+01 -2.668521e+01
   endloop
 endfacet
 facet normal -8.660254e-01 -7.821723e-02 -4.938442e-01
   outer loop
     vertex -1.450594e+01 -3.600343e+01 -2.862457e+01
     vertex -1.492977e+01 -3.885166e+01 -2.743022e+01
     vertex -1.492977e+01 -3.588860e+01 -2.789952e+01
   endloop
 endfacet
 facet normal -8.660254e-01 -7.821723e-02 -4.938442e-01
   outer loop
     vertex -1.450594e+01 -3.600343e+01 -2.862457e+01
     vertex -1.450594e+01 -3.896650e+01 -2.815526e+01
     vertex -1.492977e+01 -3.885166e+01 -2.743022e+01
   endloop
 endfacet
 facet normal -8.400259e-01 -8.487293e-02 -5.358666e-01
   outer loop
     vertex -1.404606e+01 -3.611482e+01 -2.932784e+01
     vertex -1.450594e+01 -3.896650e+01 -2.815526e+01
     vertex -1.450594e+01 -3.600343e+01 -2.862457e+01
   endloop
 endfacet
 facet normal -8.400259e-01 -8.487293e-02 -5.358666e-01
   outer loop
     vertex -1.404606e+01 -3.611482e+01 -2.932784e+01
     vertex -1.404606e+01 -3.907789e+01 -2.885854e+01
     vertex -1.450594e+01 -3.896650e+01 -2.815526e+01
   endloop
 endfacet
 facet normal -8.119380e-01 -9.131763e-02 -5.765568e-01
   outer loop
     vertex -1.355125e+01 -3.622248e+01 -3.000760e+01
     vertex -1.404606e+01 -3.907789e+01 -2.885854e+01
     vertex -1.404606e+01 -3.611482e+01 -2.932784e+01
   endloop
 endfacet
 facet normal -8.119380e-01 -9.131763e-02 -5.765568e-01
   outer loop
     vertex -1.355125e+01 -3.622248e+01 -3.000760e+01
     vertex -1.355125e+01 -3.918555e+01 -2.953830e+01
     vertex -1.404606e+01 -3.907789e+01 -2.885854e+01
   endloop
 endfacet
 facet normal -7.818315e-01 -9.753529e-02 -6.158136e-01
   outer loop
     vertex -1.302276e+01 -3.632616e+01 -3.066216e+01
     vertex -1.355125e+01 -3.918555e+01 -2.953830e+01
     vertex -1.355125e+01 -3.622248e+01 -3.000760e+01
   endloop
 endfacet
 facet normal -7.818315e-01 -9.753529e-02 -6.158136e-01
   outer loop
     vertex -1.302276e+01 -3.632616e+01 -3.066216e+01
     vertex -1.302276e+01 -3.928922e+01 -3.019286e+01
     vertex -1.355125e+01 -3.918555e+01 -2.953830e+01
   endloop
 endfacet
 facet normal -7.497812e-01 -1.035105e-01 -6.535394e-01
   outer loop
     vertex -1.246188e+01 -3.642558e+01 -3.128988e+01
     vertex -1.302276e+01 -3.928922e+01 -3.019286e+01
     vertex -1.302276e+01 -3.632616e+01 -3.066216e+01
   endloop
 endfacet
 facet normal -7.497812e-01 -1.035105e-01 -6.535394e-01
   outer loop
     vertex -1.246188e+01 -3.642558e+01 -3.128988e+01
     vertex -1.246188e+01 -3.938864e+01 -3.082058e+01
     vertex -1.302276e+01 -3.928922e+01 -3.019286e+01
   endloop
 endfacet
 facet normal -7.158668e-01 -1.092283e-01 -6.896404e-01
   outer loop
     vertex -1.187003e+01 -3.652050e+01 -3.188921e+01
     vertex -1.246188e+01 -3.938864e+01 -3.082058e+01
     vertex -1.246188e+01 -3.642558e+01 -3.128988e+01
   endloop
 endfacet
 facet normal -7.158668e-01 -1.092283e-01 -6.896404e-01
   outer loop
     vertex -1.187003e+01 -3.652050e+01 -3.188921e+01
     vertex -1.187003e+01 -3.948357e+01 -3.141991e+01
     vertex -1.246188e+01 -3.938864e+01 -3.082058e+01
   endloop
 endfacet
 facet normal -6.801727e-01 -1.146746e-01 -7.240268e-01
   outer loop
     vertex -1.124866e+01 -3.661069e+01 -3.245866e+01
     vertex -1.187003e+01 -3.948357e+01 -3.141991e+01
     vertex -1.187003e+01 -3.652050e+01 -3.188921e+01
   endloop
 endfacet
 facet normal -6.801727e-01 -1.146746e-01 -7.240268e-01
   outer loop
     vertex -1.124866e+01 -3.661069e+01 -3.245866e+01
     vertex -1.124866e+01 -3.957376e+01 -3.198935e+01
     vertex -1.187003e+01 -3.948357e+01 -3.141991e+01
   endloop
 endfacet
 facet normal -6.427876e-01 -1.198358e-01 -7.566132e-01
   outer loop
     vertex -1.059933e+01 -3.669593e+01 -3.299680e+01
     vertex -1.124866e+01 -3.957376e+01 -3.198935e+01
     vertex -1.124866e+01 -3.661069e+01 -3.245866e+01
   endloop
 endfacet
 facet normal -6.427876e-01 -1.198358e-01 -7.566132e-01
   outer loop
     vertex -1.059933e+01 -3.669593e+01 -3.299680e+01
     vertex -1.059933e+01 -3.965899e+01 -3.252750e+01
     vertex -1.124866e+01 -3.957376e+01 -3.198935e+01
   endloop
 endfacet
 facet normal -6.038044e-01 -1.246990e-01 -7.873185e-01
   outer loop
     vertex -1.059933e+01 -3.669593e+01 -3.299680e+01
     vertex -9.923642e+00 -3.973906e+01 -3.303301e+01
     vertex -1.059933e+01 -3.965899e+01 -3.252750e+01
   endloop
 endfacet
 facet normal -6.038044e-01 -1.246990e-01 -7.873185e-01
   outer loop
     vertex -9.923642e+00 -3.677599e+01 -3.350231e+01
     vertex -9.923642e+00 -3.973906e+01 -3.303301e+01
     vertex -1.059933e+01 -3.669593e+01 -3.299680e+01
   endloop
 endfacet
 facet normal -5.633201e-01 -1.292522e-01 -8.160664e-01
   outer loop
     vertex -9.223286e+00 -3.685069e+01 -3.397393e+01
     vertex -9.223286e+00 -3.981375e+01 -3.350462e+01
     vertex -9.923642e+00 -3.973906e+01 -3.303301e+01
   endloop
 endfacet
 facet normal -5.633201e-01 -1.292522e-01 -8.160664e-01
   outer loop
     vertex -9.223286e+00 -3.685069e+01 -3.397393e+01
     vertex -9.923642e+00 -3.973906e+01 -3.303301e+01
     vertex -9.923642e+00 -3.677599e+01 -3.350231e+01
   endloop
 endfacet
 facet normal -5.214352e-01 -1.334841e-01 -8.427855e-01
   outer loop
     vertex -8.500000e+00 -3.691983e+01 -3.441048e+01
     vertex -8.500000e+00 -3.988290e+01 -3.394117e+01
     vertex -9.223286e+00 -3.981375e+01 -3.350462e+01
   endloop
 endfacet
 facet normal -4.782540e-01 -1.373841e-01 -8.674092e-01
   outer loop
     vertex -8.500000e+00 -3.691983e+01 -3.441048e+01
     vertex -7.755581e+00 -3.994631e+01 -3.434157e+01
     vertex -8.500000e+00 -3.988290e+01 -3.394117e+01
   endloop
 endfacet
 facet normal -5.214352e-01 -1.334841e-01 -8.427855e-01
   outer loop
     vertex -8.500000e+00 -3.691983e+01 -3.441048e+01
     vertex -9.223286e+00 -3.981375e+01 -3.350462e+01
     vertex -9.223286e+00 -3.685069e+01 -3.397393e+01
   endloop
 endfacet
 facet normal -4.338837e-01 -1.409426e-01 -8.898764e-01
   outer loop
     vertex -7.755581e+00 -3.698325e+01 -3.481088e+01
     vertex -6.991881e+00 -4.000385e+01 -3.470482e+01
     vertex -7.755581e+00 -3.994631e+01 -3.434157e+01
   endloop
 endfacet
 facet normal -4.782540e-01 -1.373841e-01 -8.674092e-01
   outer loop
     vertex -7.755581e+00 -3.698325e+01 -3.481088e+01
     vertex -7.755581e+00 -3.994631e+01 -3.434157e+01
     vertex -8.500000e+00 -3.691983e+01 -3.441048e+01
   endloop
 endfacet
 facet normal -4.338837e-01 -1.409426e-01 -8.898764e-01
   outer loop
     vertex -6.991881e+00 -3.704078e+01 -3.517413e+01
     vertex -6.991881e+00 -4.000385e+01 -3.470482e+01
     vertex -7.755581e+00 -3.698325e+01 -3.481088e+01
   endloop
 endfacet
 facet normal -3.884348e-01 -1.441506e-01 -9.101313e-01
   outer loop
     vertex -6.210797e+00 -3.709229e+01 -3.549933e+01
     vertex -6.210797e+00 -4.005535e+01 -3.503002e+01
     vertex -6.991881e+00 -4.000385e+01 -3.470482e+01
   endloop
 endfacet
 facet normal -3.884348e-01 -1.441506e-01 -9.101313e-01
   outer loop
     vertex -6.210797e+00 -3.709229e+01 -3.549933e+01
     vertex -6.991881e+00 -4.000385e+01 -3.470482e+01
     vertex -6.991881e+00 -3.704078e+01 -3.517413e+01
   endloop
 endfacet
 facet normal -3.420201e-01 -1.470003e-01 -9.281234e-01
   outer loop
     vertex -5.414273e+00 -3.713764e+01 -3.578567e+01
     vertex -6.210797e+00 -4.005535e+01 -3.503002e+01
     vertex -6.210797e+00 -3.709229e+01 -3.549933e+01
   endloop
 endfacet
 facet normal -3.420201e-01 -1.470003e-01 -9.281234e-01
   outer loop
     vertex -5.414273e+00 -3.713764e+01 -3.578567e+01
     vertex -5.414273e+00 -4.010070e+01 -3.531637e+01
     vertex -6.210797e+00 -4.005535e+01 -3.503002e+01
   endloop
 endfacet
 facet normal -2.947552e-01 -1.494845e-01 -9.438081e-01
   outer loop
     vertex -4.604288e+00 -3.717672e+01 -3.603244e+01
     vertex -5.414273e+00 -4.010070e+01 -3.531637e+01
     vertex -5.414273e+00 -3.713764e+01 -3.578567e+01
   endloop
 endfacet
 facet normal -2.947552e-01 -1.494845e-01 -9.438081e-01
   outer loop
     vertex -4.604288e+00 -3.717672e+01 -3.603244e+01
     vertex -4.604288e+00 -4.013979e+01 -3.556314e+01
     vertex -5.414273e+00 -4.010070e+01 -3.531637e+01
   endloop
 endfacet
 facet normal -2.467574e-01 -1.515971e-01 -9.571463e-01
   outer loop
     vertex -3.782856e+00 -3.720944e+01 -3.623903e+01
     vertex -4.604288e+00 -4.013979e+01 -3.556314e+01
     vertex -4.604288e+00 -3.717672e+01 -3.603244e+01
   endloop
 endfacet
 facet normal -2.467574e-01 -1.515971e-01 -9.571463e-01
   outer loop
     vertex -3.782856e+00 -3.720944e+01 -3.623903e+01
     vertex -3.782856e+00 -4.017251e+01 -3.576972e+01
     vertex -4.604288e+00 -4.013979e+01 -3.556314e+01
   endloop
 endfacet
 facet normal -1.981461e-01 -1.533328e-01 -9.681049e-01
   outer loop
     vertex -2.952019e+00 -3.723572e+01 -3.640492e+01
     vertex -3.782856e+00 -4.017251e+01 -3.576972e+01
     vertex -3.782856e+00 -3.720944e+01 -3.623903e+01
   endloop
 endfacet
 facet normal -1.981461e-01 -1.533328e-01 -9.681049e-01
   outer loop
     vertex -2.952019e+00 -3.723572e+01 -3.640492e+01
     vertex -2.952019e+00 -4.019878e+01 -3.593561e+01
     vertex -3.782856e+00 -4.017251e+01 -3.576972e+01
   endloop
 endfacet
 facet normal -1.490423e-01 -1.546872e-01 -9.766567e-01
   outer loop
     vertex -2.113843e+00 -3.725548e+01 -3.652970e+01
     vertex -2.952019e+00 -4.019878e+01 -3.593561e+01
     vertex -2.952019e+00 -3.723572e+01 -3.640492e+01
   endloop
 endfacet
 facet normal -1.490423e-01 -1.546872e-01 -9.766567e-01
   outer loop
     vertex -2.113843e+00 -3.725548e+01 -3.652970e+01
     vertex -2.113843e+00 -4.021855e+01 -3.606039e+01
     vertex -2.952019e+00 -4.019878e+01 -3.593561e+01
   endloop
 endfacet
 facet normal -9.956785e-02 -1.556571e-01 -9.827803e-01
   outer loop
     vertex -2.113843e+00 -3.725548e+01 -3.652970e+01
     vertex -1.270412e+00 -4.023175e+01 -3.614375e+01
     vertex -2.113843e+00 -4.021855e+01 -3.606039e+01
   endloop
 endfacet
 facet normal -9.956785e-02 -1.556571e-01 -9.827803e-01
   outer loop
     vertex -1.270412e+00 -3.726868e+01 -3.661305e+01
     vertex -1.270412e+00 -4.023175e+01 -3.614375e+01
     vertex -2.113843e+00 -3.725548e+01 -3.652970e+01
   endloop
 endfacet
 facet normal -4.984589e-02 -1.562400e-01 -9.864606e-01
   outer loop
     vertex -1.270412e+00 -3.726868e+01 -3.661305e+01
     vertex -4.238218e-01 -4.023836e+01 -3.618548e+01
     vertex -1.270412e+00 -4.023175e+01 -3.614375e+01
   endloop
 endfacet
 facet normal -4.984589e-02 -1.562400e-01 -9.864606e-01
   outer loop
     vertex -4.238218e-01 -3.727529e+01 -3.665479e+01
     vertex -4.238218e-01 -4.023836e+01 -3.618548e+01
     vertex -1.270412e+00 -3.726868e+01 -3.661305e+01
   endloop
 endfacet
 facet normal  1.655872e-14 -1.564345e-01 -9.876883e-01
   outer loop
     vertex  4.238218e-01 -3.727529e+01 -3.665479e+01
     vertex -4.238218e-01 -4.023836e+01 -3.618548e+01
     vertex -4.238218e-01 -3.727529e+01 -3.665479e+01
   endloop
 endfacet
 facet normal  1.657199e-14 -1.564345e-01 -9.876883e-01
   outer loop
     vertex  4.238218e-01 -3.727529e+01 -3.665479e+01
     vertex  4.238218e-01 -4.023836e+01 -3.618548e+01
     vertex -4.238218e-01 -4.023836e+01 -3.618548e+01
   endloop
 endfacet
 facet normal  4.984589e-02 -1.562400e-01 -9.864606e-01
   outer loop
     vertex  1.270412e+00 -3.726868e+01 -3.661305e+01
     vertex  4.238218e-01 -4.023836e+01 -3.618548e+01
     vertex  4.238218e-01 -3.727529e+01 -3.665479e+01
   endloop
 endfacet
 facet normal  4.984589e-02 -1.562400e-01 -9.864606e-01
   outer loop
     vertex  1.270412e+00 -3.726868e+01 -3.661305e+01
     vertex  1.270412e+00 -4.023175e+01 -3.614375e+01
     vertex  4.238218e-01 -4.023836e+01 -3.618548e+01
   endloop
 endfacet
 facet normal  9.956785e-02 -1.556571e-01 -9.827803e-01
   outer loop
     vertex  2.113843e+00 -3.725548e+01 -3.652970e+01
     vertex  1.270412e+00 -4.023175e+01 -3.614375e+01
     vertex  1.270412e+00 -3.726868e+01 -3.661305e+01
   endloop
 endfacet
 facet normal  9.956785e-02 -1.556571e-01 -9.827803e-01
   outer loop
     vertex  2.113843e+00 -3.725548e+01 -3.652970e+01
     vertex  2.113843e+00 -4.021855e+01 -3.606039e+01
     vertex  1.270412e+00 -4.023175e+01 -3.614375e+01
   endloop
 endfacet
 facet normal  1.490423e-01 -1.546872e-01 -9.766567e-01
   outer loop
     vertex  2.952019e+00 -3.723572e+01 -3.640492e+01
     vertex  2.113843e+00 -4.021855e+01 -3.606039e+01
     vertex  2.113843e+00 -3.725548e+01 -3.652970e+01
   endloop
 endfacet
 facet normal  1.490423e-01 -1.546872e-01 -9.766567e-01
   outer loop
     vertex  2.952019e+00 -3.723572e+01 -3.640492e+01
     vertex  2.952019e+00 -4.019878e+01 -3.593561e+01
     vertex  2.113843e+00 -4.021855e+01 -3.606039e+01
   endloop
 endfacet
 facet normal  1.981461e-01 -1.533328e-01 -9.681049e-01
   outer loop
     vertex  2.952019e+00 -3.723572e+01 -3.640492e+01
     vertex  3.782856e+00 -4.017251e+01 -3.576972e+01
     vertex  2.952019e+00 -4.019878e+01 -3.593561e+01
   endloop
 endfacet
 facet normal  1.981461e-01 -1.533328e-01 -9.681049e-01
   outer loop
     vertex  3.782856e+00 -3.720944e+01 -3.623903e+01
     vertex  3.782856e+00 -4.017251e+01 -3.576972e+01
     vertex  2.952019e+00 -3.723572e+01 -3.640492e+01
   endloop
 endfacet
 facet normal  2.467574e-01 -1.515971e-01 -9.571463e-01
   outer loop
     vertex  4.604288e+00 -3.717672e+01 -3.603244e+01
     vertex  4.604288e+00 -4.013979e+01 -3.556314e+01
     vertex  3.782856e+00 -4.017251e+01 -3.576972e+01
   endloop
 endfacet
 facet normal  2.467574e-01 -1.515971e-01 -9.571463e-01
   outer loop
     vertex  4.604288e+00 -3.717672e+01 -3.603244e+01
     vertex  3.782856e+00 -4.017251e+01 -3.576972e+01
     vertex  3.782856e+00 -3.720944e+01 -3.623903e+01
   endloop
 endfacet
 facet normal  2.947552e-01 -1.494845e-01 -9.438081e-01
   outer loop
     vertex  5.414273e+00 -3.713764e+01 -3.578567e+01
     vertex  5.414273e+00 -4.010070e+01 -3.531637e+01
     vertex  4.604288e+00 -4.013979e+01 -3.556314e+01
   endloop
 endfacet
 facet normal  2.947552e-01 -1.494845e-01 -9.438081e-01
   outer loop
     vertex  5.414273e+00 -3.713764e+01 -3.578567e+01
     vertex  4.604288e+00 -4.013979e+01 -3.556314e+01
     vertex  4.604288e+00 -3.717672e+01 -3.603244e+01
   endloop
 endfacet
 facet normal  3.420201e-01 -1.470003e-01 -9.281234e-01
   outer loop
     vertex  6.210797e+00 -3.709229e+01 -3.549933e+01
     vertex  6.210797e+00 -4.005535e+01 -3.503002e+01
     vertex  5.414273e+00 -4.010070e+01 -3.531637e+01
   endloop
 endfacet
 facet normal  3.420201e-01 -1.470003e-01 -9.281234e-01
   outer loop
     vertex  6.210797e+00 -3.709229e+01 -3.549933e+01
     vertex  5.414273e+00 -4.010070e+01 -3.531637e+01
     vertex  5.414273e+00 -3.713764e+01 -3.578567e+01
   endloop
 endfacet
 facet normal  3.884348e-01 -1.441506e-01 -9.101313e-01
   outer loop
     vertex  6.991881e+00 -3.704078e+01 -3.517413e+01
     vertex  6.991881e+00 -4.000385e+01 -3.470482e+01
     vertex  6.210797e+00 -4.005535e+01 -3.503002e+01
   endloop
 endfacet
 facet normal  3.884348e-01 -1.441506e-01 -9.101313e-01
   outer loop
     vertex  6.991881e+00 -3.704078e+01 -3.517413e+01
     vertex  6.210797e+00 -4.005535e+01 -3.503002e+01
     vertex  6.210797e+00 -3.709229e+01 -3.549933e+01
   endloop
 endfacet
 facet normal  4.338837e-01 -1.409426e-01 -8.898764e-01
   outer loop
     vertex  7.755581e+00 -3.698325e+01 -3.481088e+01
     vertex  7.755581e+00 -3.994631e+01 -3.434157e+01
     vertex  6.991881e+00 -4.000385e+01 -3.470482e+01
   endloop
 endfacet
 facet normal  4.338837e-01 -1.409426e-01 -8.898764e-01
   outer loop
     vertex  7.755581e+00 -3.698325e+01 -3.481088e+01
     vertex  6.991881e+00 -4.000385e+01 -3.470482e+01
     vertex  6.991881e+00 -3.704078e+01 -3.517413e+01
   endloop
 endfacet
 facet normal  4.782540e-01 -1.373841e-01 -8.674092e-01
   outer loop
     vertex  8.500000e+00 -3.691983e+01 -3.441048e+01
     vertex  8.500000e+00 -3.988290e+01 -3.394117e+01
     vertex  7.755581e+00 -3.994631e+01 -3.434157e+01
   endloop
 endfacet
 facet normal  4.782540e-01 -1.373841e-01 -8.674092e-01
   outer loop
     vertex  8.500000e+00 -3.691983e+01 -3.441048e+01
     vertex  7.755581e+00 -3.994631e+01 -3.434157e+01
     vertex  7.755581e+00 -3.698325e+01 -3.481088e+01
   endloop
 endfacet
 facet normal  5.214352e-01 -1.334841e-01 -8.427855e-01
   outer loop
     vertex  9.223286e+00 -3.685069e+01 -3.397393e+01
     vertex  9.223286e+00 -3.981375e+01 -3.350462e+01
     vertex  8.500000e+00 -3.988290e+01 -3.394117e+01
   endloop
 endfacet
 facet normal  5.214352e-01 -1.334841e-01 -8.427855e-01
   outer loop
     vertex  9.223286e+00 -3.685069e+01 -3.397393e+01
     vertex  8.500000e+00 -3.988290e+01 -3.394117e+01
     vertex  8.500000e+00 -3.691983e+01 -3.441048e+01
   endloop
 endfacet
 facet normal  5.633201e-01 -1.292522e-01 -8.160664e-01
   outer loop
     vertex  9.923642e+00 -3.677599e+01 -3.350231e+01
     vertex  9.923642e+00 -3.973906e+01 -3.303301e+01
     vertex  9.223286e+00 -3.981375e+01 -3.350462e+01
   endloop
 endfacet
 facet normal  6.038044e-01 -1.246990e-01 -7.873185e-01
   outer loop
     vertex  9.923642e+00 -3.677599e+01 -3.350231e+01
     vertex  1.059933e+01 -3.965899e+01 -3.252750e+01
     vertex  9.923642e+00 -3.973906e+01 -3.303301e+01
   endloop
 endfacet
 facet normal  5.633201e-01 -1.292522e-01 -8.160664e-01
   outer loop
     vertex  9.923642e+00 -3.677599e+01 -3.350231e+01
     vertex  9.223286e+00 -3.981375e+01 -3.350462e+01
     vertex  9.223286e+00 -3.685069e+01 -3.397393e+01
   endloop
 endfacet
 facet normal  6.038044e-01 -1.246990e-01 -7.873185e-01
   outer loop
     vertex  1.059933e+01 -3.669593e+01 -3.299680e+01
     vertex  1.059933e+01 -3.965899e+01 -3.252750e+01
     vertex  9.923642e+00 -3.677599e+01 -3.350231e+01
   endloop
 endfacet
 facet normal  6.427876e-01 -1.198358e-01 -7.566132e-01
   outer loop
     vertex  1.124866e+01 -3.661069e+01 -3.245866e+01
     vertex  1.124866e+01 -3.957376e+01 -3.198935e+01
     vertex  1.059933e+01 -3.965899e+01 -3.252750e+01
   endloop
 endfacet
 facet normal  6.801727e-01 -1.146746e-01 -7.240268e-01
   outer loop
     vertex  1.124866e+01 -3.661069e+01 -3.245866e+01
     vertex  1.187003e+01 -3.948357e+01 -3.141991e+01
     vertex  1.124866e+01 -3.957376e+01 -3.198935e+01
   endloop
 endfacet
 facet normal  6.427876e-01 -1.198358e-01 -7.566132e-01
   outer loop
     vertex  1.124866e+01 -3.661069e+01 -3.245866e+01
     vertex  1.059933e+01 -3.965899e+01 -3.252750e+01
     vertex  1.059933e+01 -3.669593e+01 -3.299680e+01
   endloop
 endfacet
 facet normal  6.801727e-01 -1.146746e-01 -7.240268e-01
   outer loop
     vertex  1.187003e+01 -3.652050e+01 -3.188921e+01
     vertex  1.187003e+01 -3.948357e+01 -3.141991e+01
     vertex  1.124866e+01 -3.661069e+01 -3.245866e+01
   endloop
 endfacet
 facet normal  7.158668e-01 -1.092283e-01 -6.896404e-01
   outer loop
     vertex  1.246188e+01 -3.642558e+01 -3.128988e+01
     vertex  1.246188e+01 -3.938864e+01 -3.082058e+01
     vertex  1.187003e+01 -3.948357e+01 -3.141991e+01
   endloop
 endfacet
 facet normal  7.158668e-01 -1.092283e-01 -6.896404e-01
   outer loop
     vertex  1.246188e+01 -3.642558e+01 -3.128988e+01
     vertex  1.187003e+01 -3.948357e+01 -3.141991e+01
     vertex  1.187003e+01 -3.652050e+01 -3.188921e+01
   endloop
 endfacet
 facet normal  7.497812e-01 -1.035105e-01 -6.535394e-01
   outer loop
     vertex  1.302276e+01 -3.632616e+01 -3.066216e+01
     vertex  1.246188e+01 -3.938864e+01 -3.082058e+01
     vertex  1.246188e+01 -3.642558e+01 -3.128988e+01
   endloop
 endfacet
 facet normal  7.497812e-01 -1.035105e-01 -6.535394e-01
   outer loop
     vertex  1.302276e+01 -3.632616e+01 -3.066216e+01
     vertex  1.302276e+01 -3.928922e+01 -3.019286e+01
     vertex  1.246188e+01 -3.938864e+01 -3.082058e+01
   endloop
 endfacet
 facet normal  7.818315e-01 -9.753529e-02 -6.158136e-01
   outer loop
     vertex  1.355125e+01 -3.622248e+01 -3.000760e+01
     vertex  1.302276e+01 -3.928922e+01 -3.019286e+01
     vertex  1.302276e+01 -3.632616e+01 -3.066216e+01
   endloop
 endfacet
 facet normal  7.818315e-01 -9.753529e-02 -6.158136e-01
   outer loop
     vertex  1.355125e+01 -3.622248e+01 -3.000760e+01
     vertex  1.355125e+01 -3.918555e+01 -2.953830e+01
     vertex  1.302276e+01 -3.928922e+01 -3.019286e+01
   endloop
 endfacet
 facet normal  8.119380e-01 -9.131763e-02 -5.765568e-01
   outer loop
     vertex  1.404606e+01 -3.611482e+01 -2.932784e+01
     vertex  1.355125e+01 -3.918555e+01 -2.953830e+01
     vertex  1.355125e+01 -3.622248e+01 -3.000760e+01
   endloop
 endfacet
 facet normal  8.119380e-01 -9.131763e-02 -5.765568e-01
   outer loop
     vertex  1.404606e+01 -3.611482e+01 -2.932784e+01
     vertex  1.404606e+01 -3.907789e+01 -2.885854e+01
     vertex  1.355125e+01 -3.918555e+01 -2.953830e+01
   endloop
 endfacet
 facet normal  8.400259e-01 -8.487293e-02 -5.358666e-01
   outer loop
     vertex  1.450594e+01 -3.600343e+01 -2.862457e+01
     vertex  1.404606e+01 -3.907789e+01 -2.885854e+01
     vertex  1.404606e+01 -3.611482e+01 -2.932784e+01
   endloop
 endfacet
 facet normal  8.400259e-01 -8.487293e-02 -5.358666e-01
   outer loop
     vertex  1.450594e+01 -3.600343e+01 -2.862457e+01
     vertex  1.450594e+01 -3.896650e+01 -2.815526e+01
     vertex  1.404606e+01 -3.907789e+01 -2.885854e+01
   endloop
 endfacet
 facet normal  8.660254e-01 -7.821723e-02 -4.938442e-01
   outer loop
     vertex  1.492977e+01 -3.588860e+01 -2.789952e+01
     vertex  1.492977e+01 -3.885166e+01 -2.743022e+01
     vertex  1.450594e+01 -3.896650e+01 -2.815526e+01
   endloop
 endfacet
 facet normal  8.660254e-01 -7.821723e-02 -4.938442e-01
   outer loop
     vertex  1.492977e+01 -3.588860e+01 -2.789952e+01
     vertex  1.450594e+01 -3.896650e+01 -2.815526e+01
     vertex  1.450594e+01 -3.600343e+01 -2.862457e+01
   endloop
 endfacet
 facet normal  8.898718e-01 -7.136707e-02 -4.505939e-01
   outer loop
     vertex  1.531647e+01 -3.577060e+01 -2.715452e+01
     vertex  1.531647e+01 -3.873366e+01 -2.668521e+01
     vertex  1.492977e+01 -3.885166e+01 -2.743022e+01
   endloop
 endfacet
 facet normal  8.898718e-01 -7.136707e-02 -4.505939e-01
   outer loop
     vertex  1.531647e+01 -3.577060e+01 -2.715452e+01
     vertex  1.492977e+01 -3.885166e+01 -2.743022e+01
     vertex  1.492977e+01 -3.588860e+01 -2.789952e+01
   endloop
 endfacet
 facet normal  9.115059e-01 -6.433948e-02 -4.062235e-01
   outer loop
     vertex  1.566510e+01 -3.564973e+01 -2.639140e+01
     vertex  1.566510e+01 -3.861280e+01 -2.592209e+01
     vertex  1.531647e+01 -3.873366e+01 -2.668521e+01
   endloop
 endfacet
 facet normal  9.115059e-01 -6.433948e-02 -4.062235e-01
   outer loop
     vertex  1.566510e+01 -3.564973e+01 -2.639140e+01
     vertex  1.531647e+01 -3.873366e+01 -2.668521e+01
     vertex  1.531647e+01 -3.577060e+01 -2.715452e+01
   endloop
 endfacet
 facet normal  9.308737e-01 -5.715193e-02 -3.608431e-01
   outer loop
     vertex  1.597477e+01 -3.552630e+01 -2.561206e+01
     vertex  1.597477e+01 -3.848936e+01 -2.514276e+01
     vertex  1.566510e+01 -3.861280e+01 -2.592209e+01
   endloop
 endfacet
 facet normal  9.308737e-01 -5.715193e-02 -3.608431e-01
   outer loop
     vertex  1.597477e+01 -3.552630e+01 -2.561206e+01
     vertex  1.566510e+01 -3.861280e+01 -2.592209e+01
     vertex  1.566510e+01 -3.564973e+01 -2.639140e+01
   endloop
 endfacet
 facet normal  9.479273e-01 -4.982229e-02 -3.145656e-01
   outer loop
     vertex  1.624474e+01 -3.540060e+01 -2.481845e+01
     vertex  1.624474e+01 -3.836367e+01 -2.434915e+01
     vertex  1.597477e+01 -3.848936e+01 -2.514276e+01
   endloop
 endfacet
 facet normal  9.479273e-01 -4.982229e-02 -3.145656e-01
   outer loop
     vertex  1.624474e+01 -3.540060e+01 -2.481845e+01
     vertex  1.597477e+01 -3.848936e+01 -2.514276e+01
     vertex  1.597477e+01 -3.552630e+01 -2.561206e+01
   endloop
 endfacet
 facet normal  9.626242e-01 -4.236878e-02 -2.675060e-01
   outer loop
     vertex  1.647431e+01 -3.527296e+01 -2.401253e+01
     vertex  1.647431e+01 -3.823602e+01 -2.354323e+01
     vertex  1.624474e+01 -3.836367e+01 -2.434915e+01
   endloop
 endfacet
 facet normal  9.626242e-01 -4.236878e-02 -2.675060e-01
   outer loop
     vertex  1.647431e+01 -3.527296e+01 -2.401253e+01
     vertex  1.624474e+01 -3.836367e+01 -2.434915e+01
     vertex  1.624474e+01 -3.540060e+01 -2.481845e+01
   endloop
 endfacet
 facet normal  9.749279e-01 -3.480994e-02 -2.197813e-01
   outer loop
     vertex  1.666293e+01 -3.514368e+01 -2.319632e+01
     vertex  1.666293e+01 -3.810675e+01 -2.272701e+01
     vertex  1.647431e+01 -3.823602e+01 -2.354323e+01
   endloop
 endfacet
 facet normal  9.749279e-01 -3.480994e-02 -2.197813e-01
   outer loop
     vertex  1.666293e+01 -3.514368e+01 -2.319632e+01
     vertex  1.647431e+01 -3.823602e+01 -2.354323e+01
     vertex  1.647431e+01 -3.527296e+01 -2.401253e+01
   endloop
 endfacet
 facet normal  9.848078e-01 -2.716456e-02 -1.715103e-01
   outer loop
     vertex  1.681012e+01 -3.501310e+01 -2.237183e+01
     vertex  1.681012e+01 -3.797616e+01 -2.190252e+01
     vertex  1.666293e+01 -3.810675e+01 -2.272701e+01
   endloop
 endfacet
 facet normal  9.848078e-01 -2.716456e-02 -1.715103e-01
   outer loop
     vertex  1.681012e+01 -3.501310e+01 -2.237183e+01
     vertex  1.666293e+01 -3.810675e+01 -2.272701e+01
     vertex  1.666293e+01 -3.514368e+01 -2.319632e+01
   endloop
 endfacet
 facet normal  9.922392e-01 -1.945164e-02 -1.228128e-01
   outer loop
     vertex  1.691552e+01 -3.488152e+01 -2.154112e+01
     vertex  1.691552e+01 -3.784459e+01 -2.107181e+01
     vertex  1.681012e+01 -3.797616e+01 -2.190252e+01
   endloop
 endfacet
 facet normal  9.922392e-01 -1.945164e-02 -1.228128e-01
   outer loop
     vertex  1.691552e+01 -3.488152e+01 -2.154112e+01
     vertex  1.681012e+01 -3.797616e+01 -2.190252e+01
     vertex  1.681012e+01 -3.501310e+01 -2.237183e+01
   endloop
 endfacet
 facet normal  9.972038e-01 -1.169036e-02 -7.381004e-02
   outer loop
     vertex  1.697887e+01 -3.474929e+01 -2.070625e+01
     vertex  1.697887e+01 -3.771236e+01 -2.023695e+01
     vertex  1.691552e+01 -3.784459e+01 -2.107181e+01
   endloop
 endfacet
 facet normal  9.972038e-01 -1.169036e-02 -7.381004e-02
   outer loop
     vertex  1.697887e+01 -3.474929e+01 -2.070625e+01
     vertex  1.691552e+01 -3.784459e+01 -2.107181e+01
     vertex  1.691552e+01 -3.488152e+01 -2.154112e+01
   endloop
 endfacet
 facet normal  9.996892e-01 -3.900019e-03 -2.462375e-02
   outer loop
     vertex  1.700000e+01 -3.461673e+01 -1.986930e+01
     vertex  1.700000e+01 -3.757980e+01 -1.940000e+01
     vertex  1.697887e+01 -3.771236e+01 -2.023695e+01
   endloop
 endfacet
 facet normal  9.996892e-01 -3.900019e-03 -2.462375e-02
   outer loop
     vertex  1.700000e+01 -3.461673e+01 -1.986930e+01
     vertex  1.697887e+01 -3.771236e+01 -2.023695e+01
     vertex  1.697887e+01 -3.474929e+01 -2.070625e+01
   endloop
 endfacet
 facet normal  2.816176e-14 -9.876883e-01  1.564345e-01
   outer loop
     vertex -9.923642e+00 -3.542054e+01 -5.766991e+00
     vertex -1.059933e+01 -3.550061e+01 -6.272501e+00
     vertex -1.124866e+01 -3.558584e+01 -6.810647e+00
   endloop
 endfacet
 facet normal -4.667944e-14 -9.876883e-01  1.564345e-01
   outer loop
     vertex -9.923642e+00 -3.542054e+01 -5.766991e+00
     vertex -1.124866e+01 -3.558584e+01 -6.810647e+00
     vertex -1.187003e+01 -3.567603e+01 -7.380093e+00
   endloop
 endfacet
 facet normal -8.523951e-16 -9.876883e-01  1.564345e-01
   outer loop
     vertex -9.923642e+00 -3.542054e+01 -5.766991e+00
     vertex -1.187003e+01 -3.567603e+01 -7.380093e+00
     vertex -1.246188e+01 -3.577096e+01 -7.979422e+00
   endloop
 endfacet
 facet normal -2.448606e-14 -9.876883e-01  1.564345e-01
   outer loop
     vertex -1.450594e+01 -3.619310e+01 -1.064474e+01
     vertex -1.246188e+01 -3.577096e+01 -7.979422e+00
     vertex -1.302276e+01 -3.587038e+01 -8.607145e+00
   endloop
 endfacet
 facet normal -1.935502e-14 -9.876883e-01  1.564345e-01
   outer loop
     vertex -1.450594e+01 -3.619310e+01 -1.064474e+01
     vertex -1.302276e+01 -3.587038e+01 -8.607145e+00
     vertex -1.355125e+01 -3.597405e+01 -9.261700e+00
   endloop
 endfacet
 facet normal  9.550038e-14 -9.876883e-01  1.564345e-01
   outer loop
     vertex -1.450594e+01 -3.619310e+01 -1.064474e+01
     vertex -1.355125e+01 -3.597405e+01 -9.261700e+00
     vertex -1.404606e+01 -3.608171e+01 -9.941461e+00
   endloop
 endfacet
 facet normal  1.825763e-14 -9.876883e-01  1.564345e-01
   outer loop
     vertex -7.755581e+00 -3.521329e+01 -4.458428e+00
     vertex -8.500000e+00 -3.527670e+01 -4.858826e+00
     vertex -9.223286e+00 -3.534585e+01 -5.295375e+00
   endloop
 endfacet
 facet normal  1.596416e-14 -9.876883e-01  1.564345e-01
   outer loop
     vertex -7.755581e+00 -3.521329e+01 -4.458428e+00
     vertex -9.223286e+00 -3.534585e+01 -5.295375e+00
     vertex -9.923642e+00 -3.542054e+01 -5.766991e+00
   endloop
 endfacet
 facet normal  3.507264e-15 -9.876883e-01  1.564345e-01
   outer loop
     vertex -1.531647e+01 -3.642594e+01 -1.211479e+01
     vertex -9.923642e+00 -3.542054e+01 -5.766991e+00
     vertex -1.246188e+01 -3.577096e+01 -7.979422e+00
   endloop
 endfacet
 facet normal -7.133271e-15 -9.876883e-01  1.564345e-01
   outer loop
     vertex -1.531647e+01 -3.642594e+01 -1.211479e+01
     vertex -1.246188e+01 -3.577096e+01 -7.979422e+00
     vertex -1.450594e+01 -3.619310e+01 -1.064474e+01
   endloop
 endfacet
 facet normal  4.795813e-14 -9.876883e-01  1.564345e-01
   outer loop
     vertex -1.531647e+01 -3.642594e+01 -1.211479e+01
     vertex -1.450594e+01 -3.619310e+01 -1.064474e+01
     vertex -1.492977e+01 -3.630794e+01 -1.136978e+01
   endloop
 endfacet
 facet normal  2.627192e-14 -9.876883e-01  1.564345e-01
   outer loop
     vertex -6.991881e+00 -3.515575e+01 -4.095177e+00
     vertex -7.755581e+00 -3.521329e+01 -4.458428e+00
     vertex -9.923642e+00 -3.542054e+01 -5.766991e+00
   endloop
 endfacet
 facet normal  7.742571e-15 -9.876883e-01  1.564345e-01
   outer loop
     vertex -5.414273e+00 -3.505890e+01 -3.483635e+00
     vertex -6.210797e+00 -3.510425e+01 -3.769976e+00
     vertex -6.991881e+00 -3.515575e+01 -4.095177e+00
   endloop
 endfacet
 facet normal -9.425990e-16 -9.876883e-01  1.564345e-01
   outer loop
     vertex -5.414273e+00 -3.505890e+01 -3.483635e+00
     vertex -6.991881e+00 -3.515575e+01 -4.095177e+00
     vertex -9.923642e+00 -3.542054e+01 -5.766991e+00
   endloop
 endfacet
 facet normal -2.597554e-14 -9.876883e-01  1.564345e-01
   outer loop
     vertex -1.624474e+01 -3.679593e+01 -1.445085e+01
     vertex -1.531647e+01 -3.642594e+01 -1.211479e+01
     vertex -1.566510e+01 -3.654680e+01 -1.287791e+01
   endloop
 endfacet
 facet normal -2.829698e-14 -9.876883e-01  1.564345e-01
   outer loop
     vertex -1.624474e+01 -3.679593e+01 -1.445085e+01
     vertex -1.566510e+01 -3.654680e+01 -1.287791e+01
     vertex -1.597477e+01 -3.667024e+01 -1.365724e+01
   endloop
 endfacet
 facet normal -1.132389e-14 -9.876883e-01  1.564345e-01
   outer loop
     vertex -1.647431e+01 -3.692358e+01 -1.525677e+01
     vertex -1.531647e+01 -3.642594e+01 -1.211479e+01
     vertex -1.624474e+01 -3.679593e+01 -1.445085e+01
   endloop
 endfacet
 facet normal -9.226337e-15 -9.876883e-01  1.564345e-01
   outer loop
     vertex -2.113843e+00 -3.494105e+01 -2.739607e+00
     vertex -2.952019e+00 -3.496082e+01 -2.864387e+00
     vertex -3.782856e+00 -3.498709e+01 -3.030276e+00
   endloop
 endfacet
 facet normal -1.270808e-14 -9.876883e-01  1.564345e-01
   outer loop
     vertex -1.691552e+01 -3.731501e+01 -1.772819e+01
     vertex -1.647431e+01 -3.692358e+01 -1.525677e+01
     vertex -1.666293e+01 -3.705285e+01 -1.607299e+01
   endloop
 endfacet
 facet normal -1.896097e-13 -9.876883e-01  1.564345e-01
   outer loop
     vertex -1.691552e+01 -3.731501e+01 -1.772819e+01
     vertex -1.666293e+01 -3.705285e+01 -1.607299e+01
     vertex -1.681012e+01 -3.718344e+01 -1.689748e+01
   endloop
 endfacet
 facet normal  9.742364e-15 -9.876883e-01  1.564345e-01
   outer loop
     vertex -4.238218e-01 -3.492124e+01 -2.614517e+00
     vertex -1.270412e+00 -3.492785e+01 -2.656248e+00
     vertex -2.113843e+00 -3.494105e+01 -2.739607e+00
   endloop
 endfacet
 facet normal -1.431448e-16 -9.876883e-01  1.564345e-01
   outer loop
     vertex -4.238218e-01 -3.492124e+01 -2.614517e+00
     vertex -3.782856e+00 -3.498709e+01 -3.030276e+00
     vertex -4.604288e+00 -3.501981e+01 -3.236863e+00
   endloop
 endfacet
 facet normal -4.789426e-15 -9.876883e-01  1.564345e-01
   outer loop
     vertex -4.238218e-01 -3.492124e+01 -2.614517e+00
     vertex -2.113843e+00 -3.494105e+01 -2.739607e+00
     vertex -3.782856e+00 -3.498709e+01 -3.030276e+00
   endloop
 endfacet
 facet normal  1.085115e-15 -9.876883e-01  1.564345e-01
   outer loop
     vertex  4.238218e-01 -3.492124e+01 -2.614517e+00
     vertex -4.604288e+00 -3.501981e+01 -3.236863e+00
     vertex -5.414273e+00 -3.505890e+01 -3.483635e+00
   endloop
 endfacet
 facet normal  0.000000e+00 -9.876883e-01  1.564345e-01
   outer loop
     vertex  4.238218e-01 -3.492124e+01 -2.614517e+00
     vertex -4.238218e-01 -3.492124e+01 -2.614517e+00
     vertex -4.604288e+00 -3.501981e+01 -3.236863e+00
   endloop
 endfacet
 facet normal -1.482301e-15 -9.876883e-01  1.564345e-01
   outer loop
     vertex  4.238218e-01 -3.492124e+01 -2.614517e+00
     vertex -5.414273e+00 -3.505890e+01 -3.483635e+00
     vertex -9.923642e+00 -3.542054e+01 -5.766991e+00
   endloop
 endfacet
 facet normal -7.009292e-14 -9.876883e-01  1.564345e-01
   outer loop
     vertex -1.691552e+01 -3.784459e+01 -2.107181e+01
     vertex -1.691552e+01 -3.731501e+01 -1.772819e+01
     vertex -1.697887e+01 -3.744724e+01 -1.856305e+01
   endloop
 endfacet
 facet normal -1.360977e-14 -9.876883e-01  1.564345e-01
   outer loop
     vertex -1.691552e+01 -3.784459e+01 -2.107181e+01
     vertex -1.697887e+01 -3.744724e+01 -1.856305e+01
     vertex -1.700000e+01 -3.757980e+01 -1.940000e+01
   endloop
 endfacet
 facet normal -6.606365e-14 -9.876883e-01  1.564345e-01
   outer loop
     vertex -1.691552e+01 -3.784459e+01 -2.107181e+01
     vertex -1.700000e+01 -3.757980e+01 -1.940000e+01
     vertex -1.697887e+01 -3.771236e+01 -2.023695e+01
   endloop
 endfacet
 facet normal -9.744838e-15 -9.876883e-01  1.564345e-01
   outer loop
     vertex  2.113843e+00 -3.494105e+01 -2.739607e+00
     vertex  1.270412e+00 -3.492785e+01 -2.656248e+00
     vertex  4.238218e-01 -3.492124e+01 -2.614517e+00
   endloop
 endfacet
 facet normal  3.494515e-15 -9.876883e-01  1.564345e-01
   outer loop
     vertex  2.952019e+00 -3.496082e+01 -2.864387e+00
     vertex  2.113843e+00 -3.494105e+01 -2.739607e+00
     vertex  4.238218e-01 -3.492124e+01 -2.614517e+00
   endloop
 endfacet
 facet normal -1.944788e-14 -9.876883e-01  1.564345e-01
   outer loop
     vertex  4.604288e+00 -3.501981e+01 -3.236863e+00
     vertex  3.782856e+00 -3.498709e+01 -3.030276e+00
     vertex  2.952019e+00 -3.496082e+01 -2.864387e+00
   endloop
 endfacet
 facet normal  3.696836e-15 -9.876883e-01  1.564345e-01
   outer loop
     vertex  4.604288e+00 -3.501981e+01 -3.236863e+00
     vertex  2.952019e+00 -3.496082e+01 -2.864387e+00
     vertex  4.238218e-01 -3.492124e+01 -2.614517e+00
   endloop
 endfacet
 facet normal -7.096197e-15 -9.876883e-01  1.564345e-01
   outer loop
     vertex -1.624474e+01 -3.836367e+01 -2.434915e+01
     vertex -1.691552e+01 -3.784459e+01 -2.107181e+01
     vertex -1.681012e+01 -3.797616e+01 -2.190252e+01
   endloop
 endfacet
 facet normal -4.084800e-14 -9.876883e-01  1.564345e-01
   outer loop
     vertex -1.624474e+01 -3.836367e+01 -2.434915e+01
     vertex -1.681012e+01 -3.797616e+01 -2.190252e+01
     vertex -1.666293e+01 -3.810675e+01 -2.272701e+01
   endloop
 endfacet
 facet normal  2.460922e-14 -9.876883e-01  1.564345e-01
   outer loop
     vertex -1.624474e+01 -3.836367e+01 -2.434915e+01
     vertex -1.666293e+01 -3.810675e+01 -2.272701e+01
     vertex -1.647431e+01 -3.823602e+01 -2.354323e+01
   endloop
 endfacet
 facet normal -7.706368e-15 -9.876883e-01  1.564345e-01
   outer loop
     vertex  6.991881e+00 -3.515575e+01 -4.095177e+00
     vertex  6.210797e+00 -3.510425e+01 -3.769976e+00
     vertex  5.414273e+00 -3.505890e+01 -3.483635e+00
   endloop
 endfacet
 facet normal -2.123957e-14 -9.876883e-01  1.564345e-01
   outer loop
     vertex  7.755581e+00 -3.521329e+01 -4.458428e+00
     vertex  6.991881e+00 -3.515575e+01 -4.095177e+00
     vertex  5.414273e+00 -3.505890e+01 -3.483635e+00
   endloop
 endfacet
 facet normal -2.499880e-14 -9.876883e-01  1.564345e-01
   outer loop
     vertex  7.755581e+00 -3.521329e+01 -4.458428e+00
     vertex  5.414273e+00 -3.505890e+01 -3.483635e+00
     vertex  4.604288e+00 -3.501981e+01 -3.236863e+00
   endloop
 endfacet
 facet normal  1.803665e-15 -9.876883e-01  1.564345e-01
   outer loop
     vertex  7.755581e+00 -3.521329e+01 -4.458428e+00
     vertex  4.604288e+00 -3.501981e+01 -3.236863e+00
     vertex  4.238218e-01 -3.492124e+01 -2.614517e+00
   endloop
 endfacet
 facet normal  6.570546e-17 -9.876883e-01  1.564345e-01
   outer loop
     vertex  7.755581e+00 -3.521329e+01 -4.458428e+00
     vertex  4.238218e-01 -3.492124e+01 -2.614517e+00
     vertex -9.923642e+00 -3.542054e+01 -5.766991e+00
   endloop
 endfacet
 facet normal -1.486528e-14 -9.876883e-01  1.564345e-01
   outer loop
     vertex -1.492977e+01 -3.885166e+01 -2.743022e+01
     vertex -1.624474e+01 -3.836367e+01 -2.434915e+01
     vertex -1.597477e+01 -3.848936e+01 -2.514276e+01
   endloop
 endfacet
 facet normal -4.483695e-14 -9.876883e-01  1.564345e-01
   outer loop
     vertex -1.492977e+01 -3.885166e+01 -2.743022e+01
     vertex -1.597477e+01 -3.848936e+01 -2.514276e+01
     vertex -1.566510e+01 -3.861280e+01 -2.592209e+01
   endloop
 endfacet
 facet normal -1.918772e-13 -9.876883e-01  1.564345e-01
   outer loop
     vertex -1.492977e+01 -3.885166e+01 -2.743022e+01
     vertex -1.566510e+01 -3.861280e+01 -2.592209e+01
     vertex -1.531647e+01 -3.873366e+01 -2.668521e+01
   endloop
 endfacet
 facet normal -1.827341e-14 -9.876883e-01  1.564345e-01
   outer loop
     vertex  9.223286e+00 -3.534585e+01 -5.295375e+00
     vertex  8.500000e+00 -3.527670e+01 -4.858826e+00
     vertex  7.755581e+00 -3.521329e+01 -4.458428e+00
   endloop
 endfacet
 facet normal -7.451299e-14 -9.876883e-01  1.564345e-01
   outer loop
     vertex -1.404606e+01 -3.907789e+01 -2.885854e+01
     vertex -1.492977e+01 -3.885166e+01 -2.743022e+01
     vertex -1.450594e+01 -3.896650e+01 -2.815526e+01
   endloop
 endfacet
 facet normal -1.153777e-14 -9.876883e-01  1.564345e-01
   outer loop
     vertex  9.923642e+00 -3.542054e+01 -5.766991e+00
     vertex  9.223286e+00 -3.534585e+01 -5.295375e+00
     vertex  7.755581e+00 -3.521329e+01 -4.458428e+00
   endloop
 endfacet
 facet normal  4.200324e-17 -9.876883e-01  1.564345e-01
   outer loop
     vertex  9.923642e+00 -3.542054e+01 -5.766991e+00
     vertex  7.755581e+00 -3.521329e+01 -4.458428e+00
     vertex -9.923642e+00 -3.542054e+01 -5.766991e+00
   endloop
 endfacet
 facet normal  4.203939e-17 -9.876883e-01  1.564345e-01
   outer loop
     vertex  1.059933e+01 -3.550061e+01 -6.272501e+00
     vertex  9.923642e+00 -3.542054e+01 -5.766991e+00
     vertex -9.923642e+00 -3.542054e+01 -5.766991e+00
   endloop
 endfacet
 facet normal  4.048355e-17 -9.876883e-01  1.564345e-01
   outer loop
     vertex  1.059933e+01 -3.550061e+01 -6.272501e+00
     vertex -9.923642e+00 -3.542054e+01 -5.766991e+00
     vertex -1.531647e+01 -3.642594e+01 -1.211479e+01
   endloop
 endfacet
 facet normal  4.413166e-14 -9.876883e-01  1.564345e-01
   outer loop
     vertex -1.246188e+01 -3.938864e+01 -3.082058e+01
     vertex -1.355125e+01 -3.918555e+01 -2.953830e+01
     vertex -1.302276e+01 -3.928922e+01 -3.019286e+01
   endloop
 endfacet
 facet normal  5.408122e-15 -9.876883e-01  1.564345e-01
   outer loop
     vertex -1.187003e+01 -3.948357e+01 -3.141991e+01
     vertex -1.624474e+01 -3.836367e+01 -2.434915e+01
     vertex -1.492977e+01 -3.885166e+01 -2.743022e+01
   endloop
 endfacet
 facet normal -2.489347e-14 -9.876883e-01  1.564345e-01
   outer loop
     vertex -1.187003e+01 -3.948357e+01 -3.141991e+01
     vertex -1.492977e+01 -3.885166e+01 -2.743022e+01
     vertex -1.404606e+01 -3.907789e+01 -2.885854e+01
   endloop
 endfacet
 facet normal -4.202784e-14 -9.876883e-01  1.564345e-01
   outer loop
     vertex -1.187003e+01 -3.948357e+01 -3.141991e+01
     vertex -1.355125e+01 -3.918555e+01 -2.953830e+01
     vertex -1.246188e+01 -3.938864e+01 -3.082058e+01
   endloop
 endfacet
 facet normal  3.258807e-14 -9.876883e-01  1.564345e-01
   outer loop
     vertex -1.187003e+01 -3.948357e+01 -3.141991e+01
     vertex -1.404606e+01 -3.907789e+01 -2.885854e+01
     vertex -1.355125e+01 -3.918555e+01 -2.953830e+01
   endloop
 endfacet
 facet normal -1.679646e-13 -9.876883e-01  1.564345e-01
   outer loop
     vertex  1.246188e+01 -3.577096e+01 -7.979422e+00
     vertex  1.187003e+01 -3.567603e+01 -7.380093e+00
     vertex  1.124866e+01 -3.558584e+01 -6.810647e+00
   endloop
 endfacet
 facet normal  6.603645e-15 -9.876883e-01  1.564345e-01
   outer loop
     vertex  1.246188e+01 -3.577096e+01 -7.979422e+00
     vertex  1.124866e+01 -3.558584e+01 -6.810647e+00
     vertex  1.059933e+01 -3.550061e+01 -6.272501e+00
   endloop
 endfacet
 facet normal  3.692359e-16 -9.876883e-01  1.564345e-01
   outer loop
     vertex  1.246188e+01 -3.577096e+01 -7.979422e+00
     vertex  1.059933e+01 -3.550061e+01 -6.272501e+00
     vertex -1.531647e+01 -3.642594e+01 -1.211479e+01
   endloop
 endfacet
 facet normal -1.059384e-13 -9.876883e-01  1.564345e-01
   outer loop
     vertex  1.355125e+01 -3.597405e+01 -9.261700e+00
     vertex  1.302276e+01 -3.587038e+01 -8.607145e+00
     vertex  1.246188e+01 -3.577096e+01 -7.979422e+00
   endloop
 endfacet
 facet normal  3.592504e-14 -9.876883e-01  1.564345e-01
   outer loop
     vertex -9.923642e+00 -3.973906e+01 -3.303301e+01
     vertex -1.187003e+01 -3.948357e+01 -3.141991e+01
     vertex -1.124866e+01 -3.957376e+01 -3.198935e+01
   endloop
 endfacet
 facet normal -3.315772e-14 -9.876883e-01  1.564345e-01
   outer loop
     vertex -9.923642e+00 -3.973906e+01 -3.303301e+01
     vertex -1.124866e+01 -3.957376e+01 -3.198935e+01
     vertex -1.059933e+01 -3.965899e+01 -3.252750e+01
   endloop
 endfacet
 facet normal  1.542147e-14 -9.876883e-01  1.564345e-01
   outer loop
     vertex -9.223286e+00 -3.981375e+01 -3.350462e+01
     vertex -1.187003e+01 -3.948357e+01 -3.141991e+01
     vertex -9.923642e+00 -3.973906e+01 -3.303301e+01
   endloop
 endfacet
 facet normal  9.990410e-14 -9.876883e-01  1.564345e-01
   outer loop
     vertex  1.531647e+01 -3.642594e+01 -1.211479e+01
     vertex  1.492977e+01 -3.630794e+01 -1.136978e+01
     vertex  1.450594e+01 -3.619310e+01 -1.064474e+01
   endloop
 endfacet
 facet normal -1.121487e-13 -9.876883e-01  1.564345e-01
   outer loop
     vertex  1.531647e+01 -3.642594e+01 -1.211479e+01
     vertex  1.450594e+01 -3.619310e+01 -1.064474e+01
     vertex  1.404606e+01 -3.608171e+01 -9.941461e+00
   endloop
 endfacet
 facet normal  3.534528e-14 -9.876883e-01  1.564345e-01
   outer loop
     vertex  1.531647e+01 -3.642594e+01 -1.211479e+01
     vertex  1.404606e+01 -3.608171e+01 -9.941461e+00
     vertex  1.355125e+01 -3.597405e+01 -9.261700e+00
   endloop
 endfacet
 facet normal -1.857633e-14 -9.876883e-01  1.564345e-01
   outer loop
     vertex  1.531647e+01 -3.642594e+01 -1.211479e+01
     vertex  1.355125e+01 -3.597405e+01 -9.261700e+00
     vertex  1.246188e+01 -3.577096e+01 -7.979422e+00
   endloop
 endfacet
 facet normal  7.860010e-15 -9.876883e-01  1.564345e-01
   outer loop
     vertex -6.991881e+00 -4.000385e+01 -3.470482e+01
     vertex -9.223286e+00 -3.981375e+01 -3.350462e+01
     vertex -8.500000e+00 -3.988290e+01 -3.394117e+01
   endloop
 endfacet
 facet normal -9.118333e-14 -9.876883e-01  1.564345e-01
   outer loop
     vertex -6.991881e+00 -4.000385e+01 -3.470482e+01
     vertex -8.500000e+00 -3.988290e+01 -3.394117e+01
     vertex -7.755581e+00 -3.994631e+01 -3.434157e+01
   endloop
 endfacet
 facet normal -8.002189e-15 -9.876883e-01  1.564345e-01
   outer loop
     vertex -6.210797e+00 -4.005535e+01 -3.503002e+01
     vertex -9.223286e+00 -3.981375e+01 -3.350462e+01
     vertex -6.991881e+00 -4.000385e+01 -3.470482e+01
   endloop
 endfacet
 facet normal -9.638516e-15 -9.876883e-01  1.564345e-01
   outer loop
     vertex -5.414273e+00 -4.010070e+01 -3.531637e+01
     vertex -9.223286e+00 -3.981375e+01 -3.350462e+01
     vertex -6.210797e+00 -4.005535e+01 -3.503002e+01
   endloop
 endfacet
 facet normal -1.416648e-13 -9.876883e-01  1.564345e-01
   outer loop
     vertex  1.624474e+01 -3.679593e+01 -1.445085e+01
     vertex  1.597477e+01 -3.667024e+01 -1.365724e+01
     vertex  1.566510e+01 -3.654680e+01 -1.287791e+01
   endloop
 endfacet
 facet normal  7.596146e-14 -9.876883e-01  1.564345e-01
   outer loop
     vertex  1.624474e+01 -3.679593e+01 -1.445085e+01
     vertex  1.566510e+01 -3.654680e+01 -1.287791e+01
     vertex  1.531647e+01 -3.642594e+01 -1.211479e+01
   endloop
 endfacet
 facet normal  3.414577e-17 -9.876883e-01  1.564345e-01
   outer loop
     vertex  1.624474e+01 -3.679593e+01 -1.445085e+01
     vertex  1.246188e+01 -3.577096e+01 -7.979422e+00
     vertex -1.531647e+01 -3.642594e+01 -1.211479e+01
   endloop
 endfacet
 facet normal  4.732618e-15 -9.876883e-01  1.564345e-01
   outer loop
     vertex  1.624474e+01 -3.679593e+01 -1.445085e+01
     vertex  1.531647e+01 -3.642594e+01 -1.211479e+01
     vertex  1.246188e+01 -3.577096e+01 -7.979422e+00
   endloop
 endfacet
 facet normal  8.517469e-15 -9.876883e-01  1.564345e-01
   outer loop
     vertex -4.604288e+00 -4.013979e+01 -3.556314e+01
     vertex -9.223286e+00 -3.981375e+01 -3.350462e+01
     vertex -5.414273e+00 -4.010070e+01 -3.531637e+01
   endloop
 endfacet
 facet normal  1.516543e-15 -9.876883e-01  1.564345e-01
   outer loop
     vertex -3.782856e+00 -4.017251e+01 -3.576972e+01
     vertex -1.187003e+01 -3.948357e+01 -3.141991e+01
     vertex -9.223286e+00 -3.981375e+01 -3.350462e+01
   endloop
 endfacet
 facet normal -1.230747e-15 -9.876883e-01  1.564345e-01
   outer loop
     vertex -3.782856e+00 -4.017251e+01 -3.576972e+01
     vertex -9.223286e+00 -3.981375e+01 -3.350462e+01
     vertex -4.604288e+00 -4.013979e+01 -3.556314e+01
   endloop
 endfacet
 facet normal -1.286321e-13 -9.876883e-01  1.564345e-01
   outer loop
     vertex  1.666293e+01 -3.705285e+01 -1.607299e+01
     vertex  1.647431e+01 -3.692358e+01 -1.525677e+01
     vertex  1.624474e+01 -3.679593e+01 -1.445085e+01
   endloop
 endfacet
 facet normal  1.230649e-16 -9.876883e-01  1.564345e-01
   outer loop
     vertex  1.681012e+01 -3.718344e+01 -1.689748e+01
     vertex -1.691552e+01 -3.784459e+01 -2.107181e+01
     vertex -1.624474e+01 -3.836367e+01 -2.434915e+01
   endloop
 endfacet
 facet normal  8.437186e-17 -9.876883e-01  1.564345e-01
   outer loop
     vertex  1.681012e+01 -3.718344e+01 -1.689748e+01
     vertex -1.624474e+01 -3.836367e+01 -2.434915e+01
     vertex -1.187003e+01 -3.948357e+01 -3.141991e+01
   endloop
 endfacet
 facet normal -7.264553e-17 -9.876883e-01  1.564345e-01
   outer loop
     vertex  1.681012e+01 -3.718344e+01 -1.689748e+01
     vertex -1.531647e+01 -3.642594e+01 -1.211479e+01
     vertex -1.647431e+01 -3.692358e+01 -1.525677e+01
   endloop
 endfacet
 facet normal  1.229048e-16 -9.876883e-01  1.564345e-01
   outer loop
     vertex  1.681012e+01 -3.718344e+01 -1.689748e+01
     vertex -1.647431e+01 -3.692358e+01 -1.525677e+01
     vertex -1.691552e+01 -3.731501e+01 -1.772819e+01
   endloop
 endfacet
 facet normal -2.252835e-16 -9.876883e-01  1.564345e-01
   outer loop
     vertex  1.681012e+01 -3.718344e+01 -1.689748e+01
     vertex  1.624474e+01 -3.679593e+01 -1.445085e+01
     vertex -1.531647e+01 -3.642594e+01 -1.211479e+01
   endloop
 endfacet
 facet normal  3.631316e-15 -9.876883e-01  1.564345e-01
   outer loop
     vertex  1.681012e+01 -3.718344e+01 -1.689748e+01
     vertex -3.782856e+00 -4.017251e+01 -3.576972e+01
     vertex -2.952019e+00 -4.019878e+01 -3.593561e+01
   endloop
 endfacet
 facet normal  2.046112e-14 -9.876883e-01  1.564345e-01
   outer loop
     vertex  1.681012e+01 -3.718344e+01 -1.689748e+01
     vertex  1.666293e+01 -3.705285e+01 -1.607299e+01
     vertex  1.624474e+01 -3.679593e+01 -1.445085e+01
   endloop
 endfacet
 facet normal  2.028055e-16 -9.876883e-01  1.564345e-01
   outer loop
     vertex  1.681012e+01 -3.718344e+01 -1.689748e+01
     vertex -1.691552e+01 -3.731501e+01 -1.772819e+01
     vertex -1.691552e+01 -3.784459e+01 -2.107181e+01
   endloop
 endfacet
 facet normal -8.698318e-17 -9.876883e-01  1.564345e-01
   outer loop
     vertex  1.681012e+01 -3.718344e+01 -1.689748e+01
     vertex -1.187003e+01 -3.948357e+01 -3.141991e+01
     vertex -3.782856e+00 -4.017251e+01 -3.576972e+01
   endloop
 endfacet
 facet normal -2.810989e-15 -9.876883e-01  1.564345e-01
   outer loop
     vertex -1.270412e+00 -4.023175e+01 -3.614375e+01
     vertex -2.952019e+00 -4.019878e+01 -3.593561e+01
     vertex -2.113843e+00 -4.021855e+01 -3.606039e+01
   endloop
 endfacet
 facet normal  6.031996e-14 -9.876883e-01  1.564345e-01
   outer loop
     vertex  1.697887e+01 -3.744724e+01 -1.856305e+01
     vertex  1.691552e+01 -3.731501e+01 -1.772819e+01
     vertex  1.681012e+01 -3.718344e+01 -1.689748e+01
   endloop
 endfacet
 facet normal -3.661520e-14 -9.876883e-01  1.564345e-01
   outer loop
     vertex  1.697887e+01 -3.771236e+01 -2.023695e+01
     vertex  1.700000e+01 -3.757980e+01 -1.940000e+01
     vertex  1.697887e+01 -3.744724e+01 -1.856305e+01
   endloop
 endfacet
 facet normal -1.364256e-14 -9.876883e-01  1.564345e-01
   outer loop
     vertex  1.697887e+01 -3.771236e+01 -2.023695e+01
     vertex  1.697887e+01 -3.744724e+01 -1.856305e+01
     vertex  1.681012e+01 -3.718344e+01 -1.689748e+01
   endloop
 endfacet
 facet normal  6.754704e-15 -9.876883e-01  1.564345e-01
   outer loop
     vertex  2.952019e+00 -4.019878e+01 -3.593561e+01
     vertex  1.270412e+00 -4.023175e+01 -3.614375e+01
     vertex  2.113843e+00 -4.021855e+01 -3.606039e+01
   endloop
 endfacet
 facet normal -1.258543e-14 -9.876883e-01  1.564345e-01
   outer loop
     vertex  1.666293e+01 -3.810675e+01 -2.272701e+01
     vertex  1.681012e+01 -3.797616e+01 -2.190252e+01
     vertex  1.691552e+01 -3.784459e+01 -2.107181e+01
   endloop
 endfacet
 facet normal -5.277644e-14 -9.876883e-01  1.564345e-01
   outer loop
     vertex  1.666293e+01 -3.810675e+01 -2.272701e+01
     vertex  1.691552e+01 -3.784459e+01 -2.107181e+01
     vertex  1.697887e+01 -3.771236e+01 -2.023695e+01
   endloop
 endfacet
 facet normal  1.438976e-14 -9.876883e-01  1.564345e-01
   outer loop
     vertex  1.647431e+01 -3.823602e+01 -2.354323e+01
     vertex  1.666293e+01 -3.810675e+01 -2.272701e+01
     vertex  1.697887e+01 -3.771236e+01 -2.023695e+01
   endloop
 endfacet
 facet normal  2.076146e-14 -9.876883e-01  1.564345e-01
   outer loop
     vertex  4.604288e+00 -4.013979e+01 -3.556314e+01
     vertex  2.952019e+00 -4.019878e+01 -3.593561e+01
     vertex  3.782856e+00 -4.017251e+01 -3.576972e+01
   endloop
 endfacet
 facet normal -1.519435e-16 -9.876883e-01  1.564345e-01
   outer loop
     vertex  1.624474e+01 -3.836367e+01 -2.434915e+01
     vertex  1.681012e+01 -3.718344e+01 -1.689748e+01
     vertex -2.952019e+00 -4.019878e+01 -3.593561e+01
   endloop
 endfacet
 facet normal -4.077927e-15 -9.876883e-01  1.564345e-01
   outer loop
     vertex  1.624474e+01 -3.836367e+01 -2.434915e+01
     vertex  1.697887e+01 -3.771236e+01 -2.023695e+01
     vertex  1.681012e+01 -3.718344e+01 -1.689748e+01
   endloop
 endfacet
 facet normal -7.042262e-15 -9.876883e-01  1.564345e-01
   outer loop
     vertex  1.624474e+01 -3.836367e+01 -2.434915e+01
     vertex  1.647431e+01 -3.823602e+01 -2.354323e+01
     vertex  1.697887e+01 -3.771236e+01 -2.023695e+01
   endloop
 endfacet
 facet normal -1.694019e-14 -9.876883e-01  1.564345e-01
   outer loop
     vertex  5.414273e+00 -4.010070e+01 -3.531637e+01
     vertex  2.952019e+00 -4.019878e+01 -3.593561e+01
     vertex  4.604288e+00 -4.013979e+01 -3.556314e+01
   endloop
 endfacet
 facet normal -2.215927e-15 -9.876883e-01  1.564345e-01
   outer loop
     vertex  5.414273e+00 -4.010070e+01 -3.531637e+01
     vertex  1.270412e+00 -4.023175e+01 -3.614375e+01
     vertex  2.952019e+00 -4.019878e+01 -3.593561e+01
   endloop
 endfacet
 facet normal  4.324350e-15 -9.876883e-01  1.564345e-01
   outer loop
     vertex  5.414273e+00 -4.010070e+01 -3.531637e+01
     vertex -1.270412e+00 -4.023175e+01 -3.614375e+01
     vertex -4.238218e-01 -4.023836e+01 -3.618548e+01
   endloop
 endfacet
 facet normal -2.622877e-15 -9.876883e-01  1.564345e-01
   outer loop
     vertex  5.414273e+00 -4.010070e+01 -3.531637e+01
     vertex -4.238218e-01 -4.023836e+01 -3.618548e+01
     vertex  4.238218e-01 -4.023836e+01 -3.618548e+01
   endloop
 endfacet
 facet normal -3.195101e-16 -9.876883e-01  1.564345e-01
   outer loop
     vertex  5.414273e+00 -4.010070e+01 -3.531637e+01
     vertex  4.238218e-01 -4.023836e+01 -3.618548e+01
     vertex  1.270412e+00 -4.023175e+01 -3.614375e+01
   endloop
 endfacet
 facet normal -9.140287e-16 -9.876883e-01  1.564345e-01
   outer loop
     vertex  6.210797e+00 -4.005535e+01 -3.503002e+01
     vertex -2.952019e+00 -4.019878e+01 -3.593561e+01
     vertex -1.270412e+00 -4.023175e+01 -3.614375e+01
   endloop
 endfacet
 facet normal  1.514684e-15 -9.876883e-01  1.564345e-01
   outer loop
     vertex  6.210797e+00 -4.005535e+01 -3.503002e+01
     vertex -1.270412e+00 -4.023175e+01 -3.614375e+01
     vertex  5.414273e+00 -4.010070e+01 -3.531637e+01
   endloop
 endfacet
 facet normal  2.782155e-14 -9.876883e-01  1.564345e-01
   outer loop
     vertex  1.492977e+01 -3.885166e+01 -2.743022e+01
     vertex  1.531647e+01 -3.873366e+01 -2.668521e+01
     vertex  1.566510e+01 -3.861280e+01 -2.592209e+01
   endloop
 endfacet
 facet normal -1.021356e-13 -9.876883e-01  1.564345e-01
   outer loop
     vertex  1.492977e+01 -3.885166e+01 -2.743022e+01
     vertex  1.566510e+01 -3.861280e+01 -2.592209e+01
     vertex  1.597477e+01 -3.848936e+01 -2.514276e+01
   endloop
 endfacet
 facet normal -2.295195e-14 -9.876883e-01  1.564345e-01
   outer loop
     vertex  8.500000e+00 -3.988290e+01 -3.394117e+01
     vertex  6.210797e+00 -4.005535e+01 -3.503002e+01
     vertex  6.991881e+00 -4.000385e+01 -3.470482e+01
   endloop
 endfacet
 facet normal  5.324444e-14 -9.876883e-01  1.564345e-01
   outer loop
     vertex  8.500000e+00 -3.988290e+01 -3.394117e+01
     vertex  6.991881e+00 -4.000385e+01 -3.470482e+01
     vertex  7.755581e+00 -3.994631e+01 -3.434157e+01
   endloop
 endfacet
 facet normal  1.004629e-14 -9.876883e-01  1.564345e-01
   outer loop
     vertex  1.450594e+01 -3.896650e+01 -2.815526e+01
     vertex  1.597477e+01 -3.848936e+01 -2.514276e+01
     vertex  1.624474e+01 -3.836367e+01 -2.434915e+01
   endloop
 endfacet
 facet normal  6.542239e-15 -9.876883e-01  1.564345e-01
   outer loop
     vertex  1.450594e+01 -3.896650e+01 -2.815526e+01
     vertex  1.492977e+01 -3.885166e+01 -2.743022e+01
     vertex  1.597477e+01 -3.848936e+01 -2.514276e+01
   endloop
 endfacet
 facet normal  2.827089e-14 -9.876883e-01  1.564345e-01
   outer loop
     vertex  1.404606e+01 -3.907789e+01 -2.885854e+01
     vertex  1.450594e+01 -3.896650e+01 -2.815526e+01
     vertex  1.624474e+01 -3.836367e+01 -2.434915e+01
   endloop
 endfacet
 facet normal -6.235974e-14 -9.876883e-01  1.564345e-01
   outer loop
     vertex  9.923642e+00 -3.973906e+01 -3.303301e+01
     vertex  8.500000e+00 -3.988290e+01 -3.394117e+01
     vertex  9.223286e+00 -3.981375e+01 -3.350462e+01
   endloop
 endfacet
 facet normal -6.728989e-15 -9.876883e-01  1.564345e-01
   outer loop
     vertex  9.923642e+00 -3.973906e+01 -3.303301e+01
     vertex  6.210797e+00 -4.005535e+01 -3.503002e+01
     vertex  8.500000e+00 -3.988290e+01 -3.394117e+01
   endloop
 endfacet
 facet normal  8.791245e-17 -9.876883e-01  1.564345e-01
   outer loop
     vertex  1.355125e+01 -3.918555e+01 -2.953830e+01
     vertex  1.624474e+01 -3.836367e+01 -2.434915e+01
     vertex -2.952019e+00 -4.019878e+01 -3.593561e+01
   endloop
 endfacet
 facet normal -3.580753e-14 -9.876883e-01  1.564345e-01
   outer loop
     vertex  1.355125e+01 -3.918555e+01 -2.953830e+01
     vertex  1.404606e+01 -3.907789e+01 -2.885854e+01
     vertex  1.624474e+01 -3.836367e+01 -2.434915e+01
   endloop
 endfacet
 facet normal -1.605469e-15 -9.876883e-01  1.564345e-01
   outer loop
     vertex  1.124866e+01 -3.957376e+01 -3.198935e+01
     vertex  9.923642e+00 -3.973906e+01 -3.303301e+01
     vertex  1.059933e+01 -3.965899e+01 -3.252750e+01
   endloop
 endfacet
 facet normal  6.126842e-14 -9.876883e-01  1.564345e-01
   outer loop
     vertex  1.187003e+01 -3.948357e+01 -3.141991e+01
     vertex  1.246188e+01 -3.938864e+01 -3.082058e+01
     vertex  1.302276e+01 -3.928922e+01 -3.019286e+01
   endloop
 endfacet
 facet normal -9.564506e-14 -9.876883e-01  1.564345e-01
   outer loop
     vertex  1.187003e+01 -3.948357e+01 -3.141991e+01
     vertex  1.302276e+01 -3.928922e+01 -3.019286e+01
     vertex  1.355125e+01 -3.918555e+01 -2.953830e+01
   endloop
 endfacet
 facet normal -1.943560e-16 -9.876883e-01  1.564345e-01
   outer loop
     vertex  1.187003e+01 -3.948357e+01 -3.141991e+01
     vertex -2.952019e+00 -4.019878e+01 -3.593561e+01
     vertex  6.210797e+00 -4.005535e+01 -3.503002e+01
   endloop
 endfacet
 facet normal  3.376892e-15 -9.876883e-01  1.564345e-01
   outer loop
     vertex  1.187003e+01 -3.948357e+01 -3.141991e+01
     vertex  6.210797e+00 -4.005535e+01 -3.503002e+01
     vertex  9.923642e+00 -3.973906e+01 -3.303301e+01
   endloop
 endfacet
 facet normal -2.804658e-16 -9.876883e-01  1.564345e-01
   outer loop
     vertex  1.187003e+01 -3.948357e+01 -3.141991e+01
     vertex  1.355125e+01 -3.918555e+01 -2.953830e+01
     vertex -2.952019e+00 -4.019878e+01 -3.593561e+01
   endloop
 endfacet
 facet normal -4.908861e-14 -9.876883e-01  1.564345e-01
   outer loop
     vertex  1.187003e+01 -3.948357e+01 -3.141991e+01
     vertex  9.923642e+00 -3.973906e+01 -3.303301e+01
     vertex  1.124866e+01 -3.957376e+01 -3.198935e+01
   endloop
 endfacet
 facet normal -3.466412e-15  9.876883e-01 -1.564345e-01
   outer loop
     vertex -5.621320e+00 -3.365915e+01 -1.382335e+01
     vertex -1.187003e+01 -3.271297e+01 -7.849397e+00
     vertex -1.124866e+01 -3.262278e+01 -7.279951e+00
   endloop
 endfacet
 facet normal  1.146500e-14  9.876883e-01 -1.564345e-01
   outer loop
     vertex -5.722853e+00 -3.367583e+01 -1.392868e+01
     vertex -1.187003e+01 -3.271297e+01 -7.849397e+00
     vertex -5.621320e+00 -3.365915e+01 -1.382335e+01
   endloop
 endfacet
 facet normal -1.263095e-15  9.876883e-01 -1.564345e-01
   outer loop
     vertex -5.722853e+00 -3.367583e+01 -1.392868e+01
     vertex -1.246188e+01 -3.280789e+01 -8.448726e+00
     vertex -1.187003e+01 -3.271297e+01 -7.849397e+00
   endloop
 endfacet
 facet normal -7.311701e-15  9.876883e-01 -1.564345e-01
   outer loop
     vertex -5.514677e+00 -3.364327e+01 -1.372306e+01
     vertex -5.621320e+00 -3.365915e+01 -1.382335e+01
     vertex -1.124866e+01 -3.262278e+01 -7.279951e+00
   endloop
 endfacet
 facet normal -1.833829e-14  9.876883e-01 -1.564345e-01
   outer loop
     vertex -5.819031e+00 -3.369327e+01 -1.403880e+01
     vertex -1.246188e+01 -3.280789e+01 -8.448726e+00
     vertex -5.722853e+00 -3.367583e+01 -1.392868e+01
   endloop
 endfacet
 facet normal  2.833374e-14  9.876883e-01 -1.564345e-01
   outer loop
     vertex -5.403180e+00 -3.362822e+01 -1.362807e+01
     vertex -5.514677e+00 -3.364327e+01 -1.372306e+01
     vertex -1.124866e+01 -3.262278e+01 -7.279951e+00
   endloop
 endfacet
 facet normal  1.950008e-15  9.876883e-01 -1.564345e-01
   outer loop
     vertex -5.403180e+00 -3.362822e+01 -1.362807e+01
     vertex -1.124866e+01 -3.262278e+01 -7.279951e+00
     vertex -1.059933e+01 -3.253754e+01 -6.741804e+00
   endloop
 endfacet
 facet normal  1.875185e-15  9.876883e-01 -1.564345e-01
   outer loop
     vertex -5.909623e+00 -3.371143e+01 -1.415345e+01
     vertex -1.302276e+01 -3.290731e+01 -9.076448e+00
     vertex -1.246188e+01 -3.280789e+01 -8.448726e+00
   endloop
 endfacet
 facet normal -1.147936e-14  9.876883e-01 -1.564345e-01
   outer loop
     vertex -5.909623e+00 -3.371143e+01 -1.415345e+01
     vertex -1.246188e+01 -3.280789e+01 -8.448726e+00
     vertex -5.819031e+00 -3.369327e+01 -1.403880e+01
   endloop
 endfacet
 facet normal -2.768702e-14  9.876883e-01 -1.564345e-01
   outer loop
     vertex -5.287098e+00 -3.361405e+01 -1.353859e+01
     vertex -5.403180e+00 -3.362822e+01 -1.362807e+01
     vertex -1.059933e+01 -3.253754e+01 -6.741804e+00
   endloop
 endfacet
 facet normal  8.724028e-15  9.876883e-01 -1.564345e-01
   outer loop
     vertex -5.994409e+00 -3.373027e+01 -1.427236e+01
     vertex -1.302276e+01 -3.290731e+01 -9.076448e+00
     vertex -5.909623e+00 -3.371143e+01 -1.415345e+01
   endloop
 endfacet
 facet normal -2.897035e-16  9.876883e-01 -1.564345e-01
   outer loop
     vertex -5.166711e+00 -3.360079e+01 -1.345485e+01
     vertex -1.059933e+01 -3.253754e+01 -6.741804e+00
     vertex -9.923642e+00 -3.245748e+01 -6.236294e+00
   endloop
 endfacet
 facet normal  6.381478e-15  9.876883e-01 -1.564345e-01
   outer loop
     vertex -5.166711e+00 -3.360079e+01 -1.345485e+01
     vertex -5.287098e+00 -3.361405e+01 -1.353859e+01
     vertex -1.059933e+01 -3.253754e+01 -6.741804e+00
   endloop
 endfacet
 facet normal  1.329215e-14  9.876883e-01 -1.564345e-01
   outer loop
     vertex -5.042308e+00 -3.358846e+01 -1.337704e+01
     vertex -5.166711e+00 -3.360079e+01 -1.345485e+01
     vertex -9.923642e+00 -3.245748e+01 -6.236294e+00
   endloop
 endfacet
 facet normal -6.774336e-15  9.876883e-01 -1.564345e-01
   outer loop
     vertex -6.073186e+00 -3.374973e+01 -1.439523e+01
     vertex -1.302276e+01 -3.290731e+01 -9.076448e+00
     vertex -5.994409e+00 -3.373027e+01 -1.427236e+01
   endloop
 endfacet
 facet normal  8.023415e-16  9.876883e-01 -1.564345e-01
   outer loop
     vertex -6.073186e+00 -3.374973e+01 -1.439523e+01
     vertex -1.355125e+01 -3.301099e+01 -9.731004e+00
     vertex -1.302276e+01 -3.290731e+01 -9.076448e+00
   endloop
 endfacet
 facet normal  2.309169e-14  9.876883e-01 -1.564345e-01
   outer loop
     vertex -6.145764e+00 -3.376977e+01 -1.452177e+01
     vertex -1.355125e+01 -3.301099e+01 -9.731004e+00
     vertex -6.073186e+00 -3.374973e+01 -1.439523e+01
   endloop
 endfacet
 facet normal -1.259652e-14  9.876883e-01 -1.564345e-01
   outer loop
     vertex -4.914190e+00 -3.357711e+01 -1.330536e+01
     vertex -5.042308e+00 -3.358846e+01 -1.337704e+01
     vertex -9.923642e+00 -3.245748e+01 -6.236294e+00
   endloop
 endfacet
 facet normal  1.484573e-15  9.876883e-01 -1.564345e-01
   outer loop
     vertex -4.914190e+00 -3.357711e+01 -1.330536e+01
     vertex -9.923642e+00 -3.245748e+01 -6.236294e+00
     vertex -9.223286e+00 -3.238278e+01 -5.764679e+00
   endloop
 endfacet
 facet normal -1.480748e-14  9.876883e-01 -1.564345e-01
   outer loop
     vertex -6.211968e+00 -3.379034e+01 -1.465168e+01
     vertex -1.355125e+01 -3.301099e+01 -9.731004e+00
     vertex -6.145764e+00 -3.376977e+01 -1.452177e+01
   endloop
 endfacet
 facet normal -2.022593e-15  9.876883e-01 -1.564345e-01
   outer loop
     vertex -6.211968e+00 -3.379034e+01 -1.465168e+01
     vertex -1.404606e+01 -3.311865e+01 -1.041076e+01
     vertex -1.355125e+01 -3.301099e+01 -9.731004e+00
   endloop
 endfacet
 facet normal  3.403203e-15  9.876883e-01 -1.564345e-01
   outer loop
     vertex -4.782665e+00 -3.356675e+01 -1.323997e+01
     vertex -4.914190e+00 -3.357711e+01 -1.330536e+01
     vertex -9.223286e+00 -3.238278e+01 -5.764679e+00
   endloop
 endfacet
 facet normal  2.350515e-16  9.876883e-01 -1.564345e-01
   outer loop
     vertex -4.782665e+00 -3.356675e+01 -1.323997e+01
     vertex -9.223286e+00 -3.238278e+01 -5.764679e+00
     vertex -8.500000e+00 -3.231364e+01 -5.328129e+00
   endloop
 endfacet
 facet normal  4.935859e-16  9.876883e-01 -1.564345e-01
   outer loop
     vertex -6.271639e+00 -3.381140e+01 -1.478463e+01
     vertex -1.450594e+01 -3.323004e+01 -1.111404e+01
     vertex -1.404606e+01 -3.311865e+01 -1.041076e+01
   endloop
 endfacet
 facet normal  9.747984e-15  9.876883e-01 -1.564345e-01
   outer loop
     vertex -6.271639e+00 -3.381140e+01 -1.478463e+01
     vertex -1.404606e+01 -3.311865e+01 -1.041076e+01
     vertex -6.211968e+00 -3.379034e+01 -1.465168e+01
   endloop
 endfacet
 facet normal -7.896567e-16  9.876883e-01 -1.564345e-01
   outer loop
     vertex -4.648050e+00 -3.355742e+01 -1.318103e+01
     vertex -4.782665e+00 -3.356675e+01 -1.323997e+01
     vertex -8.500000e+00 -3.231364e+01 -5.328129e+00
   endloop
 endfacet
 facet normal -7.245622e-15  9.876883e-01 -1.564345e-01
   outer loop
     vertex -6.324632e+00 -3.383289e+01 -1.492032e+01
     vertex -1.450594e+01 -3.323004e+01 -1.111404e+01
     vertex -6.271639e+00 -3.381140e+01 -1.478463e+01
   endloop
 endfacet
 facet normal  4.102225e-15  9.876883e-01 -1.564345e-01
   outer loop
     vertex -4.510670e+00 -3.354913e+01 -1.312869e+01
     vertex -4.648050e+00 -3.355742e+01 -1.318103e+01
     vertex -8.500000e+00 -3.231364e+01 -5.328129e+00
   endloop
 endfacet
 facet normal -1.366685e-15  9.876883e-01 -1.564345e-01
   outer loop
     vertex -4.510670e+00 -3.354913e+01 -1.312869e+01
     vertex -8.500000e+00 -3.231364e+01 -5.328129e+00
     vertex -7.755581e+00 -3.225022e+01 -4.927731e+00
   endloop
 endfacet
 facet normal -1.141111e-15  9.876883e-01 -1.564345e-01
   outer loop
     vertex -6.370821e+00 -3.385477e+01 -1.505842e+01
     vertex -1.492977e+01 -3.334487e+01 -1.183908e+01
     vertex -1.450594e+01 -3.323004e+01 -1.111404e+01
   endloop
 endfacet
 facet normal  2.433522e-15  9.876883e-01 -1.564345e-01
   outer loop
     vertex -6.370821e+00 -3.385477e+01 -1.505842e+01
     vertex -1.450594e+01 -3.323004e+01 -1.111404e+01
     vertex -6.324632e+00 -3.383289e+01 -1.492032e+01
   endloop
 endfacet
 facet normal -1.589619e-14  9.876883e-01 -1.564345e-01
   outer loop
     vertex -4.370854e+00 -3.354190e+01 -1.308307e+01
     vertex -4.510670e+00 -3.354913e+01 -1.312869e+01
     vertex -7.755581e+00 -3.225022e+01 -4.927731e+00
   endloop
 endfacet
 facet normal  1.696721e-15  9.876883e-01 -1.564345e-01
   outer loop
     vertex -6.410094e+00 -3.387697e+01 -1.519858e+01
     vertex -1.492977e+01 -3.334487e+01 -1.183908e+01
     vertex -6.370821e+00 -3.385477e+01 -1.505842e+01
   endloop
 endfacet
 facet normal -4.996202e-15  9.876883e-01 -1.564345e-01
   outer loop
     vertex -4.228941e+00 -3.353576e+01 -1.304428e+01
     vertex -4.370854e+00 -3.354190e+01 -1.308307e+01
     vertex -7.755581e+00 -3.225022e+01 -4.927731e+00
   endloop
 endfacet
 facet normal -4.440789e-15  9.876883e-01 -1.564345e-01
   outer loop
     vertex -4.228941e+00 -3.353576e+01 -1.304428e+01
     vertex -7.755581e+00 -3.225022e+01 -4.927731e+00
     vertex -6.991881e+00 -3.219269e+01 -4.564480e+00
   endloop
 endfacet
 facet normal -3.412268e-16  9.876883e-01 -1.564345e-01
   outer loop
     vertex -6.442356e+00 -3.389944e+01 -1.534048e+01
     vertex -1.531647e+01 -3.346287e+01 -1.258409e+01
     vertex -1.492977e+01 -3.334487e+01 -1.183908e+01
   endloop
 endfacet
 facet normal  2.014673e-15  9.876883e-01 -1.564345e-01
   outer loop
     vertex -6.442356e+00 -3.389944e+01 -1.534048e+01
     vertex -1.492977e+01 -3.334487e+01 -1.183908e+01
     vertex -6.410094e+00 -3.387697e+01 -1.519858e+01
   endloop
 endfacet
 facet normal  1.376722e-16  9.876883e-01 -1.564345e-01
   outer loop
     vertex -4.085271e+00 -3.353071e+01 -1.301242e+01
     vertex -6.991881e+00 -3.219269e+01 -4.564480e+00
     vertex -6.210797e+00 -3.214118e+01 -4.239280e+00
   endloop
 endfacet
 facet normal  5.361886e-15  9.876883e-01 -1.564345e-01
   outer loop
     vertex -4.085271e+00 -3.353071e+01 -1.301242e+01
     vertex -4.228941e+00 -3.353576e+01 -1.304428e+01
     vertex -6.991881e+00 -3.219269e+01 -4.564480e+00
   endloop
 endfacet
 facet normal  4.048739e-16  9.876883e-01 -1.564345e-01
   outer loop
     vertex -6.467530e+00 -3.392214e+01 -1.548378e+01
     vertex -1.566510e+01 -3.358374e+01 -1.334721e+01
     vertex -1.531647e+01 -3.346287e+01 -1.258409e+01
   endloop
 endfacet
 facet normal -1.372305e-15  9.876883e-01 -1.564345e-01
   outer loop
     vertex -6.467530e+00 -3.392214e+01 -1.548378e+01
     vertex -1.531647e+01 -3.346287e+01 -1.258409e+01
     vertex -6.442356e+00 -3.389944e+01 -1.534048e+01
   endloop
 endfacet
 facet normal  1.831882e-14  9.876883e-01 -1.564345e-01
   outer loop
     vertex -3.940191e+00 -3.352677e+01 -1.298756e+01
     vertex -4.085271e+00 -3.353071e+01 -1.301242e+01
     vertex -6.210797e+00 -3.214118e+01 -4.239280e+00
   endloop
 endfacet
 facet normal -6.428331e-15  9.876883e-01 -1.564345e-01
   outer loop
     vertex -6.485554e+00 -3.394500e+01 -1.562812e+01
     vertex -1.566510e+01 -3.358374e+01 -1.334721e+01
     vertex -6.467530e+00 -3.392214e+01 -1.548378e+01
   endloop
 endfacet
 facet normal -1.540835e-14  9.876883e-01 -1.564345e-01
   outer loop
     vertex -3.794051e+00 -3.352395e+01 -1.296975e+01
     vertex -3.940191e+00 -3.352677e+01 -1.298756e+01
     vertex -6.210797e+00 -3.214118e+01 -4.239280e+00
   endloop
 endfacet
 facet normal -9.189731e-16  9.876883e-01 -1.564345e-01
   outer loop
     vertex -3.794051e+00 -3.352395e+01 -1.296975e+01
     vertex -6.210797e+00 -3.214118e+01 -4.239280e+00
     vertex -5.414273e+00 -3.209583e+01 -3.952938e+00
   endloop
 endfacet
 facet normal -3.195103e-15  9.876883e-01 -1.564345e-01
   outer loop
     vertex -6.496386e+00 -3.396797e+01 -1.577316e+01
     vertex -1.566510e+01 -3.358374e+01 -1.334721e+01
     vertex -6.485554e+00 -3.394500e+01 -1.562812e+01
   endloop
 endfacet
 facet normal  7.274132e-16  9.876883e-01 -1.564345e-01
   outer loop
     vertex -6.496386e+00 -3.396797e+01 -1.577316e+01
     vertex -1.597477e+01 -3.370717e+01 -1.412655e+01
     vertex -1.566510e+01 -3.358374e+01 -1.334721e+01
   endloop
 endfacet
 facet normal  1.317146e-14  9.876883e-01 -1.564345e-01
   outer loop
     vertex -3.647203e+00 -3.352226e+01 -1.295905e+01
     vertex -3.794051e+00 -3.352395e+01 -1.296975e+01
     vertex -5.414273e+00 -3.209583e+01 -3.952938e+00
   endloop
 endfacet
 facet normal  1.281385e-14  9.876883e-01 -1.564345e-01
   outer loop
     vertex -3.500000e+00 -3.352169e+01 -1.295549e+01
     vertex -3.647203e+00 -3.352226e+01 -1.295905e+01
     vertex -5.414273e+00 -3.209583e+01 -3.952938e+00
   endloop
 endfacet
 facet normal  1.029375e-16  9.876883e-01 -1.564345e-01
   outer loop
     vertex -3.500000e+00 -3.352169e+01 -1.295549e+01
     vertex -4.238218e-01 -3.195818e+01 -3.083820e+00
     vertex  4.238218e-01 -3.195818e+01 -3.083820e+00
   endloop
 endfacet
 facet normal  2.358254e-15  9.876883e-01 -1.564345e-01
   outer loop
     vertex -3.500000e+00 -3.352169e+01 -1.295549e+01
     vertex -1.270412e+00 -3.196479e+01 -3.125552e+00
     vertex -4.238218e-01 -3.195818e+01 -3.083820e+00
   endloop
 endfacet
 facet normal -2.083989e-15  9.876883e-01 -1.564345e-01
   outer loop
     vertex -3.500000e+00 -3.352169e+01 -1.295549e+01
     vertex -2.113843e+00 -3.197799e+01 -3.208911e+00
     vertex -1.270412e+00 -3.196479e+01 -3.125552e+00
   endloop
 endfacet
 facet normal  2.938850e-16  9.876883e-01 -1.564345e-01
   outer loop
     vertex -3.500000e+00 -3.352169e+01 -1.295549e+01
     vertex -2.952019e+00 -3.199775e+01 -3.333690e+00
     vertex -2.113843e+00 -3.197799e+01 -3.208911e+00
   endloop
 endfacet
 facet normal  1.406278e-15  9.876883e-01 -1.564345e-01
   outer loop
     vertex -3.500000e+00 -3.352169e+01 -1.295549e+01
     vertex -3.782856e+00 -3.202403e+01 -3.499580e+00
     vertex -2.952019e+00 -3.199775e+01 -3.333690e+00
   endloop
 endfacet
 facet normal  8.605844e-16  9.876883e-01 -1.564345e-01
   outer loop
     vertex -3.500000e+00 -3.352169e+01 -1.295549e+01
     vertex -4.604288e+00 -3.205675e+01 -3.706167e+00
     vertex -3.782856e+00 -3.202403e+01 -3.499580e+00
   endloop
 endfacet
 facet normal  2.909078e-15  9.876883e-01 -1.564345e-01
   outer loop
     vertex -3.500000e+00 -3.352169e+01 -1.295549e+01
     vertex -5.414273e+00 -3.209583e+01 -3.952938e+00
     vertex -4.604288e+00 -3.205675e+01 -3.706167e+00
   endloop
 endfacet
 facet normal  1.852720e-16  9.876883e-01 -1.564345e-01
   outer loop
     vertex -6.500000e+00 -3.399100e+01 -1.591855e+01
     vertex -1.624474e+01 -3.383287e+01 -1.492016e+01
     vertex -1.597477e+01 -3.370717e+01 -1.412655e+01
   endloop
 endfacet
 facet normal  2.142492e-16  9.876883e-01 -1.564345e-01
   outer loop
     vertex -6.500000e+00 -3.399100e+01 -1.591855e+01
     vertex -1.647431e+01 -3.396051e+01 -1.572607e+01
     vertex -1.624474e+01 -3.383287e+01 -1.492016e+01
   endloop
 endfacet
 facet normal  1.686273e-16  9.876883e-01 -1.564345e-01
   outer loop
     vertex -6.500000e+00 -3.399100e+01 -1.591855e+01
     vertex -1.666293e+01 -3.408979e+01 -1.654229e+01
     vertex -1.647431e+01 -3.396051e+01 -1.572607e+01
   endloop
 endfacet
 facet normal -7.341697e-17  9.876883e-01 -1.564345e-01
   outer loop
     vertex -6.500000e+00 -3.399100e+01 -1.591855e+01
     vertex -1.681012e+01 -3.422037e+01 -1.736678e+01
     vertex -1.666293e+01 -3.408979e+01 -1.654229e+01
   endloop
 endfacet
 facet normal  1.324587e-15  9.876883e-01 -1.564345e-01
   outer loop
     vertex -6.500000e+00 -3.399100e+01 -1.591855e+01
     vertex -1.691552e+01 -3.435195e+01 -1.819749e+01
     vertex -1.681012e+01 -3.422037e+01 -1.736678e+01
   endloop
 endfacet
 facet normal -1.747739e-15  9.876883e-01 -1.564345e-01
   outer loop
     vertex -6.500000e+00 -3.399100e+01 -1.591855e+01
     vertex -1.697887e+01 -3.448418e+01 -1.903236e+01
     vertex -1.691552e+01 -3.435195e+01 -1.819749e+01
   endloop
 endfacet
 facet normal  1.823689e-16  9.876883e-01 -1.564345e-01
   outer loop
     vertex -6.500000e+00 -3.399100e+01 -1.591855e+01
     vertex -1.700000e+01 -3.461673e+01 -1.986930e+01
     vertex -1.697887e+01 -3.448418e+01 -1.903236e+01
   endloop
 endfacet
 facet normal  3.811176e-15  9.876883e-01 -1.564345e-01
   outer loop
     vertex -6.500000e+00 -3.399100e+01 -1.591855e+01
     vertex -1.597477e+01 -3.370717e+01 -1.412655e+01
     vertex -6.496386e+00 -3.396797e+01 -1.577316e+01
   endloop
 endfacet
 facet normal  5.557324e-15  9.876883e-01 -1.564345e-01
   outer loop
     vertex  3.500000e+00 -3.352169e+01 -1.295549e+01
     vertex  4.604288e+00 -3.205675e+01 -3.706167e+00
     vertex  5.414273e+00 -3.209583e+01 -3.952938e+00
   endloop
 endfacet
 facet normal -1.670596e-15  9.876883e-01 -1.564345e-01
   outer loop
     vertex  3.500000e+00 -3.352169e+01 -1.295549e+01
     vertex  3.782856e+00 -3.202403e+01 -3.499580e+00
     vertex  4.604288e+00 -3.205675e+01 -3.706167e+00
   endloop
 endfacet
 facet normal -1.449193e-15  9.876883e-01 -1.564345e-01
   outer loop
     vertex  3.500000e+00 -3.352169e+01 -1.295549e+01
     vertex  2.952019e+00 -3.199775e+01 -3.333690e+00
     vertex  3.782856e+00 -3.202403e+01 -3.499580e+00
   endloop
 endfacet
 facet normal -9.185083e-16  9.876883e-01 -1.564345e-01
   outer loop
     vertex  3.500000e+00 -3.352169e+01 -1.295549e+01
     vertex  2.113843e+00 -3.197799e+01 -3.208911e+00
     vertex  2.952019e+00 -3.199775e+01 -3.333690e+00
   endloop
 endfacet
 facet normal  2.170486e-15  9.876883e-01 -1.564345e-01
   outer loop
     vertex  3.500000e+00 -3.352169e+01 -1.295549e+01
     vertex  1.270412e+00 -3.196479e+01 -3.125552e+00
     vertex  2.113843e+00 -3.197799e+01 -3.208911e+00
   endloop
 endfacet
 facet normal -2.406523e-15  9.876883e-01 -1.564345e-01
   outer loop
     vertex  3.500000e+00 -3.352169e+01 -1.295549e+01
     vertex  4.238218e-01 -3.195818e+01 -3.083820e+00
     vertex  1.270412e+00 -3.196479e+01 -3.125552e+00
   endloop
 endfacet
 facet normal  0.000000e+00  9.876883e-01 -1.564345e-01
   outer loop
     vertex  3.500000e+00 -3.352169e+01 -1.295549e+01
     vertex -3.500000e+00 -3.352169e+01 -1.295549e+01
     vertex  4.238218e-01 -3.195818e+01 -3.083820e+00
   endloop
 endfacet
 facet normal -1.467620e-14  9.876883e-01 -1.564345e-01
   outer loop
     vertex  3.647203e+00 -3.352226e+01 -1.295905e+01
     vertex  3.500000e+00 -3.352169e+01 -1.295549e+01
     vertex  5.414273e+00 -3.209583e+01 -3.952938e+00
   endloop
 endfacet
 facet normal  1.117092e-15  9.876883e-01 -1.564345e-01
   outer loop
     vertex  3.794051e+00 -3.352395e+01 -1.296975e+01
     vertex  5.414273e+00 -3.209583e+01 -3.952938e+00
     vertex  6.210797e+00 -3.214118e+01 -4.239280e+00
   endloop
 endfacet
 facet normal -1.125627e-14  9.876883e-01 -1.564345e-01
   outer loop
     vertex  3.794051e+00 -3.352395e+01 -1.296975e+01
     vertex  3.647203e+00 -3.352226e+01 -1.295905e+01
     vertex  5.414273e+00 -3.209583e+01 -3.952938e+00
   endloop
 endfacet
 facet normal  1.364923e-14  9.876883e-01 -1.564345e-01
   outer loop
     vertex  3.940191e+00 -3.352677e+01 -1.298756e+01
     vertex  3.794051e+00 -3.352395e+01 -1.296975e+01
     vertex  6.210797e+00 -3.214118e+01 -4.239280e+00
   endloop
 endfacet
 facet normal -1.820299e-14  9.876883e-01 -1.564345e-01
   outer loop
     vertex  4.085271e+00 -3.353071e+01 -1.301242e+01
     vertex  3.940191e+00 -3.352677e+01 -1.298756e+01
     vertex  6.210797e+00 -3.214118e+01 -4.239280e+00
   endloop
 endfacet
 facet normal  2.139472e-16  9.876883e-01 -1.564345e-01
   outer loop
     vertex  4.085271e+00 -3.353071e+01 -1.301242e+01
     vertex  6.210797e+00 -3.214118e+01 -4.239280e+00
     vertex  6.991881e+00 -3.219269e+01 -4.564480e+00
   endloop
 endfacet
 facet normal -3.323047e-15  9.876883e-01 -1.564345e-01
   outer loop
     vertex  4.228941e+00 -3.353576e+01 -1.304428e+01
     vertex  6.991881e+00 -3.219269e+01 -4.564480e+00
     vertex  7.755581e+00 -3.225022e+01 -4.927731e+00
   endloop
 endfacet
 facet normal -7.005054e-15  9.876883e-01 -1.564345e-01
   outer loop
     vertex  4.228941e+00 -3.353576e+01 -1.304428e+01
     vertex  4.085271e+00 -3.353071e+01 -1.301242e+01
     vertex  6.991881e+00 -3.219269e+01 -4.564480e+00
   endloop
 endfacet
 facet normal  4.354732e-16  9.876883e-01 -1.564345e-01
   outer loop
     vertex -6.500000e+00 -3.524247e+01 -2.382006e+01
     vertex -1.697887e+01 -3.474929e+01 -2.070625e+01
     vertex -1.700000e+01 -3.461673e+01 -1.986930e+01
   endloop
 endfacet
 facet normal -5.705548e-16  9.876883e-01 -1.564345e-01
   outer loop
     vertex -6.500000e+00 -3.524247e+01 -2.382006e+01
     vertex -1.691552e+01 -3.488152e+01 -2.154112e+01
     vertex -1.697887e+01 -3.474929e+01 -2.070625e+01
   endloop
 endfacet
 facet normal  2.805643e-16  9.876883e-01 -1.564345e-01
   outer loop
     vertex -6.500000e+00 -3.524247e+01 -2.382006e+01
     vertex -1.681012e+01 -3.501310e+01 -2.237183e+01
     vertex -1.691552e+01 -3.488152e+01 -2.154112e+01
   endloop
 endfacet
 facet normal  3.748227e-16  9.876883e-01 -1.564345e-01
   outer loop
     vertex -6.500000e+00 -3.524247e+01 -2.382006e+01
     vertex -1.666293e+01 -3.514368e+01 -2.319632e+01
     vertex -1.681012e+01 -3.501310e+01 -2.237183e+01
   endloop
 endfacet
 facet normal  2.202536e-16  9.876883e-01 -1.564345e-01
   outer loop
     vertex -6.500000e+00 -3.524247e+01 -2.382006e+01
     vertex -1.647431e+01 -3.527296e+01 -2.401253e+01
     vertex -1.666293e+01 -3.514368e+01 -2.319632e+01
   endloop
 endfacet
 facet normal  2.074917e-16  9.876883e-01 -1.564345e-01
   outer loop
     vertex -6.500000e+00 -3.524247e+01 -2.382006e+01
     vertex -1.624474e+01 -3.540060e+01 -2.481845e+01
     vertex -1.647431e+01 -3.527296e+01 -2.401253e+01
   endloop
 endfacet
 facet normal  1.281048e-16  9.876883e-01 -1.564345e-01
   outer loop
     vertex -6.500000e+00 -3.524247e+01 -2.382006e+01
     vertex -1.597477e+01 -3.552630e+01 -2.561206e+01
     vertex -1.624474e+01 -3.540060e+01 -2.481845e+01
   endloop
 endfacet
 facet normal  1.920036e-16  9.876883e-01 -1.564345e-01
   outer loop
     vertex -6.500000e+00 -3.524247e+01 -2.382006e+01
     vertex -1.700000e+01 -3.461673e+01 -1.986930e+01
     vertex -6.500000e+00 -3.399100e+01 -1.591855e+01
   endloop
 endfacet
 facet normal  4.972957e-15  9.876883e-01 -1.564345e-01
   outer loop
     vertex  4.370854e+00 -3.354190e+01 -1.308307e+01
     vertex  4.228941e+00 -3.353576e+01 -1.304428e+01
     vertex  7.755581e+00 -3.225022e+01 -4.927731e+00
   endloop
 endfacet
 facet normal  1.198270e-16  9.876883e-01 -1.564345e-01
   outer loop
     vertex -6.496386e+00 -3.526550e+01 -2.396545e+01
     vertex -1.597477e+01 -3.552630e+01 -2.561206e+01
     vertex -6.500000e+00 -3.524247e+01 -2.382006e+01
   endloop
 endfacet
 facet normal -2.046713e-17  9.876883e-01 -1.564345e-01
   outer loop
     vertex -6.496386e+00 -3.526550e+01 -2.396545e+01
     vertex -1.566510e+01 -3.564973e+01 -2.639140e+01
     vertex -1.597477e+01 -3.552630e+01 -2.561206e+01
   endloop
 endfacet
 facet normal  1.091158e-15  9.876883e-01 -1.564345e-01
   outer loop
     vertex  4.510670e+00 -3.354913e+01 -1.312869e+01
     vertex  7.755581e+00 -3.225022e+01 -4.927731e+00
     vertex  8.500000e+00 -3.231364e+01 -5.328129e+00
   endloop
 endfacet
 facet normal  1.586683e-14  9.876883e-01 -1.564345e-01
   outer loop
     vertex  4.510670e+00 -3.354913e+01 -1.312869e+01
     vertex  4.370854e+00 -3.354190e+01 -1.308307e+01
     vertex  7.755581e+00 -3.225022e+01 -4.927731e+00
   endloop
 endfacet
 facet normal  3.774102e-15  9.876883e-01 -1.564345e-01
   outer loop
     vertex -6.485554e+00 -3.528847e+01 -2.411049e+01
     vertex -1.566510e+01 -3.564973e+01 -2.639140e+01
     vertex -6.496386e+00 -3.526550e+01 -2.396545e+01
   endloop
 endfacet
 facet normal -4.134965e-15  9.876883e-01 -1.564345e-01
   outer loop
     vertex  4.648050e+00 -3.355742e+01 -1.318103e+01
     vertex  4.510670e+00 -3.354913e+01 -1.312869e+01
     vertex  8.500000e+00 -3.231364e+01 -5.328129e+00
   endloop
 endfacet
 facet normal -5.139292e-16  9.876883e-01 -1.564345e-01
   outer loop
     vertex -6.467530e+00 -3.531133e+01 -2.425483e+01
     vertex -1.531647e+01 -3.577060e+01 -2.715452e+01
     vertex -1.566510e+01 -3.564973e+01 -2.639140e+01
   endloop
 endfacet
 facet normal -5.184499e-15  9.876883e-01 -1.564345e-01
   outer loop
     vertex -6.467530e+00 -3.531133e+01 -2.425483e+01
     vertex -1.566510e+01 -3.564973e+01 -2.639140e+01
     vertex -6.485554e+00 -3.528847e+01 -2.411049e+01
   endloop
 endfacet
 facet normal -4.311426e-16  9.876883e-01 -1.564345e-01
   outer loop
     vertex  4.782665e+00 -3.356675e+01 -1.323997e+01
     vertex  8.500000e+00 -3.231364e+01 -5.328129e+00
     vertex  9.223286e+00 -3.238278e+01 -5.764679e+00
   endloop
 endfacet
 facet normal -9.450918e-16  9.876883e-01 -1.564345e-01
   outer loop
     vertex  4.782665e+00 -3.356675e+01 -1.323997e+01
     vertex  4.648050e+00 -3.355742e+01 -1.318103e+01
     vertex  8.500000e+00 -3.231364e+01 -5.328129e+00
   endloop
 endfacet
 facet normal  2.981307e-15  9.876883e-01 -1.564345e-01
   outer loop
     vertex -6.442356e+00 -3.533403e+01 -2.439812e+01
     vertex -1.492977e+01 -3.588860e+01 -2.789952e+01
     vertex -1.531647e+01 -3.577060e+01 -2.715452e+01
   endloop
 endfacet
 facet normal  1.744642e-15  9.876883e-01 -1.564345e-01
   outer loop
     vertex -6.442356e+00 -3.533403e+01 -2.439812e+01
     vertex -1.531647e+01 -3.577060e+01 -2.715452e+01
     vertex -6.467530e+00 -3.531133e+01 -2.425483e+01
   endloop
 endfacet
 facet normal -9.995916e-16  9.876883e-01 -1.564345e-01
   outer loop
     vertex  4.914190e+00 -3.357711e+01 -1.330536e+01
     vertex  9.223286e+00 -3.238278e+01 -5.764679e+00
     vertex  9.923642e+00 -3.245748e+01 -6.236294e+00
   endloop
 endfacet
 facet normal -3.434946e-15  9.876883e-01 -1.564345e-01
   outer loop
     vertex  4.914190e+00 -3.357711e+01 -1.330536e+01
     vertex  4.782665e+00 -3.356675e+01 -1.323997e+01
     vertex  9.223286e+00 -3.238278e+01 -5.764679e+00
   endloop
 endfacet
 facet normal -4.541655e-15  9.876883e-01 -1.564345e-01
   outer loop
     vertex -6.410094e+00 -3.535650e+01 -2.454002e+01
     vertex -1.492977e+01 -3.588860e+01 -2.789952e+01
     vertex -6.442356e+00 -3.533403e+01 -2.439812e+01
   endloop
 endfacet
 facet normal  1.104228e-14  9.876883e-01 -1.564345e-01
   outer loop
     vertex  5.042308e+00 -3.358846e+01 -1.337704e+01
     vertex  4.914190e+00 -3.357711e+01 -1.330536e+01
     vertex  9.923642e+00 -3.245748e+01 -6.236294e+00
   endloop
 endfacet
 facet normal -2.916111e-15  9.876883e-01 -1.564345e-01
   outer loop
     vertex -6.370821e+00 -3.537870e+01 -2.468019e+01
     vertex -1.450594e+01 -3.600343e+01 -2.862457e+01
     vertex -1.492977e+01 -3.588860e+01 -2.789952e+01
   endloop
 endfacet
 facet normal -2.783184e-15  9.876883e-01 -1.564345e-01
   outer loop
     vertex -6.370821e+00 -3.537870e+01 -2.468019e+01
     vertex -1.492977e+01 -3.588860e+01 -2.789952e+01
     vertex -6.410094e+00 -3.535650e+01 -2.454002e+01
   endloop
 endfacet
 facet normal  1.891212e-16  9.876883e-01 -1.564345e-01
   outer loop
     vertex  5.166711e+00 -3.360079e+01 -1.345485e+01
     vertex  9.923642e+00 -3.245748e+01 -6.236294e+00
     vertex  1.059933e+01 -3.253754e+01 -6.741804e+00
   endloop
 endfacet
 facet normal -1.171014e-14  9.876883e-01 -1.564345e-01
   outer loop
     vertex  5.166711e+00 -3.360079e+01 -1.345485e+01
     vertex  5.042308e+00 -3.358846e+01 -1.337704e+01
     vertex  9.923642e+00 -3.245748e+01 -6.236294e+00
   endloop
 endfacet
 facet normal  1.845290e-14  9.876883e-01 -1.564345e-01
   outer loop
     vertex -6.324632e+00 -3.540058e+01 -2.481828e+01
     vertex -1.450594e+01 -3.600343e+01 -2.862457e+01
     vertex -6.370821e+00 -3.537870e+01 -2.468019e+01
   endloop
 endfacet
 facet normal -1.269683e-14  9.876883e-01 -1.564345e-01
   outer loop
     vertex -6.271639e+00 -3.542207e+01 -2.495397e+01
     vertex -1.450594e+01 -3.600343e+01 -2.862457e+01
     vertex -6.324632e+00 -3.540058e+01 -2.481828e+01
   endloop
 endfacet
 facet normal -4.962662e-16  9.876883e-01 -1.564345e-01
   outer loop
     vertex -6.271639e+00 -3.542207e+01 -2.495397e+01
     vertex -1.404606e+01 -3.611482e+01 -2.932784e+01
     vertex -1.450594e+01 -3.600343e+01 -2.862457e+01
   endloop
 endfacet
 facet normal -7.856169e-15  9.876883e-01 -1.564345e-01
   outer loop
     vertex  5.287098e+00 -3.361405e+01 -1.353859e+01
     vertex  5.166711e+00 -3.360079e+01 -1.345485e+01
     vertex  1.059933e+01 -3.253754e+01 -6.741804e+00
   endloop
 endfacet
 facet normal  2.654125e-15  9.876883e-01 -1.564345e-01
   outer loop
     vertex -6.211968e+00 -3.544313e+01 -2.508693e+01
     vertex -1.355125e+01 -3.622248e+01 -3.000760e+01
     vertex -1.404606e+01 -3.611482e+01 -2.932784e+01
   endloop
 endfacet
 facet normal  1.265380e-14  9.876883e-01 -1.564345e-01
   outer loop
     vertex -6.211968e+00 -3.544313e+01 -2.508693e+01
     vertex -1.404606e+01 -3.611482e+01 -2.932784e+01
     vertex -6.271639e+00 -3.542207e+01 -2.495397e+01
   endloop
 endfacet
 facet normal -1.329232e-15  9.876883e-01 -1.564345e-01
   outer loop
     vertex  5.403180e+00 -3.362822e+01 -1.362807e+01
     vertex  1.059933e+01 -3.253754e+01 -6.741804e+00
     vertex  1.124866e+01 -3.262278e+01 -7.279951e+00
   endloop
 endfacet
 facet normal  2.770376e-14  9.876883e-01 -1.564345e-01
   outer loop
     vertex  5.403180e+00 -3.362822e+01 -1.362807e+01
     vertex  5.287098e+00 -3.361405e+01 -1.353859e+01
     vertex  1.059933e+01 -3.253754e+01 -6.741804e+00
   endloop
 endfacet
 facet normal -1.405231e-14  9.876883e-01 -1.564345e-01
   outer loop
     vertex -6.145764e+00 -3.546370e+01 -2.521684e+01
     vertex -1.355125e+01 -3.622248e+01 -3.000760e+01
     vertex -6.211968e+00 -3.544313e+01 -2.508693e+01
   endloop
 endfacet
 facet normal  7.003566e-15  9.876883e-01 -1.564345e-01
   outer loop
     vertex  5.514677e+00 -3.364327e+01 -1.372306e+01
     vertex  5.403180e+00 -3.362822e+01 -1.362807e+01
     vertex  1.124866e+01 -3.262278e+01 -7.279951e+00
   endloop
 endfacet
 facet normal -3.991075e-17  9.876883e-01 -1.564345e-01
   outer loop
     vertex -6.073186e+00 -3.548374e+01 -2.534338e+01
     vertex -1.302276e+01 -3.632616e+01 -3.066216e+01
     vertex -1.355125e+01 -3.622248e+01 -3.000760e+01
   endloop
 endfacet
 facet normal  3.636488e-15  9.876883e-01 -1.564345e-01
   outer loop
     vertex -6.073186e+00 -3.548374e+01 -2.534338e+01
     vertex -1.355125e+01 -3.622248e+01 -3.000760e+01
     vertex -6.145764e+00 -3.546370e+01 -2.521684e+01
   endloop
 endfacet
 facet normal -3.042174e-14  9.876883e-01 -1.564345e-01
   outer loop
     vertex  5.621320e+00 -3.365915e+01 -1.382335e+01
     vertex  5.514677e+00 -3.364327e+01 -1.372306e+01
     vertex  1.124866e+01 -3.262278e+01 -7.279951e+00
   endloop
 endfacet
 facet normal  6.911627e-15  9.876883e-01 -1.564345e-01
   outer loop
     vertex -5.994409e+00 -3.550320e+01 -2.546625e+01
     vertex -1.302276e+01 -3.632616e+01 -3.066216e+01
     vertex -6.073186e+00 -3.548374e+01 -2.534338e+01
   endloop
 endfacet
 facet normal  4.025236e-15  9.876883e-01 -1.564345e-01
   outer loop
     vertex  1.187003e+01 -3.271297e+01 -7.849397e+00
     vertex  5.621320e+00 -3.365915e+01 -1.382335e+01
     vertex  1.124866e+01 -3.262278e+01 -7.279951e+00
   endloop
 endfacet
 facet normal  2.312956e-14  9.876883e-01 -1.564345e-01
   outer loop
     vertex  5.722853e+00 -3.367583e+01 -1.392868e+01
     vertex  5.621320e+00 -3.365915e+01 -1.382335e+01
     vertex  1.187003e+01 -3.271297e+01 -7.849397e+00
   endloop
 endfacet
 facet normal -9.713734e-15  9.876883e-01 -1.564345e-01
   outer loop
     vertex -5.909623e+00 -3.552204e+01 -2.558515e+01
     vertex -1.302276e+01 -3.632616e+01 -3.066216e+01
     vertex -5.994409e+00 -3.550320e+01 -2.546625e+01
   endloop
 endfacet
 facet normal -1.357485e-15  9.876883e-01 -1.564345e-01
   outer loop
     vertex -5.909623e+00 -3.552204e+01 -2.558515e+01
     vertex -1.246188e+01 -3.642558e+01 -3.128988e+01
     vertex -1.302276e+01 -3.632616e+01 -3.066216e+01
   endloop
 endfacet
 facet normal  1.028750e-14  9.876883e-01 -1.564345e-01
   outer loop
     vertex -5.819031e+00 -3.554020e+01 -2.569981e+01
     vertex -1.246188e+01 -3.642558e+01 -3.128988e+01
     vertex -5.909623e+00 -3.552204e+01 -2.558515e+01
   endloop
 endfacet
 facet normal -1.376496e-14  9.876883e-01 -1.564345e-01
   outer loop
     vertex -5.722853e+00 -3.555764e+01 -2.580993e+01
     vertex -1.246188e+01 -3.642558e+01 -3.128988e+01
     vertex -5.819031e+00 -3.554020e+01 -2.569981e+01
   endloop
 endfacet
 facet normal  1.334343e-15  9.876883e-01 -1.564345e-01
   outer loop
     vertex -1.187003e+01 -3.652050e+01 -3.188921e+01
     vertex -1.246188e+01 -3.642558e+01 -3.128988e+01
     vertex -5.722853e+00 -3.555764e+01 -2.580993e+01
   endloop
 endfacet
 facet normal  2.296192e-14  9.876883e-01 -1.564345e-01
   outer loop
     vertex -5.621320e+00 -3.557432e+01 -2.591526e+01
     vertex -1.187003e+01 -3.652050e+01 -3.188921e+01
     vertex -5.722853e+00 -3.555764e+01 -2.580993e+01
   endloop
 endfacet
 facet normal  1.112898e-14  9.876883e-01 -1.564345e-01
   outer loop
     vertex  1.246188e+01 -3.280789e+01 -8.448726e+00
     vertex  5.909623e+00 -3.371143e+01 -1.415345e+01
     vertex  5.819031e+00 -3.369327e+01 -1.403880e+01
   endloop
 endfacet
 facet normal -1.407215e-14  9.876883e-01 -1.564345e-01
   outer loop
     vertex  1.246188e+01 -3.280789e+01 -8.448726e+00
     vertex  5.819031e+00 -3.369327e+01 -1.403880e+01
     vertex  5.722853e+00 -3.367583e+01 -1.392868e+01
   endloop
 endfacet
 facet normal -4.818837e-15  9.876883e-01 -1.564345e-01
   outer loop
     vertex  1.246188e+01 -3.280789e+01 -8.448726e+00
     vertex  5.722853e+00 -3.367583e+01 -1.392868e+01
     vertex  1.187003e+01 -3.271297e+01 -7.849397e+00
   endloop
 endfacet
 facet normal  3.859259e-15  9.876883e-01 -1.564345e-01
   outer loop
     vertex -1.124866e+01 -3.661069e+01 -3.245866e+01
     vertex -1.187003e+01 -3.652050e+01 -3.188921e+01
     vertex -5.621320e+00 -3.557432e+01 -2.591526e+01
   endloop
 endfacet
 facet normal -2.867798e-14  9.876883e-01 -1.564345e-01
   outer loop
     vertex -1.124866e+01 -3.661069e+01 -3.245866e+01
     vertex -5.514677e+00 -3.559020e+01 -2.601554e+01
     vertex -5.403180e+00 -3.560525e+01 -2.611054e+01
   endloop
 endfacet
 facet normal  5.844718e-15  9.876883e-01 -1.564345e-01
   outer loop
     vertex -1.124866e+01 -3.661069e+01 -3.245866e+01
     vertex -5.621320e+00 -3.557432e+01 -2.591526e+01
     vertex -5.514677e+00 -3.559020e+01 -2.601554e+01
   endloop
 endfacet
 facet normal  5.711003e-15  9.876883e-01 -1.564345e-01
   outer loop
     vertex  1.302276e+01 -3.290731e+01 -9.076448e+00
     vertex  6.073186e+00 -3.374973e+01 -1.439523e+01
     vertex  5.994409e+00 -3.373027e+01 -1.427236e+01
   endloop
 endfacet
 facet normal -8.402318e-15  9.876883e-01 -1.564345e-01
   outer loop
     vertex  1.302276e+01 -3.290731e+01 -9.076448e+00
     vertex  5.994409e+00 -3.373027e+01 -1.427236e+01
     vertex  5.909623e+00 -3.371143e+01 -1.415345e+01
   endloop
 endfacet
 facet normal  3.606445e-15  9.876883e-01 -1.564345e-01
   outer loop
     vertex  1.302276e+01 -3.290731e+01 -9.076448e+00
     vertex  5.909623e+00 -3.371143e+01 -1.415345e+01
     vertex  1.246188e+01 -3.280789e+01 -8.448726e+00
   endloop
 endfacet
 facet normal -5.129490e-15  9.876883e-01 -1.564345e-01
   outer loop
     vertex -1.059933e+01 -3.669593e+01 -3.299680e+01
     vertex -5.287098e+00 -3.561942e+01 -2.620001e+01
     vertex -5.166711e+00 -3.563268e+01 -2.628376e+01
   endloop
 endfacet
 facet normal  2.432950e-14  9.876883e-01 -1.564345e-01
   outer loop
     vertex -1.059933e+01 -3.669593e+01 -3.299680e+01
     vertex -5.403180e+00 -3.560525e+01 -2.611054e+01
     vertex -5.287098e+00 -3.561942e+01 -2.620001e+01
   endloop
 endfacet
 facet normal -1.257208e-15  9.876883e-01 -1.564345e-01
   outer loop
     vertex -1.059933e+01 -3.669593e+01 -3.299680e+01
     vertex -1.124866e+01 -3.661069e+01 -3.245866e+01
     vertex -5.403180e+00 -3.560525e+01 -2.611054e+01
   endloop
 endfacet
 facet normal -1.279087e-14  9.876883e-01 -1.564345e-01
   outer loop
     vertex  1.355125e+01 -3.301099e+01 -9.731004e+00
     vertex  6.211968e+00 -3.379034e+01 -1.465168e+01
     vertex  6.145764e+00 -3.376977e+01 -1.452177e+01
   endloop
 endfacet
 facet normal  3.848128e-15  9.876883e-01 -1.564345e-01
   outer loop
     vertex  1.355125e+01 -3.301099e+01 -9.731004e+00
     vertex  6.145764e+00 -3.376977e+01 -1.452177e+01
     vertex  6.073186e+00 -3.374973e+01 -1.439523e+01
   endloop
 endfacet
 facet normal -3.392084e-16  9.876883e-01 -1.564345e-01
   outer loop
     vertex  1.355125e+01 -3.301099e+01 -9.731004e+00
     vertex  6.073186e+00 -3.374973e+01 -1.439523e+01
     vertex  1.302276e+01 -3.290731e+01 -9.076448e+00
   endloop
 endfacet
 facet normal  1.249637e-14  9.876883e-01 -1.564345e-01
   outer loop
     vertex -9.923642e+00 -3.677599e+01 -3.350231e+01
     vertex -5.042308e+00 -3.564501e+01 -2.636156e+01
     vertex -4.914190e+00 -3.565636e+01 -2.643325e+01
   endloop
 endfacet
 facet normal -1.564603e-14  9.876883e-01 -1.564345e-01
   outer loop
     vertex -9.923642e+00 -3.677599e+01 -3.350231e+01
     vertex -5.166711e+00 -3.563268e+01 -2.628376e+01
     vertex -5.042308e+00 -3.564501e+01 -2.636156e+01
   endloop
 endfacet
 facet normal  6.967031e-17  9.876883e-01 -1.564345e-01
   outer loop
     vertex -9.923642e+00 -3.677599e+01 -3.350231e+01
     vertex -1.059933e+01 -3.669593e+01 -3.299680e+01
     vertex -5.166711e+00 -3.563268e+01 -2.628376e+01
   endloop
 endfacet
 facet normal  1.294343e-14  9.876883e-01 -1.564345e-01
   outer loop
     vertex  1.404606e+01 -3.311865e+01 -1.041076e+01
     vertex  6.271639e+00 -3.381140e+01 -1.478463e+01
     vertex  6.211968e+00 -3.379034e+01 -1.465168e+01
   endloop
 endfacet
 facet normal -1.798419e-15  9.876883e-01 -1.564345e-01
   outer loop
     vertex  1.404606e+01 -3.311865e+01 -1.041076e+01
     vertex  6.211968e+00 -3.379034e+01 -1.465168e+01
     vertex  1.355125e+01 -3.301099e+01 -9.731004e+00
   endloop
 endfacet
 facet normal -3.829508e-15  9.876883e-01 -1.564345e-01
   outer loop
     vertex -9.223286e+00 -3.685069e+01 -3.397393e+01
     vertex -4.914190e+00 -3.565636e+01 -2.643325e+01
     vertex -4.782665e+00 -3.566672e+01 -2.649864e+01
   endloop
 endfacet
 facet normal -8.948667e-16  9.876883e-01 -1.564345e-01
   outer loop
     vertex -9.223286e+00 -3.685069e+01 -3.397393e+01
     vertex -9.923642e+00 -3.677599e+01 -3.350231e+01
     vertex -4.914190e+00 -3.565636e+01 -2.643325e+01
   endloop
 endfacet
 facet normal  2.994736e-15  9.876883e-01 -1.564345e-01
   outer loop
     vertex  1.450594e+01 -3.323004e+01 -1.111404e+01
     vertex  6.271639e+00 -3.381140e+01 -1.478463e+01
     vertex  1.404606e+01 -3.311865e+01 -1.041076e+01
   endloop
 endfacet
 facet normal -2.002803e-15  9.876883e-01 -1.564345e-01
   outer loop
     vertex  1.450594e+01 -3.323004e+01 -1.111404e+01
     vertex  6.370821e+00 -3.385477e+01 -1.505842e+01
     vertex  6.324632e+00 -3.383289e+01 -1.492032e+01
   endloop
 endfacet
 facet normal -1.340181e-14  9.876883e-01 -1.564345e-01
   outer loop
     vertex  1.450594e+01 -3.323004e+01 -1.111404e+01
     vertex  6.324632e+00 -3.383289e+01 -1.492032e+01
     vertex  6.271639e+00 -3.381140e+01 -1.478463e+01
   endloop
 endfacet
 facet normal -2.432292e-15  9.876883e-01 -1.564345e-01
   outer loop
     vertex -8.500000e+00 -3.691983e+01 -3.441048e+01
     vertex -4.648050e+00 -3.567605e+01 -2.655757e+01
     vertex -4.510670e+00 -3.568434e+01 -2.660991e+01
   endloop
 endfacet
 facet normal -9.787531e-16  9.876883e-01 -1.564345e-01
   outer loop
     vertex -8.500000e+00 -3.691983e+01 -3.441048e+01
     vertex -4.782665e+00 -3.566672e+01 -2.649864e+01
     vertex -4.648050e+00 -3.567605e+01 -2.655757e+01
   endloop
 endfacet
 facet normal  1.177892e-15  9.876883e-01 -1.564345e-01
   outer loop
     vertex -8.500000e+00 -3.691983e+01 -3.441048e+01
     vertex -9.223286e+00 -3.685069e+01 -3.397393e+01
     vertex -4.782665e+00 -3.566672e+01 -2.649864e+01
   endloop
 endfacet
 facet normal -1.759746e-15  9.876883e-01 -1.564345e-01
   outer loop
     vertex  1.492977e+01 -3.334487e+01 -1.183908e+01
     vertex  6.370821e+00 -3.385477e+01 -1.505842e+01
     vertex  1.450594e+01 -3.323004e+01 -1.111404e+01
   endloop
 endfacet
 facet normal -3.613631e-15  9.876883e-01 -1.564345e-01
   outer loop
     vertex  1.492977e+01 -3.334487e+01 -1.183908e+01
     vertex  6.442356e+00 -3.389944e+01 -1.534048e+01
     vertex  6.410094e+00 -3.387697e+01 -1.519858e+01
   endloop
 endfacet
 facet normal  1.509762e-14  9.876883e-01 -1.564345e-01
   outer loop
     vertex  1.492977e+01 -3.334487e+01 -1.183908e+01
     vertex  6.410094e+00 -3.387697e+01 -1.519858e+01
     vertex  6.370821e+00 -3.385477e+01 -1.505842e+01
   endloop
 endfacet
 facet normal  4.454827e-15  9.876883e-01 -1.564345e-01
   outer loop
     vertex -7.755581e+00 -3.698325e+01 -3.481088e+01
     vertex -4.370854e+00 -3.569157e+01 -2.665553e+01
     vertex -4.228941e+00 -3.569771e+01 -2.669432e+01
   endloop
 endfacet
 facet normal  1.655136e-14  9.876883e-01 -1.564345e-01
   outer loop
     vertex -7.755581e+00 -3.698325e+01 -3.481088e+01
     vertex -4.510670e+00 -3.568434e+01 -2.660991e+01
     vertex -4.370854e+00 -3.569157e+01 -2.665553e+01
   endloop
 endfacet
 facet normal -6.721745e-15  9.876883e-01 -1.564345e-01
   outer loop
     vertex -7.755581e+00 -3.698325e+01 -3.481088e+01
     vertex -8.500000e+00 -3.691983e+01 -3.441048e+01
     vertex -4.510670e+00 -3.568434e+01 -2.660991e+01
   endloop
 endfacet
 facet normal -2.129727e-16  9.876883e-01 -1.564345e-01
   outer loop
     vertex  1.531647e+01 -3.346287e+01 -1.258409e+01
     vertex  6.442356e+00 -3.389944e+01 -1.534048e+01
     vertex  1.492977e+01 -3.334487e+01 -1.183908e+01
   endloop
 endfacet
 facet normal  4.874680e-16  9.876883e-01 -1.564345e-01
   outer loop
     vertex  1.531647e+01 -3.346287e+01 -1.258409e+01
     vertex  6.467530e+00 -3.392214e+01 -1.548378e+01
     vertex  6.442356e+00 -3.389944e+01 -1.534048e+01
   endloop
 endfacet
 facet normal -7.226171e-15  9.876883e-01 -1.564345e-01
   outer loop
     vertex -6.991881e+00 -3.704078e+01 -3.517413e+01
     vertex -4.228941e+00 -3.569771e+01 -2.669432e+01
     vertex -4.085271e+00 -3.570276e+01 -2.672619e+01
   endloop
 endfacet
 facet normal  5.224893e-15  9.876883e-01 -1.564345e-01
   outer loop
     vertex -6.991881e+00 -3.704078e+01 -3.517413e+01
     vertex -7.755581e+00 -3.698325e+01 -3.481088e+01
     vertex -4.228941e+00 -3.569771e+01 -2.669432e+01
   endloop
 endfacet
 facet normal -9.684165e-16  9.876883e-01 -1.564345e-01
   outer loop
     vertex  1.566510e+01 -3.358374e+01 -1.334721e+01
     vertex  6.467530e+00 -3.392214e+01 -1.548378e+01
     vertex  1.531647e+01 -3.346287e+01 -1.258409e+01
   endloop
 endfacet
 facet normal  3.194696e-15  9.876883e-01 -1.564345e-01
   outer loop
     vertex  1.566510e+01 -3.358374e+01 -1.334721e+01
     vertex  6.496386e+00 -3.396797e+01 -1.577316e+01
     vertex  6.485554e+00 -3.394500e+01 -1.562812e+01
   endloop
 endfacet
 facet normal -5.748541e-15  9.876883e-01 -1.564345e-01
   outer loop
     vertex  1.566510e+01 -3.358374e+01 -1.334721e+01
     vertex  6.485554e+00 -3.394500e+01 -1.562812e+01
     vertex  6.467530e+00 -3.392214e+01 -1.548378e+01
   endloop
 endfacet
 facet normal  1.342977e-14  9.876883e-01 -1.564345e-01
   outer loop
     vertex -6.210797e+00 -3.709229e+01 -3.549933e+01
     vertex -3.940191e+00 -3.570670e+01 -2.675105e+01
     vertex -3.794051e+00 -3.570952e+01 -2.676885e+01
   endloop
 endfacet
 facet normal -1.885385e-14  9.876883e-01 -1.564345e-01
   outer loop
     vertex -6.210797e+00 -3.709229e+01 -3.549933e+01
     vertex -4.085271e+00 -3.570276e+01 -2.672619e+01
     vertex -3.940191e+00 -3.570670e+01 -2.675105e+01
   endloop
 endfacet
 facet normal  1.132466e-15  9.876883e-01 -1.564345e-01
   outer loop
     vertex -6.210797e+00 -3.709229e+01 -3.549933e+01
     vertex -6.991881e+00 -3.704078e+01 -3.517413e+01
     vertex -4.085271e+00 -3.570276e+01 -2.672619e+01
   endloop
 endfacet
 facet normal  1.679034e-15  9.876883e-01 -1.564345e-01
   outer loop
     vertex  1.597477e+01 -3.370717e+01 -1.412655e+01
     vertex  6.496386e+00 -3.396797e+01 -1.577316e+01
     vertex  1.566510e+01 -3.358374e+01 -1.334721e+01
   endloop
 endfacet
 facet normal -5.429011e-18  9.876883e-01 -1.564345e-01
   outer loop
     vertex  1.597477e+01 -3.370717e+01 -1.412655e+01
     vertex  6.500000e+00 -3.399100e+01 -1.591855e+01
     vertex  6.496386e+00 -3.396797e+01 -1.577316e+01
   endloop
 endfacet
 facet normal -1.713454e-14  9.876883e-01 -1.564345e-01
   outer loop
     vertex -5.414273e+00 -3.713764e+01 -3.578567e+01
     vertex -3.647203e+00 -3.571121e+01 -2.677955e+01
     vertex -3.500000e+00 -3.571178e+01 -2.678312e+01
   endloop
 endfacet
 facet normal -8.914512e-15  9.876883e-01 -1.564345e-01
   outer loop
     vertex -5.414273e+00 -3.713764e+01 -3.578567e+01
     vertex -3.794051e+00 -3.570952e+01 -2.676885e+01
     vertex -3.647203e+00 -3.571121e+01 -2.677955e+01
   endloop
 endfacet
 facet normal  1.117367e-15  9.876883e-01 -1.564345e-01
   outer loop
     vertex -5.414273e+00 -3.713764e+01 -3.578567e+01
     vertex -6.210797e+00 -3.709229e+01 -3.549933e+01
     vertex -3.794051e+00 -3.570952e+01 -2.676885e+01
   endloop
 endfacet
 facet normal  3.997548e-16  9.876883e-01 -1.564345e-01
   outer loop
     vertex  1.624474e+01 -3.383287e+01 -1.492016e+01
     vertex  6.500000e+00 -3.399100e+01 -1.591855e+01
     vertex  1.597477e+01 -3.370717e+01 -1.412655e+01
   endloop
 endfacet
 facet normal -1.527171e-15  9.876883e-01 -1.564345e-01
   outer loop
     vertex -4.604288e+00 -3.717672e+01 -3.603244e+01
     vertex -5.414273e+00 -3.713764e+01 -3.578567e+01
     vertex -3.500000e+00 -3.571178e+01 -2.678312e+01
   endloop
 endfacet
 facet normal  4.430500e-16  9.876883e-01 -1.564345e-01
   outer loop
     vertex  1.647431e+01 -3.396051e+01 -1.572607e+01
     vertex  6.500000e+00 -3.399100e+01 -1.591855e+01
     vertex  1.624474e+01 -3.383287e+01 -1.492016e+01
   endloop
 endfacet
 facet normal  3.087930e-16  9.876883e-01 -1.564345e-01
   outer loop
     vertex -3.782856e+00 -3.720944e+01 -3.623903e+01
     vertex -4.604288e+00 -3.717672e+01 -3.603244e+01
     vertex -3.500000e+00 -3.571178e+01 -2.678312e+01
   endloop
 endfacet
 facet normal  3.108677e-16  9.876883e-01 -1.564345e-01
   outer loop
     vertex  1.666293e+01 -3.408979e+01 -1.654229e+01
     vertex  6.500000e+00 -3.399100e+01 -1.591855e+01
     vertex  1.647431e+01 -3.396051e+01 -1.572607e+01
   endloop
 endfacet
 facet normal -4.432601e-15  9.876883e-01 -1.564345e-01
   outer loop
     vertex -2.952019e+00 -3.723572e+01 -3.640492e+01
     vertex -3.782856e+00 -3.720944e+01 -3.623903e+01
     vertex -3.500000e+00 -3.571178e+01 -2.678312e+01
   endloop
 endfacet
 facet normal -4.731731e-17  9.876883e-01 -1.564345e-01
   outer loop
     vertex  1.681012e+01 -3.422037e+01 -1.736678e+01
     vertex  6.500000e+00 -3.399100e+01 -1.591855e+01
     vertex  1.666293e+01 -3.408979e+01 -1.654229e+01
   endloop
 endfacet
 facet normal  3.498288e-16  9.876883e-01 -1.564345e-01
   outer loop
     vertex -2.113843e+00 -3.725548e+01 -3.652970e+01
     vertex -2.952019e+00 -3.723572e+01 -3.640492e+01
     vertex -3.500000e+00 -3.571178e+01 -2.678312e+01
   endloop
 endfacet
 facet normal -4.215884e-17  9.876883e-01 -1.564345e-01
   outer loop
     vertex  1.691552e+01 -3.435195e+01 -1.819749e+01
     vertex  6.500000e+00 -3.399100e+01 -1.591855e+01
     vertex  1.681012e+01 -3.422037e+01 -1.736678e+01
   endloop
 endfacet
 facet normal  3.419685e-15  9.876883e-01 -1.564345e-01
   outer loop
     vertex -1.270412e+00 -3.726868e+01 -3.661305e+01
     vertex -2.113843e+00 -3.725548e+01 -3.652970e+01
     vertex -3.500000e+00 -3.571178e+01 -2.678312e+01
   endloop
 endfacet
 facet normal -8.807842e-16  9.876883e-01 -1.564345e-01
   outer loop
     vertex  1.697887e+01 -3.448418e+01 -1.903236e+01
     vertex  6.500000e+00 -3.399100e+01 -1.591855e+01
     vertex  1.691552e+01 -3.435195e+01 -1.819749e+01
   endloop
 endfacet
 facet normal -6.474166e-18  9.876883e-01 -1.564345e-01
   outer loop
     vertex -4.238218e-01 -3.727529e+01 -3.665479e+01
     vertex -3.500000e+00 -3.571178e+01 -2.678312e+01
     vertex  3.500000e+00 -3.571178e+01 -2.678312e+01
   endloop
 endfacet
 facet normal -5.956059e-15  9.876883e-01 -1.564345e-01
   outer loop
     vertex -4.238218e-01 -3.727529e+01 -3.665479e+01
     vertex -1.270412e+00 -3.726868e+01 -3.661305e+01
     vertex -3.500000e+00 -3.571178e+01 -2.678312e+01
   endloop
 endfacet
 facet normal -1.386397e-17  9.876883e-01 -1.564345e-01
   outer loop
     vertex  1.700000e+01 -3.461673e+01 -1.986930e+01
     vertex  6.500000e+00 -3.524247e+01 -2.382006e+01
     vertex  6.500000e+00 -3.399100e+01 -1.591855e+01
   endloop
 endfacet
 facet normal -2.689485e-16  9.876883e-01 -1.564345e-01
   outer loop
     vertex  1.700000e+01 -3.461673e+01 -1.986930e+01
     vertex  6.500000e+00 -3.399100e+01 -1.591855e+01
     vertex  1.697887e+01 -3.448418e+01 -1.903236e+01
   endloop
 endfacet
 facet normal  2.622644e-15  9.876883e-01 -1.564345e-01
   outer loop
     vertex  4.238218e-01 -3.727529e+01 -3.665479e+01
     vertex -4.238218e-01 -3.727529e+01 -3.665479e+01
     vertex  3.500000e+00 -3.571178e+01 -2.678312e+01
   endloop
 endfacet
 facet normal -4.587096e-16  9.876883e-01 -1.564345e-01
   outer loop
     vertex  1.697887e+01 -3.474929e+01 -2.070625e+01
     vertex  6.500000e+00 -3.524247e+01 -2.382006e+01
     vertex  1.700000e+01 -3.461673e+01 -1.986930e+01
   endloop
 endfacet
 facet normal -1.117652e-15  9.876883e-01 -1.564345e-01
   outer loop
     vertex  1.270412e+00 -3.726868e+01 -3.661305e+01
     vertex  4.238218e-01 -3.727529e+01 -3.665479e+01
     vertex  3.500000e+00 -3.571178e+01 -2.678312e+01
   endloop
 endfacet
 facet normal  4.961458e-16  9.876883e-01 -1.564345e-01
   outer loop
     vertex  1.691552e+01 -3.488152e+01 -2.154112e+01
     vertex  6.500000e+00 -3.524247e+01 -2.382006e+01
     vertex  1.697887e+01 -3.474929e+01 -2.070625e+01
   endloop
 endfacet
 facet normal -7.615180e-16  9.876883e-01 -1.564345e-01
   outer loop
     vertex  2.113843e+00 -3.725548e+01 -3.652970e+01
     vertex  1.270412e+00 -3.726868e+01 -3.661305e+01
     vertex  3.500000e+00 -3.571178e+01 -2.678312e+01
   endloop
 endfacet
 facet normal -3.405395e-16  9.876883e-01 -1.564345e-01
   outer loop
     vertex  1.681012e+01 -3.501310e+01 -2.237183e+01
     vertex  6.500000e+00 -3.524247e+01 -2.382006e+01
     vertex  1.691552e+01 -3.488152e+01 -2.154112e+01
   endloop
 endfacet
 facet normal  3.690770e-15  9.876883e-01 -1.564345e-01
   outer loop
     vertex  2.952019e+00 -3.723572e+01 -3.640492e+01
     vertex  2.113843e+00 -3.725548e+01 -3.652970e+01
     vertex  3.500000e+00 -3.571178e+01 -2.678312e+01
   endloop
 endfacet
 facet normal -4.401589e-16  9.876883e-01 -1.564345e-01
   outer loop
     vertex  1.666293e+01 -3.514368e+01 -2.319632e+01
     vertex  6.500000e+00 -3.524247e+01 -2.382006e+01
     vertex  1.681012e+01 -3.501310e+01 -2.237183e+01
   endloop
 endfacet
 facet normal -1.363036e-15  9.876883e-01 -1.564345e-01
   outer loop
     vertex  3.782856e+00 -3.720944e+01 -3.623903e+01
     vertex  2.952019e+00 -3.723572e+01 -3.640492e+01
     vertex  3.500000e+00 -3.571178e+01 -2.678312e+01
   endloop
 endfacet
 facet normal -2.419619e-16  9.876883e-01 -1.564345e-01
   outer loop
     vertex  1.647431e+01 -3.527296e+01 -2.401253e+01
     vertex  6.500000e+00 -3.524247e+01 -2.382006e+01
     vertex  1.666293e+01 -3.514368e+01 -2.319632e+01
   endloop
 endfacet
 facet normal  2.296214e-15  9.876883e-01 -1.564345e-01
   outer loop
     vertex  4.604288e+00 -3.717672e+01 -3.603244e+01
     vertex  3.782856e+00 -3.720944e+01 -3.623903e+01
     vertex  3.500000e+00 -3.571178e+01 -2.678312e+01
   endloop
 endfacet
 facet normal -2.029627e-16  9.876883e-01 -1.564345e-01
   outer loop
     vertex  1.624474e+01 -3.540060e+01 -2.481845e+01
     vertex  6.500000e+00 -3.524247e+01 -2.382006e+01
     vertex  1.647431e+01 -3.527296e+01 -2.401253e+01
   endloop
 endfacet
 facet normal  1.705296e-14  9.876883e-01 -1.564345e-01
   outer loop
     vertex  5.414273e+00 -3.713764e+01 -3.578567e+01
     vertex  3.500000e+00 -3.571178e+01 -2.678312e+01
     vertex  3.647203e+00 -3.571121e+01 -2.677955e+01
   endloop
 endfacet
 facet normal  9.957576e-15  9.876883e-01 -1.564345e-01
   outer loop
     vertex  5.414273e+00 -3.713764e+01 -3.578567e+01
     vertex  3.647203e+00 -3.571121e+01 -2.677955e+01
     vertex  3.794051e+00 -3.570952e+01 -2.676885e+01
   endloop
 endfacet
 facet normal -2.878357e-15  9.876883e-01 -1.564345e-01
   outer loop
     vertex  5.414273e+00 -3.713764e+01 -3.578567e+01
     vertex  4.604288e+00 -3.717672e+01 -3.603244e+01
     vertex  3.500000e+00 -3.571178e+01 -2.678312e+01
   endloop
 endfacet
 facet normal -1.934425e-16  9.876883e-01 -1.564345e-01
   outer loop
     vertex  1.597477e+01 -3.552630e+01 -2.561206e+01
     vertex  6.500000e+00 -3.524247e+01 -2.382006e+01
     vertex  1.624474e+01 -3.540060e+01 -2.481845e+01
   endloop
 endfacet
 facet normal -3.339565e-16  9.876883e-01 -1.564345e-01
   outer loop
     vertex  1.597477e+01 -3.552630e+01 -2.561206e+01
     vertex  6.496386e+00 -3.526550e+01 -2.396545e+01
     vertex  6.500000e+00 -3.524247e+01 -2.382006e+01
   endloop
 endfacet
 facet normal -1.407617e-14  9.876883e-01 -1.564345e-01
   outer loop
     vertex  6.210797e+00 -3.709229e+01 -3.549933e+01
     vertex  3.794051e+00 -3.570952e+01 -2.676885e+01
     vertex  3.940191e+00 -3.570670e+01 -2.675105e+01
   endloop
 endfacet
 facet normal  1.804687e-14  9.876883e-01 -1.564345e-01
   outer loop
     vertex  6.210797e+00 -3.709229e+01 -3.549933e+01
     vertex  3.940191e+00 -3.570670e+01 -2.675105e+01
     vertex  4.085271e+00 -3.570276e+01 -2.672619e+01
   endloop
 endfacet
 facet normal  2.515431e-17  9.876883e-01 -1.564345e-01
   outer loop
     vertex  6.210797e+00 -3.709229e+01 -3.549933e+01
     vertex  5.414273e+00 -3.713764e+01 -3.578567e+01
     vertex  3.794051e+00 -3.570952e+01 -2.676885e+01
   endloop
 endfacet
 facet normal -1.400090e-15  9.876883e-01 -1.564345e-01
   outer loop
     vertex  1.566510e+01 -3.564973e+01 -2.639140e+01
     vertex  6.496386e+00 -3.526550e+01 -2.396545e+01
     vertex  1.597477e+01 -3.552630e+01 -2.561206e+01
   endloop
 endfacet
 facet normal  5.629638e-15  9.876883e-01 -1.564345e-01
   outer loop
     vertex  1.566510e+01 -3.564973e+01 -2.639140e+01
     vertex  6.467530e+00 -3.531133e+01 -2.425483e+01
     vertex  6.485554e+00 -3.528847e+01 -2.411049e+01
   endloop
 endfacet
 facet normal -3.363220e-15  9.876883e-01 -1.564345e-01
   outer loop
     vertex  1.566510e+01 -3.564973e+01 -2.639140e+01
     vertex  6.485554e+00 -3.528847e+01 -2.411049e+01
     vertex  6.496386e+00 -3.526550e+01 -2.396545e+01
   endloop
 endfacet
 facet normal  7.356173e-15  9.876883e-01 -1.564345e-01
   outer loop
     vertex  6.991881e+00 -3.704078e+01 -3.517413e+01
     vertex  4.085271e+00 -3.570276e+01 -2.672619e+01
     vertex  4.228941e+00 -3.569771e+01 -2.669432e+01
   endloop
 endfacet
 facet normal  2.603186e-15  9.876883e-01 -1.564345e-01
   outer loop
     vertex  6.991881e+00 -3.704078e+01 -3.517413e+01
     vertex  6.210797e+00 -3.709229e+01 -3.549933e+01
     vertex  4.085271e+00 -3.570276e+01 -2.672619e+01
   endloop
 endfacet
 facet normal  1.054580e-15  9.876883e-01 -1.564345e-01
   outer loop
     vertex  1.531647e+01 -3.577060e+01 -2.715452e+01
     vertex  6.467530e+00 -3.531133e+01 -2.425483e+01
     vertex  1.566510e+01 -3.564973e+01 -2.639140e+01
   endloop
 endfacet
 facet normal -1.356092e-15  9.876883e-01 -1.564345e-01
   outer loop
     vertex  1.531647e+01 -3.577060e+01 -2.715452e+01
     vertex  6.442356e+00 -3.533403e+01 -2.439812e+01
     vertex  6.467530e+00 -3.531133e+01 -2.425483e+01
   endloop
 endfacet
 facet normal -2.703251e-15  9.876883e-01 -1.564345e-01
   outer loop
     vertex  7.755581e+00 -3.698325e+01 -3.481088e+01
     vertex  6.991881e+00 -3.704078e+01 -3.517413e+01
     vertex  4.228941e+00 -3.569771e+01 -2.669432e+01
   endloop
 endfacet
 facet normal -4.485089e-15  9.876883e-01 -1.564345e-01
   outer loop
     vertex  7.755581e+00 -3.698325e+01 -3.481088e+01
     vertex  4.228941e+00 -3.569771e+01 -2.669432e+01
     vertex  4.370854e+00 -3.569157e+01 -2.665553e+01
   endloop
 endfacet
 facet normal -1.556329e-14  9.876883e-01 -1.564345e-01
   outer loop
     vertex  7.755581e+00 -3.698325e+01 -3.481088e+01
     vertex  4.370854e+00 -3.569157e+01 -2.665553e+01
     vertex  4.510670e+00 -3.568434e+01 -2.660991e+01
   endloop
 endfacet
 facet normal  4.648002e-16  9.876883e-01 -1.564345e-01
   outer loop
     vertex  1.492977e+01 -3.588860e+01 -2.789952e+01
     vertex  6.442356e+00 -3.533403e+01 -2.439812e+01
     vertex  1.531647e+01 -3.577060e+01 -2.715452e+01
   endloop
 endfacet
 facet normal  2.259468e-15  9.876883e-01 -1.564345e-01
   outer loop
     vertex  1.492977e+01 -3.588860e+01 -2.789952e+01
     vertex  6.370821e+00 -3.537870e+01 -2.468019e+01
     vertex  6.410094e+00 -3.535650e+01 -2.454002e+01
   endloop
 endfacet
 facet normal  4.055282e-15  9.876883e-01 -1.564345e-01
   outer loop
     vertex  1.492977e+01 -3.588860e+01 -2.789952e+01
     vertex  6.410094e+00 -3.535650e+01 -2.454002e+01
     vertex  6.442356e+00 -3.533403e+01 -2.439812e+01
   endloop
 endfacet
 facet normal  2.421345e-15  9.876883e-01 -1.564345e-01
   outer loop
     vertex  8.500000e+00 -3.691983e+01 -3.441048e+01
     vertex  4.510670e+00 -3.568434e+01 -2.660991e+01
     vertex  4.648050e+00 -3.567605e+01 -2.655757e+01
   endloop
 endfacet
 facet normal  1.483588e-15  9.876883e-01 -1.564345e-01
   outer loop
     vertex  8.500000e+00 -3.691983e+01 -3.441048e+01
     vertex  4.648050e+00 -3.567605e+01 -2.655757e+01
     vertex  4.782665e+00 -3.566672e+01 -2.649864e+01
   endloop
 endfacet
 facet normal  2.981903e-16  9.876883e-01 -1.564345e-01
   outer loop
     vertex  8.500000e+00 -3.691983e+01 -3.441048e+01
     vertex  7.755581e+00 -3.698325e+01 -3.481088e+01
     vertex  4.510670e+00 -3.568434e+01 -2.660991e+01
   endloop
 endfacet
 facet normal -3.114029e-16  9.876883e-01 -1.564345e-01
   outer loop
     vertex  1.450594e+01 -3.600343e+01 -2.862457e+01
     vertex  6.370821e+00 -3.537870e+01 -2.468019e+01
     vertex  1.492977e+01 -3.588860e+01 -2.789952e+01
   endloop
 endfacet
 facet normal  1.282228e-14  9.876883e-01 -1.564345e-01
   outer loop
     vertex  1.450594e+01 -3.600343e+01 -2.862457e+01
     vertex  6.271639e+00 -3.542207e+01 -2.495397e+01
     vertex  6.324632e+00 -3.540058e+01 -2.481828e+01
   endloop
 endfacet
 facet normal -1.817236e-14  9.876883e-01 -1.564345e-01
   outer loop
     vertex  1.450594e+01 -3.600343e+01 -2.862457e+01
     vertex  6.324632e+00 -3.540058e+01 -2.481828e+01
     vertex  6.370821e+00 -3.537870e+01 -2.468019e+01
   endloop
 endfacet
 facet normal  3.822633e-15  9.876883e-01 -1.564345e-01
   outer loop
     vertex  9.223286e+00 -3.685069e+01 -3.397393e+01
     vertex  4.782665e+00 -3.566672e+01 -2.649864e+01
     vertex  4.914190e+00 -3.565636e+01 -2.643325e+01
   endloop
 endfacet
 facet normal  2.189742e-15  9.876883e-01 -1.564345e-01
   outer loop
     vertex  9.223286e+00 -3.685069e+01 -3.397393e+01
     vertex  8.500000e+00 -3.691983e+01 -3.441048e+01
     vertex  4.782665e+00 -3.566672e+01 -2.649864e+01
   endloop
 endfacet
 facet normal -1.193123e-14  9.876883e-01 -1.564345e-01
   outer loop
     vertex  1.404606e+01 -3.611482e+01 -2.932784e+01
     vertex  6.211968e+00 -3.544313e+01 -2.508693e+01
     vertex  6.271639e+00 -3.542207e+01 -2.495397e+01
   endloop
 endfacet
 facet normal -2.017414e-15  9.876883e-01 -1.564345e-01
   outer loop
     vertex  1.404606e+01 -3.611482e+01 -2.932784e+01
     vertex  6.271639e+00 -3.542207e+01 -2.495397e+01
     vertex  1.450594e+01 -3.600343e+01 -2.862457e+01
   endloop
 endfacet
 facet normal -1.276179e-14  9.876883e-01 -1.564345e-01
   outer loop
     vertex  9.923642e+00 -3.677599e+01 -3.350231e+01
     vertex  4.914190e+00 -3.565636e+01 -2.643325e+01
     vertex  5.042308e+00 -3.564501e+01 -2.636156e+01
   endloop
 endfacet
 facet normal  1.525995e-14  9.876883e-01 -1.564345e-01
   outer loop
     vertex  9.923642e+00 -3.677599e+01 -3.350231e+01
     vertex  5.042308e+00 -3.564501e+01 -2.636156e+01
     vertex  5.166711e+00 -3.563268e+01 -2.628376e+01
   endloop
 endfacet
 facet normal -4.077919e-15  9.876883e-01 -1.564345e-01
   outer loop
     vertex  9.923642e+00 -3.677599e+01 -3.350231e+01
     vertex  9.223286e+00 -3.685069e+01 -3.397393e+01
     vertex  4.914190e+00 -3.565636e+01 -2.643325e+01
   endloop
 endfacet
 facet normal  2.615184e-15  9.876883e-01 -1.564345e-01
   outer loop
     vertex  1.355125e+01 -3.622248e+01 -3.000760e+01
     vertex  6.211968e+00 -3.544313e+01 -2.508693e+01
     vertex  1.404606e+01 -3.611482e+01 -2.932784e+01
   endloop
 endfacet
 facet normal -3.674581e-15  9.876883e-01 -1.564345e-01
   outer loop
     vertex  1.355125e+01 -3.622248e+01 -3.000760e+01
     vertex  6.073186e+00 -3.548374e+01 -2.534338e+01
     vertex  6.145764e+00 -3.546370e+01 -2.521684e+01
   endloop
 endfacet
 facet normal  1.375330e-14  9.876883e-01 -1.564345e-01
   outer loop
     vertex  1.355125e+01 -3.622248e+01 -3.000760e+01
     vertex  6.145764e+00 -3.546370e+01 -2.521684e+01
     vertex  6.211968e+00 -3.544313e+01 -2.508693e+01
   endloop
 endfacet
 facet normal  4.769973e-15  9.876883e-01 -1.564345e-01
   outer loop
     vertex  1.059933e+01 -3.669593e+01 -3.299680e+01
     vertex  5.166711e+00 -3.563268e+01 -2.628376e+01
     vertex  5.287098e+00 -3.561942e+01 -2.620001e+01
   endloop
 endfacet
 facet normal -2.487387e-14  9.876883e-01 -1.564345e-01
   outer loop
     vertex  1.059933e+01 -3.669593e+01 -3.299680e+01
     vertex  5.287098e+00 -3.561942e+01 -2.620001e+01
     vertex  5.403180e+00 -3.560525e+01 -2.611054e+01
   endloop
 endfacet
 facet normal  6.791638e-16  9.876883e-01 -1.564345e-01
   outer loop
     vertex  1.059933e+01 -3.669593e+01 -3.299680e+01
     vertex  9.923642e+00 -3.677599e+01 -3.350231e+01
     vertex  5.166711e+00 -3.563268e+01 -2.628376e+01
   endloop
 endfacet
 facet normal -3.125031e-15  9.876883e-01 -1.564345e-01
   outer loop
     vertex  1.302276e+01 -3.632616e+01 -3.066216e+01
     vertex  6.073186e+00 -3.548374e+01 -2.534338e+01
     vertex  1.355125e+01 -3.622248e+01 -3.000760e+01
   endloop
 endfacet
 facet normal  9.681024e-15  9.876883e-01 -1.564345e-01
   outer loop
     vertex  1.302276e+01 -3.632616e+01 -3.066216e+01
     vertex  5.909623e+00 -3.552204e+01 -2.558515e+01
     vertex  5.994409e+00 -3.550320e+01 -2.546625e+01
   endloop
 endfacet
 facet normal -6.419009e-15  9.876883e-01 -1.564345e-01
   outer loop
     vertex  1.302276e+01 -3.632616e+01 -3.066216e+01
     vertex  5.994409e+00 -3.550320e+01 -2.546625e+01
     vertex  6.073186e+00 -3.548374e+01 -2.534338e+01
   endloop
 endfacet
 facet normal  2.820551e-14  9.876883e-01 -1.564345e-01
   outer loop
     vertex  1.124866e+01 -3.661069e+01 -3.245866e+01
     vertex  5.403180e+00 -3.560525e+01 -2.611054e+01
     vertex  5.514677e+00 -3.559020e+01 -2.601554e+01
   endloop
 endfacet
 facet normal -5.964051e-15  9.876883e-01 -1.564345e-01
   outer loop
     vertex  1.124866e+01 -3.661069e+01 -3.245866e+01
     vertex  5.514677e+00 -3.559020e+01 -2.601554e+01
     vertex  5.621320e+00 -3.557432e+01 -2.591526e+01
   endloop
 endfacet
 facet normal  3.080042e-15  9.876883e-01 -1.564345e-01
   outer loop
     vertex  1.124866e+01 -3.661069e+01 -3.245866e+01
     vertex  1.059933e+01 -3.669593e+01 -3.299680e+01
     vertex  5.403180e+00 -3.560525e+01 -2.611054e+01
   endloop
 endfacet
 facet normal  2.806603e-15  9.876883e-01 -1.564345e-01
   outer loop
     vertex  1.246188e+01 -3.642558e+01 -3.128988e+01
     vertex  5.909623e+00 -3.552204e+01 -2.558515e+01
     vertex  1.302276e+01 -3.632616e+01 -3.066216e+01
   endloop
 endfacet
 facet normal  1.405892e-14  9.876883e-01 -1.564345e-01
   outer loop
     vertex  1.246188e+01 -3.642558e+01 -3.128988e+01
     vertex  5.722853e+00 -3.555764e+01 -2.580993e+01
     vertex  5.819031e+00 -3.554020e+01 -2.569981e+01
   endloop
 endfacet
 facet normal -1.015664e-14  9.876883e-01 -1.564345e-01
   outer loop
     vertex  1.246188e+01 -3.642558e+01 -3.128988e+01
     vertex  5.819031e+00 -3.554020e+01 -2.569981e+01
     vertex  5.909623e+00 -3.552204e+01 -2.558515e+01
   endloop
 endfacet
 facet normal -2.264769e-14  9.876883e-01 -1.564345e-01
   outer loop
     vertex  1.187003e+01 -3.652050e+01 -3.188921e+01
     vertex  5.621320e+00 -3.557432e+01 -2.591526e+01
     vertex  5.722853e+00 -3.555764e+01 -2.580993e+01
   endloop
 endfacet
 facet normal -2.485172e-15  9.876883e-01 -1.564345e-01
   outer loop
     vertex  1.187003e+01 -3.652050e+01 -3.188921e+01
     vertex  1.124866e+01 -3.661069e+01 -3.245866e+01
     vertex  5.621320e+00 -3.557432e+01 -2.591526e+01
   endloop
 endfacet
 facet normal  5.441916e-17  9.876883e-01 -1.564345e-01
   outer loop
     vertex  1.187003e+01 -3.652050e+01 -3.188921e+01
     vertex  5.722853e+00 -3.555764e+01 -2.580993e+01
     vertex  1.246188e+01 -3.642558e+01 -3.128988e+01
   endloop
 endfacet
 facet normal -2.454123e-02 -1.563873e-01 -9.873909e-01
   outer loop
     vertex -3.647203e+00 -3.571121e+01 -2.677955e+01
     vertex -3.647203e+00 -1.595744e+01 -2.990824e+01
     vertex -3.500000e+00 -1.595801e+01 -2.991181e+01
   endloop
 endfacet
 facet normal -2.454123e-02 -1.563873e-01 -9.873909e-01
   outer loop
     vertex -3.647203e+00 -3.571121e+01 -2.677955e+01
     vertex -3.500000e+00 -1.595801e+01 -2.991181e+01
     vertex -3.500000e+00 -3.571178e+01 -2.678312e+01
   endloop
 endfacet
 facet normal -7.356456e-02 -1.560106e-01 -9.850122e-01
   outer loop
     vertex -3.794051e+00 -3.570952e+01 -2.676885e+01
     vertex -3.794051e+00 -1.595575e+01 -2.989754e+01
     vertex -3.647203e+00 -1.595744e+01 -2.990824e+01
   endloop
 endfacet
 facet normal -7.356456e-02 -1.560106e-01 -9.850122e-01
   outer loop
     vertex -3.794051e+00 -3.570952e+01 -2.676885e+01
     vertex -3.647203e+00 -1.595744e+01 -2.990824e+01
     vertex -3.647203e+00 -3.571121e+01 -2.677955e+01
   endloop
 endfacet
 facet normal -1.224107e-01 -1.552580e-01 -9.802605e-01
   outer loop
     vertex -3.940191e+00 -3.570670e+01 -2.675105e+01
     vertex -3.940191e+00 -1.595293e+01 -2.987974e+01
     vertex -3.794051e+00 -1.595575e+01 -2.989754e+01
   endloop
 endfacet
 facet normal -1.224107e-01 -1.552580e-01 -9.802605e-01
   outer loop
     vertex -3.940191e+00 -3.570670e+01 -2.675105e+01
     vertex -3.794051e+00 -1.595575e+01 -2.989754e+01
     vertex -3.794051e+00 -3.570952e+01 -2.676885e+01
   endloop
 endfacet
 facet normal -1.709619e-01 -1.541314e-01 -9.731472e-01
   outer loop
     vertex -4.085271e+00 -3.570276e+01 -2.672619e+01
     vertex -4.085271e+00 -1.594899e+01 -2.985488e+01
     vertex -3.940191e+00 -1.595293e+01 -2.987974e+01
   endloop
 endfacet
 facet normal -1.709619e-01 -1.541314e-01 -9.731472e-01
   outer loop
     vertex -4.085271e+00 -3.570276e+01 -2.672619e+01
     vertex -3.940191e+00 -1.595293e+01 -2.987974e+01
     vertex -3.940191e+00 -3.570670e+01 -2.675105e+01
   endloop
 endfacet
 facet normal -2.191012e-01 -1.526334e-01 -9.636896e-01
   outer loop
     vertex -4.228941e+00 -3.569771e+01 -2.669432e+01
     vertex -4.228941e+00 -1.594394e+01 -2.982301e+01
     vertex -4.085271e+00 -1.594899e+01 -2.985488e+01
   endloop
 endfacet
 facet normal -2.191012e-01 -1.526334e-01 -9.636896e-01
   outer loop
     vertex -4.228941e+00 -3.569771e+01 -2.669432e+01
     vertex -4.085271e+00 -1.594899e+01 -2.985488e+01
     vertex -4.085271e+00 -3.570276e+01 -2.672619e+01
   endloop
 endfacet
 facet normal -2.667128e-01 -1.507678e-01 -9.519104e-01
   outer loop
     vertex -4.370854e+00 -3.569157e+01 -2.665553e+01
     vertex -4.370854e+00 -1.593780e+01 -2.978422e+01
     vertex -4.228941e+00 -1.594394e+01 -2.982301e+01
   endloop
 endfacet
 facet normal -2.667128e-01 -1.507678e-01 -9.519104e-01
   outer loop
     vertex -4.370854e+00 -3.569157e+01 -2.665553e+01
     vertex -4.228941e+00 -1.594394e+01 -2.982301e+01
     vertex -4.228941e+00 -3.569771e+01 -2.669432e+01
   endloop
 endfacet
 facet normal -3.136817e-01 -1.485389e-01 -9.378379e-01
   outer loop
     vertex -4.510670e+00 -3.568434e+01 -2.660991e+01
     vertex -4.510670e+00 -1.593058e+01 -2.973860e+01
     vertex -4.370854e+00 -1.593780e+01 -2.978422e+01
   endloop
 endfacet
 facet normal -3.136817e-01 -1.485389e-01 -9.378379e-01
   outer loop
     vertex -4.510670e+00 -3.568434e+01 -2.660991e+01
     vertex -4.370854e+00 -1.593780e+01 -2.978422e+01
     vertex -4.370854e+00 -3.569157e+01 -2.665553e+01
   endloop
 endfacet
 facet normal -3.598950e-01 -1.459522e-01 -9.215061e-01
   outer loop
     vertex -4.648050e+00 -3.567605e+01 -2.655757e+01
     vertex -4.648050e+00 -1.592229e+01 -2.968626e+01
     vertex -4.510670e+00 -1.593058e+01 -2.973860e+01
   endloop
 endfacet
 facet normal -3.598950e-01 -1.459522e-01 -9.215061e-01
   outer loop
     vertex -4.648050e+00 -3.567605e+01 -2.655757e+01
     vertex -4.510670e+00 -1.593058e+01 -2.973860e+01
     vertex -4.510670e+00 -3.568434e+01 -2.660991e+01
   endloop
 endfacet
 facet normal -4.052413e-01 -1.430139e-01 -9.029543e-01
   outer loop
     vertex -4.782665e+00 -3.566672e+01 -2.649864e+01
     vertex -4.648050e+00 -1.592229e+01 -2.968626e+01
     vertex -4.648050e+00 -3.567605e+01 -2.655757e+01
   endloop
 endfacet
 facet normal -4.052413e-01 -1.430139e-01 -9.029543e-01
   outer loop
     vertex -4.782665e+00 -3.566672e+01 -2.649864e+01
     vertex -4.782665e+00 -1.591295e+01 -2.962733e+01
     vertex -4.648050e+00 -1.592229e+01 -2.968626e+01
   endloop
 endfacet
 facet normal -4.496113e-01 -1.397311e-01 -8.822272e-01
   outer loop
     vertex -4.914190e+00 -3.565636e+01 -2.643325e+01
     vertex -4.914190e+00 -1.590259e+01 -2.956194e+01
     vertex -4.782665e+00 -1.591295e+01 -2.962733e+01
   endloop
 endfacet
 facet normal -4.496113e-01 -1.397311e-01 -8.822272e-01
   outer loop
     vertex -4.914190e+00 -3.565636e+01 -2.643325e+01
     vertex -4.782665e+00 -1.591295e+01 -2.962733e+01
     vertex -4.782665e+00 -3.566672e+01 -2.649864e+01
   endloop
 endfacet
 facet normal -4.928982e-01 -1.361116e-01 -8.593748e-01
   outer loop
     vertex -5.042308e+00 -3.564501e+01 -2.636156e+01
     vertex -5.042308e+00 -1.589124e+01 -2.949025e+01
     vertex -4.914190e+00 -1.590259e+01 -2.956194e+01
   endloop
 endfacet
 facet normal -5.349976e-01 -1.321642e-01 -8.344520e-01
   outer loop
     vertex -5.042308e+00 -3.564501e+01 -2.636156e+01
     vertex -5.166711e+00 -1.587892e+01 -2.941244e+01
     vertex -5.042308e+00 -1.589124e+01 -2.949025e+01
   endloop
 endfacet
 facet normal -4.928982e-01 -1.361116e-01 -8.593748e-01
   outer loop
     vertex -5.042308e+00 -3.564501e+01 -2.636156e+01
     vertex -4.914190e+00 -1.590259e+01 -2.956194e+01
     vertex -4.914190e+00 -3.565636e+01 -2.643325e+01
   endloop
 endfacet
 facet normal -5.349976e-01 -1.321642e-01 -8.344520e-01
   outer loop
     vertex -5.166711e+00 -3.563268e+01 -2.628376e+01
     vertex -5.166711e+00 -1.587892e+01 -2.941244e+01
     vertex -5.042308e+00 -3.564501e+01 -2.636156e+01
   endloop
 endfacet
 facet normal -5.758082e-01 -1.278984e-01 -8.075190e-01
   outer loop
     vertex -5.287098e+00 -3.561942e+01 -2.620001e+01
     vertex -5.287098e+00 -1.586565e+01 -2.932870e+01
     vertex -5.166711e+00 -1.587892e+01 -2.941244e+01
   endloop
 endfacet
 facet normal -5.758082e-01 -1.278984e-01 -8.075190e-01
   outer loop
     vertex -5.287098e+00 -3.561942e+01 -2.620001e+01
     vertex -5.166711e+00 -1.587892e+01 -2.941244e+01
     vertex -5.166711e+00 -3.563268e+01 -2.628376e+01
   endloop
 endfacet
 facet normal -6.152316e-01 -1.233246e-01 -7.786406e-01
   outer loop
     vertex -5.403180e+00 -3.560525e+01 -2.611054e+01
     vertex -5.403180e+00 -1.585148e+01 -2.923923e+01
     vertex -5.287098e+00 -1.586565e+01 -2.932870e+01
   endloop
 endfacet
 facet normal -6.531728e-01 -1.184536e-01 -7.478863e-01
   outer loop
     vertex -5.403180e+00 -3.560525e+01 -2.611054e+01
     vertex -5.514677e+00 -1.583644e+01 -2.914423e+01
     vertex -5.403180e+00 -1.585148e+01 -2.923923e+01
   endloop
 endfacet
 facet normal -6.152316e-01 -1.233246e-01 -7.786406e-01
   outer loop
     vertex -5.403180e+00 -3.560525e+01 -2.611054e+01
     vertex -5.287098e+00 -1.586565e+01 -2.932870e+01
     vertex -5.287098e+00 -3.561942e+01 -2.620001e+01
   endloop
 endfacet
 facet normal -6.895405e-01 -1.132972e-01 -7.153304e-01
   outer loop
     vertex -5.514677e+00 -3.559020e+01 -2.601554e+01
     vertex -5.621320e+00 -1.582055e+01 -2.904395e+01
     vertex -5.514677e+00 -1.583644e+01 -2.914423e+01
   endloop
 endfacet
 facet normal -6.531728e-01 -1.184536e-01 -7.478863e-01
   outer loop
     vertex -5.514677e+00 -3.559020e+01 -2.601554e+01
     vertex -5.514677e+00 -1.583644e+01 -2.914423e+01
     vertex -5.403180e+00 -3.560525e+01 -2.611054e+01
   endloop
 endfacet
 facet normal -6.895405e-01 -1.132972e-01 -7.153304e-01
   outer loop
     vertex -5.621320e+00 -3.557432e+01 -2.591526e+01
     vertex -5.621320e+00 -1.582055e+01 -2.904395e+01
     vertex -5.514677e+00 -3.559020e+01 -2.601554e+01
   endloop
 endfacet
 facet normal -7.242471e-01 -1.078679e-01 -6.810512e-01
   outer loop
     vertex -5.722853e+00 -3.555764e+01 -2.580993e+01
     vertex -5.722853e+00 -1.580387e+01 -2.893862e+01
     vertex -5.621320e+00 -1.582055e+01 -2.904395e+01
   endloop
 endfacet
 facet normal -7.242471e-01 -1.078679e-01 -6.810512e-01
   outer loop
     vertex -5.722853e+00 -3.555764e+01 -2.580993e+01
     vertex -5.621320e+00 -1.582055e+01 -2.904395e+01
     vertex -5.621320e+00 -3.557432e+01 -2.591526e+01
   endloop
 endfacet
 facet normal -7.572088e-01 -1.021787e-01 -6.451312e-01
   outer loop
     vertex -5.819031e+00 -3.554020e+01 -2.569981e+01
     vertex -5.819031e+00 -1.578643e+01 -2.882849e+01
     vertex -5.722853e+00 -1.580387e+01 -2.893862e+01
   endloop
 endfacet
 facet normal -7.572088e-01 -1.021787e-01 -6.451312e-01
   outer loop
     vertex -5.819031e+00 -3.554020e+01 -2.569981e+01
     vertex -5.722853e+00 -1.580387e+01 -2.893862e+01
     vertex -5.722853e+00 -3.555764e+01 -2.580993e+01
   endloop
 endfacet
 facet normal -7.883464e-01 -9.624342e-02 -6.076571e-01
   outer loop
     vertex -5.909623e+00 -3.552204e+01 -2.558515e+01
     vertex -5.909623e+00 -1.576827e+01 -2.871384e+01
     vertex -5.819031e+00 -1.578643e+01 -2.882849e+01
   endloop
 endfacet
 facet normal -8.175848e-01 -9.007625e-02 -5.687190e-01
   outer loop
     vertex -5.909623e+00 -3.552204e+01 -2.558515e+01
     vertex -5.994409e+00 -1.574944e+01 -2.859494e+01
     vertex -5.909623e+00 -1.576827e+01 -2.871384e+01
   endloop
 endfacet
 facet normal -7.883464e-01 -9.624342e-02 -6.076571e-01
   outer loop
     vertex -5.909623e+00 -3.552204e+01 -2.558515e+01
     vertex -5.819031e+00 -1.578643e+01 -2.882849e+01
     vertex -5.819031e+00 -3.554020e+01 -2.569981e+01
   endloop
 endfacet
 facet normal -8.175848e-01 -9.007625e-02 -5.687190e-01
   outer loop
     vertex -5.994409e+00 -3.550320e+01 -2.546625e+01
     vertex -5.994409e+00 -1.574944e+01 -2.859494e+01
     vertex -5.909623e+00 -3.552204e+01 -2.558515e+01
   endloop
 endfacet
 facet normal -8.448536e-01 -8.369207e-02 -5.284109e-01
   outer loop
     vertex -6.073186e+00 -3.548374e+01 -2.534338e+01
     vertex -6.073186e+00 -1.572998e+01 -2.847207e+01
     vertex -5.994409e+00 -1.574944e+01 -2.859494e+01
   endloop
 endfacet
 facet normal -8.448536e-01 -8.369207e-02 -5.284109e-01
   outer loop
     vertex -6.073186e+00 -3.548374e+01 -2.534338e+01
     vertex -5.994409e+00 -1.574944e+01 -2.859494e+01
     vertex -5.994409e+00 -3.550320e+01 -2.546625e+01
   endloop
 endfacet
 facet normal -8.700870e-01 -7.710627e-02 -4.868298e-01
   outer loop
     vertex -6.145764e+00 -3.546370e+01 -2.521684e+01
     vertex -6.145764e+00 -1.570993e+01 -2.834553e+01
     vertex -6.073186e+00 -1.572998e+01 -2.847207e+01
   endloop
 endfacet
 facet normal -8.700870e-01 -7.710627e-02 -4.868298e-01
   outer loop
     vertex -6.145764e+00 -3.546370e+01 -2.521684e+01
     vertex -6.073186e+00 -1.572998e+01 -2.847207e+01
     vertex -6.073186e+00 -3.548374e+01 -2.534338e+01
   endloop
 endfacet
 facet normal -8.932243e-01 -7.033471e-02 -4.440759e-01
   outer loop
     vertex -6.211968e+00 -3.544313e+01 -2.508693e+01
     vertex -6.211968e+00 -1.568936e+01 -2.821562e+01
     vertex -6.145764e+00 -1.570993e+01 -2.834553e+01
   endloop
 endfacet
 facet normal -8.932243e-01 -7.033471e-02 -4.440759e-01
   outer loop
     vertex -6.211968e+00 -3.544313e+01 -2.508693e+01
     vertex -6.145764e+00 -1.570993e+01 -2.834553e+01
     vertex -6.145764e+00 -3.546370e+01 -2.521684e+01
   endloop
 endfacet
 facet normal -9.142098e-01 -6.339371e-02 -4.002521e-01
   outer loop
     vertex -6.271639e+00 -3.542207e+01 -2.495397e+01
     vertex -6.271639e+00 -1.566830e+01 -2.808266e+01
     vertex -6.211968e+00 -1.568936e+01 -2.821562e+01
   endloop
 endfacet
 facet normal -9.142098e-01 -6.339371e-02 -4.002521e-01
   outer loop
     vertex -6.271639e+00 -3.542207e+01 -2.495397e+01
     vertex -6.211968e+00 -1.568936e+01 -2.821562e+01
     vertex -6.211968e+00 -3.544313e+01 -2.508693e+01
   endloop
 endfacet
 facet normal -9.329928e-01 -5.629999e-02 -3.554641e-01
   outer loop
     vertex -6.324632e+00 -3.540058e+01 -2.481828e+01
     vertex -6.324632e+00 -1.564681e+01 -2.794697e+01
     vertex -6.271639e+00 -1.566830e+01 -2.808266e+01
   endloop
 endfacet
 facet normal -9.329928e-01 -5.629999e-02 -3.554641e-01
   outer loop
     vertex -6.324632e+00 -3.540058e+01 -2.481828e+01
     vertex -6.271639e+00 -1.566830e+01 -2.808266e+01
     vertex -6.271639e+00 -3.542207e+01 -2.495397e+01
   endloop
 endfacet
 facet normal -9.495282e-01 -4.907064e-02 -3.098198e-01
   outer loop
     vertex -6.370821e+00 -3.537870e+01 -2.468019e+01
     vertex -6.370821e+00 -1.562494e+01 -2.780888e+01
     vertex -6.324632e+00 -1.564681e+01 -2.794697e+01
   endloop
 endfacet
 facet normal -9.495282e-01 -4.907064e-02 -3.098198e-01
   outer loop
     vertex -6.370821e+00 -3.537870e+01 -2.468019e+01
     vertex -6.324632e+00 -1.564681e+01 -2.794697e+01
     vertex -6.324632e+00 -3.540058e+01 -2.481828e+01
   endloop
 endfacet
 facet normal -9.637761e-01 -4.172307e-02 -2.634291e-01
   outer loop
     vertex -6.410094e+00 -3.535650e+01 -2.454002e+01
     vertex -6.410094e+00 -1.560274e+01 -2.766871e+01
     vertex -6.370821e+00 -1.562494e+01 -2.780888e+01
   endloop
 endfacet
 facet normal -9.637761e-01 -4.172307e-02 -2.634291e-01
   outer loop
     vertex -6.410094e+00 -3.535650e+01 -2.454002e+01
     vertex -6.370821e+00 -1.562494e+01 -2.780888e+01
     vertex -6.370821e+00 -3.537870e+01 -2.468019e+01
   endloop
 endfacet
 facet normal -9.757021e-01 -3.427499e-02 -2.164037e-01
   outer loop
     vertex -6.442356e+00 -3.533403e+01 -2.439812e+01
     vertex -6.442356e+00 -1.558026e+01 -2.752681e+01
     vertex -6.410094e+00 -1.560274e+01 -2.766871e+01
   endloop
 endfacet
 facet normal -9.757021e-01 -3.427499e-02 -2.164037e-01
   outer loop
     vertex -6.442356e+00 -3.533403e+01 -2.439812e+01
     vertex -6.410094e+00 -1.560274e+01 -2.766871e+01
     vertex -6.410094e+00 -3.535650e+01 -2.454002e+01
   endloop
 endfacet
 facet normal -9.852776e-01 -2.674433e-02 -1.688571e-01
   outer loop
     vertex -6.467530e+00 -3.531133e+01 -2.425483e+01
     vertex -6.467530e+00 -1.555757e+01 -2.738352e+01
     vertex -6.442356e+00 -1.558026e+01 -2.752681e+01
   endloop
 endfacet
 facet normal -9.924795e-01 -1.914925e-02 -1.209036e-01
   outer loop
     vertex -6.467530e+00 -3.531133e+01 -2.425483e+01
     vertex -6.485554e+00 -1.553471e+01 -2.723918e+01
     vertex -6.467530e+00 -1.555757e+01 -2.738352e+01
   endloop
 endfacet
 facet normal -9.852776e-01 -2.674433e-02 -1.688571e-01
   outer loop
     vertex -6.467530e+00 -3.531133e+01 -2.425483e+01
     vertex -6.442356e+00 -1.558026e+01 -2.752681e+01
     vertex -6.442356e+00 -3.533403e+01 -2.439812e+01
   endloop
 endfacet
 facet normal -9.972905e-01 -1.150803e-02 -7.265886e-02
   outer loop
     vertex -6.485554e+00 -3.528847e+01 -2.411049e+01
     vertex -6.496386e+00 -1.551173e+01 -2.709414e+01
     vertex -6.485554e+00 -1.553471e+01 -2.723918e+01
   endloop
 endfacet
 facet normal -9.924795e-01 -1.914925e-02 -1.209036e-01
   outer loop
     vertex -6.485554e+00 -3.528847e+01 -2.411049e+01
     vertex -6.485554e+00 -1.553471e+01 -2.723918e+01
     vertex -6.467530e+00 -3.531133e+01 -2.425483e+01
   endloop
 endfacet
 facet normal -9.972905e-01 -1.150803e-02 -7.265886e-02
   outer loop
     vertex -6.496386e+00 -3.526550e+01 -2.396545e+01
     vertex -6.496386e+00 -1.551173e+01 -2.709414e+01
     vertex -6.485554e+00 -3.528847e+01 -2.411049e+01
   endloop
 endfacet
 facet normal -9.996988e-01 -3.839094e-03 -2.423909e-02
   outer loop
     vertex -6.500000e+00 -3.524247e+01 -2.382006e+01
     vertex -6.500000e+00 -1.548871e+01 -2.694875e+01
     vertex -6.496386e+00 -1.551173e+01 -2.709414e+01
   endloop
 endfacet
 facet normal -9.996988e-01 -3.839094e-03 -2.423909e-02
   outer loop
     vertex -6.500000e+00 -3.524247e+01 -2.382006e+01
     vertex -6.496386e+00 -1.551173e+01 -2.709414e+01
     vertex -6.496386e+00 -3.526550e+01 -2.396545e+01
   endloop
 endfacet
 facet normal -5.872641e-15  9.876883e-01 -1.564345e-01
   outer loop
     vertex -6.500000e+00 -1.548871e+01 -2.694875e+01
     vertex -6.500000e+00 -1.545517e+01 -2.673702e+01
     vertex -6.377894e+00 -1.546306e+01 -2.678682e+01
   endloop
 endfacet
 facet normal  2.645431e-15  9.876883e-01 -1.564345e-01
   outer loop
     vertex -6.265996e+00 -1.546934e+01 -2.682646e+01
     vertex -6.500000e+00 -1.548871e+01 -2.694875e+01
     vertex -6.377894e+00 -1.546306e+01 -2.678682e+01
   endloop
 endfacet
 facet normal -1.475323e-15  9.876883e-01 -1.564345e-01
   outer loop
     vertex -6.496386e+00 -1.551173e+01 -2.709414e+01
     vertex -6.500000e+00 -1.548871e+01 -2.694875e+01
     vertex -6.265996e+00 -1.546934e+01 -2.682646e+01
   endloop
 endfacet
 facet normal -8.512679e-15  9.876883e-01 -1.564345e-01
   outer loop
     vertex -6.163766e+00 -1.547426e+01 -2.685754e+01
     vertex -6.496386e+00 -1.551173e+01 -2.709414e+01
     vertex -6.265996e+00 -1.546934e+01 -2.682646e+01
   endloop
 endfacet
 facet normal -2.871843e-15  9.876883e-01 -1.564345e-01
   outer loop
     vertex -6.485554e+00 -1.553471e+01 -2.723918e+01
     vertex -6.496386e+00 -1.551173e+01 -2.709414e+01
     vertex -6.163766e+00 -1.547426e+01 -2.685754e+01
   endloop
 endfacet
 facet normal -4.742352e-15  9.876883e-01 -1.564345e-01
   outer loop
     vertex -6.060222e+00 -1.547844e+01 -2.688390e+01
     vertex -6.485554e+00 -1.553471e+01 -2.723918e+01
     vertex -6.163766e+00 -1.547426e+01 -2.685754e+01
   endloop
 endfacet
 facet normal -3.689910e-15  9.876883e-01 -1.564345e-01
   outer loop
     vertex -6.467530e+00 -1.555757e+01 -2.738352e+01
     vertex -6.485554e+00 -1.553471e+01 -2.723918e+01
     vertex -6.060222e+00 -1.547844e+01 -2.688390e+01
   endloop
 endfacet
 facet normal  1.823671e-15  9.876883e-01 -1.564345e-01
   outer loop
     vertex -5.966043e+00 -1.548151e+01 -2.690330e+01
     vertex -6.467530e+00 -1.555757e+01 -2.738352e+01
     vertex -6.060222e+00 -1.547844e+01 -2.688390e+01
   endloop
 endfacet
 facet normal  5.919932e-16  9.876883e-01 -1.564345e-01
   outer loop
     vertex -5.880603e+00 -1.548369e+01 -2.691705e+01
     vertex -6.467530e+00 -1.555757e+01 -2.738352e+01
     vertex -5.966043e+00 -1.548151e+01 -2.690330e+01
   endloop
 endfacet
 facet normal  4.988675e-16  9.876883e-01 -1.564345e-01
   outer loop
     vertex -6.442356e+00 -1.558026e+01 -2.752681e+01
     vertex -6.467530e+00 -1.555757e+01 -2.738352e+01
     vertex -5.880603e+00 -1.548369e+01 -2.691705e+01
   endloop
 endfacet
 facet normal -3.716874e-15  9.876883e-01 -1.564345e-01
   outer loop
     vertex -5.794652e+00 -1.548528e+01 -2.692711e+01
     vertex -6.442356e+00 -1.558026e+01 -2.752681e+01
     vertex -5.880603e+00 -1.548369e+01 -2.691705e+01
   endloop
 endfacet
 facet normal -1.195501e-14  9.876883e-01 -1.564345e-01
   outer loop
     vertex -6.410094e+00 -1.560274e+01 -2.766871e+01
     vertex -6.442356e+00 -1.558026e+01 -2.752681e+01
     vertex -5.794652e+00 -1.548528e+01 -2.692711e+01
   endloop
 endfacet
 facet normal -3.221257e-15  9.876883e-01 -1.564345e-01
   outer loop
     vertex -6.410094e+00 -1.560274e+01 -2.766871e+01
     vertex -5.794652e+00 -1.548528e+01 -2.692711e+01
     vertex -5.721951e+00 -1.548615e+01 -2.693261e+01
   endloop
 endfacet
 facet normal  3.519400e-15  9.876883e-01 -1.564345e-01
   outer loop
     vertex -6.370821e+00 -1.562494e+01 -2.780888e+01
     vertex -6.410094e+00 -1.560274e+01 -2.766871e+01
     vertex -5.721951e+00 -1.548615e+01 -2.693261e+01
   endloop
 endfacet
 facet normal  1.572056e-14  9.876883e-01 -1.564345e-01
   outer loop
     vertex -6.370821e+00 -1.562494e+01 -2.780888e+01
     vertex -5.721951e+00 -1.548615e+01 -2.693261e+01
     vertex -5.649089e+00 -1.548658e+01 -2.693530e+01
   endloop
 endfacet
 facet normal -6.673034e-15  9.876883e-01 -1.564345e-01
   outer loop
     vertex -6.324632e+00 -1.564681e+01 -2.794697e+01
     vertex -6.370821e+00 -1.562494e+01 -2.780888e+01
     vertex -5.649089e+00 -1.548658e+01 -2.693530e+01
   endloop
 endfacet
 facet normal  4.563996e-15  9.876883e-01 -1.564345e-01
   outer loop
     vertex -6.271639e+00 -1.566830e+01 -2.808266e+01
     vertex -6.324632e+00 -1.564681e+01 -2.794697e+01
     vertex -5.649089e+00 -1.548658e+01 -2.693530e+01
   endloop
 endfacet
 facet normal  4.781680e-16  9.876883e-01 -1.564345e-01
   outer loop
     vertex -6.211968e+00 -1.568936e+01 -2.821562e+01
     vertex -6.271639e+00 -1.566830e+01 -2.808266e+01
     vertex -5.649089e+00 -1.548658e+01 -2.693530e+01
   endloop
 endfacet
 facet normal -2.555989e-15  9.876883e-01 -1.564345e-01
   outer loop
     vertex -6.145764e+00 -1.570993e+01 -2.834553e+01
     vertex -6.211968e+00 -1.568936e+01 -2.821562e+01
     vertex -5.649089e+00 -1.548658e+01 -2.693530e+01
   endloop
 endfacet
 facet normal  7.974500e-15  9.876883e-01 -1.564345e-01
   outer loop
     vertex -6.073186e+00 -1.572998e+01 -2.847207e+01
     vertex -6.145764e+00 -1.570993e+01 -2.834553e+01
     vertex -5.649089e+00 -1.548658e+01 -2.693530e+01
   endloop
 endfacet
 facet normal -2.116296e-15  9.876883e-01 -1.564345e-01
   outer loop
     vertex -5.994409e+00 -1.574944e+01 -2.859494e+01
     vertex -6.073186e+00 -1.572998e+01 -2.847207e+01
     vertex -5.649089e+00 -1.548658e+01 -2.693530e+01
   endloop
 endfacet
 facet normal -7.206996e-15  9.876883e-01 -1.564345e-01
   outer loop
     vertex -5.909623e+00 -1.576827e+01 -2.871384e+01
     vertex -5.994409e+00 -1.574944e+01 -2.859494e+01
     vertex -5.649089e+00 -1.548658e+01 -2.693530e+01
   endloop
 endfacet
 facet normal  4.152792e-15  9.876883e-01 -1.564345e-01
   outer loop
     vertex -5.819031e+00 -1.578643e+01 -2.882849e+01
     vertex -5.909623e+00 -1.576827e+01 -2.871384e+01
     vertex -5.649089e+00 -1.548658e+01 -2.693530e+01
   endloop
 endfacet
 facet normal -1.436543e-14  9.876883e-01 -1.564345e-01
   outer loop
     vertex -5.722853e+00 -1.580387e+01 -2.893862e+01
     vertex -5.819031e+00 -1.578643e+01 -2.882849e+01
     vertex -5.649089e+00 -1.548658e+01 -2.693530e+01
   endloop
 endfacet
 facet normal  1.224293e-14  9.876883e-01 -1.564345e-01
   outer loop
     vertex -5.621320e+00 -1.582055e+01 -2.904395e+01
     vertex -5.722853e+00 -1.580387e+01 -2.893862e+01
     vertex -5.649089e+00 -1.548658e+01 -2.693530e+01
   endloop
 endfacet
 facet normal -6.508855e-15  9.876883e-01 -1.564345e-01
   outer loop
     vertex -5.514677e+00 -1.583644e+01 -2.914423e+01
     vertex -5.621320e+00 -1.582055e+01 -2.904395e+01
     vertex -5.649089e+00 -1.548658e+01 -2.693530e+01
   endloop
 endfacet
 facet normal -3.239904e-15  9.876883e-01 -1.564345e-01
   outer loop
     vertex -5.403180e+00 -1.585148e+01 -2.923923e+01
     vertex -5.514677e+00 -1.583644e+01 -2.914423e+01
     vertex -5.649089e+00 -1.548658e+01 -2.693530e+01
   endloop
 endfacet
 facet normal  1.492503e-14  9.876883e-01 -1.564345e-01
   outer loop
     vertex -5.287098e+00 -1.586565e+01 -2.932870e+01
     vertex -5.403180e+00 -1.585148e+01 -2.923923e+01
     vertex -5.649089e+00 -1.548658e+01 -2.693530e+01
   endloop
 endfacet
 facet normal -1.455263e-14  9.876883e-01 -1.564345e-01
   outer loop
     vertex -5.166711e+00 -1.587892e+01 -2.941244e+01
     vertex -5.287098e+00 -1.586565e+01 -2.932870e+01
     vertex -5.649089e+00 -1.548658e+01 -2.693530e+01
   endloop
 endfacet
 facet normal  1.299764e-14  9.876883e-01 -1.564345e-01
   outer loop
     vertex -5.042308e+00 -1.589124e+01 -2.949025e+01
     vertex -5.166711e+00 -1.587892e+01 -2.941244e+01
     vertex -5.649089e+00 -1.548658e+01 -2.693530e+01
   endloop
 endfacet
 facet normal -1.114990e-15  9.876883e-01 -1.564345e-01
   outer loop
     vertex -4.914190e+00 -1.590259e+01 -2.956194e+01
     vertex -5.042308e+00 -1.589124e+01 -2.949025e+01
     vertex -5.649089e+00 -1.548658e+01 -2.693530e+01
   endloop
 endfacet
 facet normal -5.718421e-15  9.876883e-01 -1.564345e-01
   outer loop
     vertex -4.782665e+00 -1.591295e+01 -2.962733e+01
     vertex -4.914190e+00 -1.590259e+01 -2.956194e+01
     vertex -5.649089e+00 -1.548658e+01 -2.693530e+01
   endloop
 endfacet
 facet normal -1.701492e-15  9.876883e-01 -1.564345e-01
   outer loop
     vertex -4.648050e+00 -1.592229e+01 -2.968626e+01
     vertex -4.782665e+00 -1.591295e+01 -2.962733e+01
     vertex -5.649089e+00 -1.548658e+01 -2.693530e+01
   endloop
 endfacet
 facet normal -3.640000e-15  9.876883e-01 -1.564345e-01
   outer loop
     vertex -4.510670e+00 -1.593058e+01 -2.973860e+01
     vertex -4.648050e+00 -1.592229e+01 -2.968626e+01
     vertex -5.649089e+00 -1.548658e+01 -2.693530e+01
   endloop
 endfacet
 facet normal  6.080545e-15  9.876883e-01 -1.564345e-01
   outer loop
     vertex -4.370854e+00 -1.593780e+01 -2.978422e+01
     vertex -4.510670e+00 -1.593058e+01 -2.973860e+01
     vertex -5.649089e+00 -1.548658e+01 -2.693530e+01
   endloop
 endfacet
 facet normal -8.044475e-15  9.876883e-01 -1.564345e-01
   outer loop
     vertex -4.228941e+00 -1.594394e+01 -2.982301e+01
     vertex -4.370854e+00 -1.593780e+01 -2.978422e+01
     vertex -5.649089e+00 -1.548658e+01 -2.693530e+01
   endloop
 endfacet
 facet normal  5.033118e-15  9.876883e-01 -1.564345e-01
   outer loop
     vertex -4.085271e+00 -1.594899e+01 -2.985488e+01
     vertex -4.228941e+00 -1.594394e+01 -2.982301e+01
     vertex -5.649089e+00 -1.548658e+01 -2.693530e+01
   endloop
 endfacet
 facet normal  5.560116e-15  9.876883e-01 -1.564345e-01
   outer loop
     vertex -3.940191e+00 -1.595293e+01 -2.987974e+01
     vertex -4.085271e+00 -1.594899e+01 -2.985488e+01
     vertex -5.649089e+00 -1.548658e+01 -2.693530e+01
   endloop
 endfacet
 facet normal -1.081505e-14  9.876883e-01 -1.564345e-01
   outer loop
     vertex -3.794051e+00 -1.595575e+01 -2.989754e+01
     vertex -3.940191e+00 -1.595293e+01 -2.987974e+01
     vertex -5.649089e+00 -1.548658e+01 -2.693530e+01
   endloop
 endfacet
 facet normal  2.503727e-15  9.876883e-01 -1.564345e-01
   outer loop
     vertex -3.647203e+00 -1.595744e+01 -2.990824e+01
     vertex -3.794051e+00 -1.595575e+01 -2.989754e+01
     vertex -5.649089e+00 -1.548658e+01 -2.693530e+01
   endloop
 endfacet
 facet normal -1.692366e-14  9.876883e-01 -1.564345e-01
   outer loop
     vertex -3.500000e+00 -1.595801e+01 -2.991181e+01
     vertex -3.647203e+00 -1.595744e+01 -2.990824e+01
     vertex -5.649089e+00 -1.548658e+01 -2.693530e+01
   endloop
 endfacet
 facet normal  0.000000e+00  9.876883e-01 -1.564345e-01
   outer loop
     vertex  3.500000e+00 -1.595801e+01 -2.991181e+01
     vertex -3.500000e+00 -1.595801e+01 -2.991181e+01
     vertex -5.649089e+00 -1.548658e+01 -2.693530e+01
   endloop
 endfacet
 facet normal -2.215754e-16  9.876883e-01 -1.564345e-01
   outer loop
     vertex  3.500000e+00 -1.595801e+01 -2.991181e+01
     vertex -5.649089e+00 -1.548658e+01 -2.693530e+01
     vertex  5.649089e+00 -1.548658e+01 -2.693530e+01
   endloop
 endfacet
 facet normal  5.319435e-15  9.876883e-01 -1.564345e-01
   outer loop
     vertex  6.500000e+00 -1.548871e+01 -2.694875e+01
     vertex  6.377894e+00 -1.546306e+01 -2.678682e+01
     vertex  6.500000e+00 -1.545517e+01 -2.673702e+01
   endloop
 endfacet
 facet normal -7.425344e-15  9.876883e-01 -1.564345e-01
   outer loop
     vertex  6.500000e+00 -1.548871e+01 -2.694875e+01
     vertex  6.265996e+00 -1.546934e+01 -2.682646e+01
     vertex  6.377894e+00 -1.546306e+01 -2.678682e+01
   endloop
 endfacet
 facet normal  1.694408e-14  9.876883e-01 -1.564345e-01
   outer loop
     vertex  3.647203e+00 -1.595744e+01 -2.990824e+01
     vertex  3.500000e+00 -1.595801e+01 -2.991181e+01
     vertex  5.649089e+00 -1.548658e+01 -2.693530e+01
   endloop
 endfacet
 facet normal  6.265574e-15  9.876883e-01 -1.564345e-01
   outer loop
     vertex  6.496386e+00 -1.551173e+01 -2.709414e+01
     vertex  6.163766e+00 -1.547426e+01 -2.685754e+01
     vertex  6.265996e+00 -1.546934e+01 -2.682646e+01
   endloop
 endfacet
 facet normal  4.187664e-16  9.876883e-01 -1.564345e-01
   outer loop
     vertex  6.496386e+00 -1.551173e+01 -2.709414e+01
     vertex  6.265996e+00 -1.546934e+01 -2.682646e+01
     vertex  6.500000e+00 -1.548871e+01 -2.694875e+01
   endloop
 endfacet
 facet normal -2.751885e-15  9.876883e-01 -1.564345e-01
   outer loop
     vertex  6.485554e+00 -1.553471e+01 -2.723918e+01
     vertex  6.060222e+00 -1.547844e+01 -2.688390e+01
     vertex  6.163766e+00 -1.547426e+01 -2.685754e+01
   endloop
 endfacet
 facet normal  1.406388e-15  9.876883e-01 -1.564345e-01
   outer loop
     vertex  6.485554e+00 -1.553471e+01 -2.723918e+01
     vertex  6.163766e+00 -1.547426e+01 -2.685754e+01
     vertex  6.496386e+00 -1.551173e+01 -2.709414e+01
   endloop
 endfacet
 facet normal -2.438923e-15  9.876883e-01 -1.564345e-01
   outer loop
     vertex  3.794051e+00 -1.595575e+01 -2.989754e+01
     vertex  3.647203e+00 -1.595744e+01 -2.990824e+01
     vertex  5.649089e+00 -1.548658e+01 -2.693530e+01
   endloop
 endfacet
 facet normal  1.047720e-14  9.876883e-01 -1.564345e-01
   outer loop
     vertex  6.467530e+00 -1.555757e+01 -2.738352e+01
     vertex  5.966043e+00 -1.548151e+01 -2.690330e+01
     vertex  6.060222e+00 -1.547844e+01 -2.688390e+01
   endloop
 endfacet
 facet normal  1.483590e-15  9.876883e-01 -1.564345e-01
   outer loop
     vertex  6.467530e+00 -1.555757e+01 -2.738352e+01
     vertex  5.880603e+00 -1.548369e+01 -2.691705e+01
     vertex  5.966043e+00 -1.548151e+01 -2.690330e+01
   endloop
 endfacet
 facet normal  6.653441e-16  9.876883e-01 -1.564345e-01
   outer loop
     vertex  6.467530e+00 -1.555757e+01 -2.738352e+01
     vertex  6.060222e+00 -1.547844e+01 -2.688390e+01
     vertex  6.485554e+00 -1.553471e+01 -2.723918e+01
   endloop
 endfacet
 facet normal  1.092450e-14  9.876883e-01 -1.564345e-01
   outer loop
     vertex  3.940191e+00 -1.595293e+01 -2.987974e+01
     vertex  3.794051e+00 -1.595575e+01 -2.989754e+01
     vertex  5.649089e+00 -1.548658e+01 -2.693530e+01
   endloop
 endfacet
 facet normal -7.638658e-15  9.876883e-01 -1.564345e-01
   outer loop
     vertex  6.442356e+00 -1.558026e+01 -2.752681e+01
     vertex  5.794652e+00 -1.548528e+01 -2.692711e+01
     vertex  5.880603e+00 -1.548369e+01 -2.691705e+01
   endloop
 endfacet
 facet normal -1.982766e-16  9.876883e-01 -1.564345e-01
   outer loop
     vertex  6.442356e+00 -1.558026e+01 -2.752681e+01
     vertex  5.880603e+00 -1.548369e+01 -2.691705e+01
     vertex  6.467530e+00 -1.555757e+01 -2.738352e+01
   endloop
 endfacet
 facet normal -5.399655e-15  9.876883e-01 -1.564345e-01
   outer loop
     vertex  4.085271e+00 -1.594899e+01 -2.985488e+01
     vertex  3.940191e+00 -1.595293e+01 -2.987974e+01
     vertex  5.649089e+00 -1.548658e+01 -2.693530e+01
   endloop
 endfacet
 facet normal  1.082447e-14  9.876883e-01 -1.564345e-01
   outer loop
     vertex  6.410094e+00 -1.560274e+01 -2.766871e+01
     vertex  5.794652e+00 -1.548528e+01 -2.692711e+01
     vertex  6.442356e+00 -1.558026e+01 -2.752681e+01
   endloop
 endfacet
 facet normal  3.491898e-15  9.876883e-01 -1.564345e-01
   outer loop
     vertex  6.410094e+00 -1.560274e+01 -2.766871e+01
     vertex  5.721951e+00 -1.548615e+01 -2.693261e+01
     vertex  5.794652e+00 -1.548528e+01 -2.692711e+01
   endloop
 endfacet
 facet normal -4.819264e-15  9.876883e-01 -1.564345e-01
   outer loop
     vertex  4.228941e+00 -1.594394e+01 -2.982301e+01
     vertex  4.085271e+00 -1.594899e+01 -2.985488e+01
     vertex  5.649089e+00 -1.548658e+01 -2.693530e+01
   endloop
 endfacet
 facet normal -4.472039e-15  9.876883e-01 -1.564345e-01
   outer loop
     vertex  6.370821e+00 -1.562494e+01 -2.780888e+01
     vertex  5.721951e+00 -1.548615e+01 -2.693261e+01
     vertex  6.410094e+00 -1.560274e+01 -2.766871e+01
   endloop
 endfacet
 facet normal  2.920162e-14  9.876883e-01 -1.564345e-01
   outer loop
     vertex  6.370821e+00 -1.562494e+01 -2.780888e+01
     vertex  5.649089e+00 -1.548658e+01 -2.693530e+01
     vertex  5.721951e+00 -1.548615e+01 -2.693261e+01
   endloop
 endfacet
 facet normal  8.322408e-15  9.876883e-01 -1.564345e-01
   outer loop
     vertex  4.370854e+00 -1.593780e+01 -2.978422e+01
     vertex  4.228941e+00 -1.594394e+01 -2.982301e+01
     vertex  5.649089e+00 -1.548658e+01 -2.693530e+01
   endloop
 endfacet
 facet normal  9.142076e-15  9.876883e-01 -1.564345e-01
   outer loop
     vertex  6.324632e+00 -1.564681e+01 -2.794697e+01
     vertex  5.649089e+00 -1.548658e+01 -2.693530e+01
     vertex  6.370821e+00 -1.562494e+01 -2.780888e+01
   endloop
 endfacet
 facet normal -5.743278e-15  9.876883e-01 -1.564345e-01
   outer loop
     vertex  4.510670e+00 -1.593058e+01 -2.973860e+01
     vertex  4.370854e+00 -1.593780e+01 -2.978422e+01
     vertex  5.649089e+00 -1.548658e+01 -2.693530e+01
   endloop
 endfacet
 facet normal -2.204826e-15  9.876883e-01 -1.564345e-01
   outer loop
     vertex  6.271639e+00 -1.566830e+01 -2.808266e+01
     vertex  5.649089e+00 -1.548658e+01 -2.693530e+01
     vertex  6.324632e+00 -1.564681e+01 -2.794697e+01
   endloop
 endfacet
 facet normal  4.048723e-15  9.876883e-01 -1.564345e-01
   outer loop
     vertex  4.648050e+00 -1.592229e+01 -2.968626e+01
     vertex  4.510670e+00 -1.593058e+01 -2.973860e+01
     vertex  5.649089e+00 -1.548658e+01 -2.693530e+01
   endloop
 endfacet
 facet normal  1.739941e-15  9.876883e-01 -1.564345e-01
   outer loop
     vertex  6.211968e+00 -1.568936e+01 -2.821562e+01
     vertex  5.649089e+00 -1.548658e+01 -2.693530e+01
     vertex  6.271639e+00 -1.566830e+01 -2.808266e+01
   endloop
 endfacet
 facet normal  2.185898e-15  9.876883e-01 -1.564345e-01
   outer loop
     vertex  4.782665e+00 -1.591295e+01 -2.962733e+01
     vertex  4.648050e+00 -1.592229e+01 -2.968626e+01
     vertex  5.649089e+00 -1.548658e+01 -2.693530e+01
   endloop
 endfacet
 facet normal  4.620782e-15  9.876883e-01 -1.564345e-01
   outer loop
     vertex  6.145764e+00 -1.570993e+01 -2.834553e+01
     vertex  5.649089e+00 -1.548658e+01 -2.693530e+01
     vertex  6.211968e+00 -1.568936e+01 -2.821562e+01
   endloop
 endfacet
 facet normal  6.268132e-15  9.876883e-01 -1.564345e-01
   outer loop
     vertex  4.914190e+00 -1.590259e+01 -2.956194e+01
     vertex  4.782665e+00 -1.591295e+01 -2.962733e+01
     vertex  5.649089e+00 -1.548658e+01 -2.693530e+01
   endloop
 endfacet
 facet normal -6.043072e-15  9.876883e-01 -1.564345e-01
   outer loop
     vertex  6.073186e+00 -1.572998e+01 -2.847207e+01
     vertex  5.649089e+00 -1.548658e+01 -2.693530e+01
     vertex  6.145764e+00 -1.570993e+01 -2.834553e+01
   endloop
 endfacet
 facet normal  1.743223e-15  9.876883e-01 -1.564345e-01
   outer loop
     vertex  5.042308e+00 -1.589124e+01 -2.949025e+01
     vertex  4.914190e+00 -1.590259e+01 -2.956194e+01
     vertex  5.649089e+00 -1.548658e+01 -2.693530e+01
   endloop
 endfacet
 facet normal  3.913924e-15  9.876883e-01 -1.564345e-01
   outer loop
     vertex  5.994409e+00 -1.574944e+01 -2.859494e+01
     vertex  5.649089e+00 -1.548658e+01 -2.693530e+01
     vertex  6.073186e+00 -1.572998e+01 -2.847207e+01
   endloop
 endfacet
 facet normal -1.228627e-14  9.876883e-01 -1.564345e-01
   outer loop
     vertex  5.166711e+00 -1.587892e+01 -2.941244e+01
     vertex  5.042308e+00 -1.589124e+01 -2.949025e+01
     vertex  5.649089e+00 -1.548658e+01 -2.693530e+01
   endloop
 endfacet
 facet normal  8.875107e-15  9.876883e-01 -1.564345e-01
   outer loop
     vertex  5.909623e+00 -1.576827e+01 -2.871384e+01
     vertex  5.649089e+00 -1.548658e+01 -2.693530e+01
     vertex  5.994409e+00 -1.574944e+01 -2.859494e+01
   endloop
 endfacet
 facet normal  1.536660e-14  9.876883e-01 -1.564345e-01
   outer loop
     vertex  5.287098e+00 -1.586565e+01 -2.932870e+01
     vertex  5.166711e+00 -1.587892e+01 -2.941244e+01
     vertex  5.649089e+00 -1.548658e+01 -2.693530e+01
   endloop
 endfacet
 facet normal -2.658785e-15  9.876883e-01 -1.564345e-01
   outer loop
     vertex  5.819031e+00 -1.578643e+01 -2.882849e+01
     vertex  5.649089e+00 -1.548658e+01 -2.693530e+01
     vertex  5.909623e+00 -1.576827e+01 -2.871384e+01
   endloop
 endfacet
 facet normal -1.399175e-14  9.876883e-01 -1.564345e-01
   outer loop
     vertex  5.403180e+00 -1.585148e+01 -2.923923e+01
     vertex  5.287098e+00 -1.586565e+01 -2.932870e+01
     vertex  5.649089e+00 -1.548658e+01 -2.693530e+01
   endloop
 endfacet
 facet normal  1.577001e-14  9.876883e-01 -1.564345e-01
   outer loop
     vertex  5.722853e+00 -1.580387e+01 -2.893862e+01
     vertex  5.649089e+00 -1.548658e+01 -2.693530e+01
     vertex  5.819031e+00 -1.578643e+01 -2.882849e+01
   endloop
 endfacet
 facet normal  4.247610e-15  9.876883e-01 -1.564345e-01
   outer loop
     vertex  5.514677e+00 -1.583644e+01 -2.914423e+01
     vertex  5.403180e+00 -1.585148e+01 -2.923923e+01
     vertex  5.649089e+00 -1.548658e+01 -2.693530e+01
   endloop
 endfacet
 facet normal -1.097725e-14  9.876883e-01 -1.564345e-01
   outer loop
     vertex  5.621320e+00 -1.582055e+01 -2.904395e+01
     vertex  5.649089e+00 -1.548658e+01 -2.693530e+01
     vertex  5.722853e+00 -1.580387e+01 -2.893862e+01
   endloop
 endfacet
 facet normal  7.641445e-15  9.876883e-01 -1.564345e-01
   outer loop
     vertex  5.621320e+00 -1.582055e+01 -2.904395e+01
     vertex  5.514677e+00 -1.583644e+01 -2.914423e+01
     vertex  5.649089e+00 -1.548658e+01 -2.693530e+01
   endloop
 endfacet
 facet normal -5.100591e-02  9.733942e-01  2.233877e-01
   outer loop
     vertex  5.975820e+00 -1.599796e+01 -2.434382e+01
     vertex  6.244368e+00 -1.649189e+01 -2.213026e+01
     vertex  6.500000e+00 -1.623246e+01 -2.320233e+01
   endloop
 endfacet
 facet normal -1.295549e-02  9.806867e-01  1.951555e-01
   outer loop
     vertex  5.721951e+00 -1.548615e+01 -2.693261e+01
     vertex  5.649089e+00 -1.548658e+01 -2.693530e+01
     vertex  5.975820e+00 -1.599796e+01 -2.434382e+01
   endloop
 endfacet
 facet normal -2.659308e-02  9.801652e-01  1.963898e-01
   outer loop
     vertex  5.794652e+00 -1.548528e+01 -2.692711e+01
     vertex  5.721951e+00 -1.548615e+01 -2.693261e+01
     vertex  5.975820e+00 -1.599796e+01 -2.434382e+01
   endloop
 endfacet
 facet normal -8.144818e-03  9.698805e-01  2.434449e-01
   outer loop
     vertex  6.362758e+00 -1.649085e+01 -2.213042e+01
     vertex  6.244368e+00 -1.649189e+01 -2.213026e+01
     vertex  6.500000e+00 -1.697262e+01 -2.020648e+01
   endloop
 endfacet
 facet normal  4.546602e-02  9.698060e-01  2.396020e-01
   outer loop
     vertex  6.362758e+00 -1.649085e+01 -2.213042e+01
     vertex  6.500000e+00 -1.697262e+01 -2.020648e+01
     vertex  6.500000e+00 -1.623246e+01 -2.320233e+01
   endloop
 endfacet
 facet normal -8.180476e-03  9.723587e-01  2.333487e-01
   outer loop
     vertex  6.362758e+00 -1.649085e+01 -2.213042e+01
     vertex  6.500000e+00 -1.623246e+01 -2.320233e+01
     vertex  6.244368e+00 -1.649189e+01 -2.213026e+01
   endloop
 endfacet
 facet normal -5.704292e-02  9.782268e-01  1.995456e-01
   outer loop
     vertex  6.086529e+00 -1.599654e+01 -2.434404e+01
     vertex  5.966043e+00 -1.548151e+01 -2.690330e+01
     vertex  5.880603e+00 -1.548369e+01 -2.691705e+01
   endloop
 endfacet
 facet normal -4.137805e-02  9.792287e-01  1.984916e-01
   outer loop
     vertex  6.086529e+00 -1.599654e+01 -2.434404e+01
     vertex  5.880603e+00 -1.548369e+01 -2.691705e+01
     vertex  5.794652e+00 -1.548528e+01 -2.692711e+01
   endloop
 endfacet
 facet normal -1.216404e-02  9.783561e-01  2.065705e-01
   outer loop
     vertex  6.086529e+00 -1.599654e+01 -2.434404e+01
     vertex  5.975820e+00 -1.599796e+01 -2.434382e+01
     vertex  6.500000e+00 -1.623246e+01 -2.320233e+01
   endloop
 endfacet
 facet normal -1.221593e-02  9.806327e-01  1.954743e-01
   outer loop
     vertex  6.086529e+00 -1.599654e+01 -2.434404e+01
     vertex  5.794652e+00 -1.548528e+01 -2.692711e+01
     vertex  5.975820e+00 -1.599796e+01 -2.434382e+01
   endloop
 endfacet
 facet normal -9.085991e-02  9.750670e-01  2.024570e-01
   outer loop
     vertex  6.197187e+00 -1.599292e+01 -2.434462e+01
     vertex  6.163766e+00 -1.547426e+01 -2.685754e+01
     vertex  6.060222e+00 -1.547844e+01 -2.688390e+01
   endloop
 endfacet
 facet normal -7.344655e-02  9.766606e-01  2.018407e-01
   outer loop
     vertex  6.197187e+00 -1.599292e+01 -2.434462e+01
     vertex  6.060222e+00 -1.547844e+01 -2.688390e+01
     vertex  5.966043e+00 -1.548151e+01 -2.690330e+01
   endloop
 endfacet
 facet normal -3.105138e-02  9.795894e-01  1.985962e-01
   outer loop
     vertex  6.197187e+00 -1.599292e+01 -2.434462e+01
     vertex  5.966043e+00 -1.548151e+01 -2.690330e+01
     vertex  6.086529e+00 -1.599654e+01 -2.434404e+01
   endloop
 endfacet
 facet normal -3.087786e-02  9.765689e-01  2.129784e-01
   outer loop
     vertex  6.197187e+00 -1.599292e+01 -2.434462e+01
     vertex  6.086529e+00 -1.599654e+01 -2.434404e+01
     vertex  6.500000e+00 -1.623246e+01 -2.320233e+01
   endloop
 endfacet
 facet normal -1.091115e-01  9.726964e-01  2.048325e-01
   outer loop
     vertex  6.307749e+00 -1.598709e+01 -2.434554e+01
     vertex  6.265996e+00 -1.546934e+01 -2.682646e+01
     vertex  6.163766e+00 -1.547426e+01 -2.685754e+01
   endloop
 endfacet
 facet normal -4.952109e-02  9.747925e-01  2.175481e-01
   outer loop
     vertex  6.307749e+00 -1.598709e+01 -2.434554e+01
     vertex  6.197187e+00 -1.599292e+01 -2.434462e+01
     vertex  6.500000e+00 -1.623246e+01 -2.320233e+01
   endloop
 endfacet
 facet normal -4.981592e-02  9.780105e-01  2.025187e-01
   outer loop
     vertex  6.307749e+00 -1.598709e+01 -2.434554e+01
     vertex  6.163766e+00 -1.547426e+01 -2.685754e+01
     vertex  6.197187e+00 -1.599292e+01 -2.434462e+01
   endloop
 endfacet
 facet normal  2.043247e-02  9.764605e-01  2.147263e-01
   outer loop
     vertex  6.418170e+00 -1.597907e+01 -2.434681e+01
     vertex  6.500000e+00 -1.623246e+01 -2.320233e+01
     vertex  6.500000e+00 -1.545517e+01 -2.673702e+01
   endloop
 endfacet
 facet normal -1.468931e-01  9.672547e-01  2.069801e-01
   outer loop
     vertex  6.418170e+00 -1.597907e+01 -2.434681e+01
     vertex  6.500000e+00 -1.545517e+01 -2.673702e+01
     vertex  6.377894e+00 -1.546306e+01 -2.678682e+01
   endloop
 endfacet
 facet normal -1.278353e-01  9.699049e-01  2.072260e-01
   outer loop
     vertex  6.418170e+00 -1.597907e+01 -2.434681e+01
     vertex  6.377894e+00 -1.546306e+01 -2.678682e+01
     vertex  6.265996e+00 -1.546934e+01 -2.682646e+01
   endloop
 endfacet
 facet normal -6.854668e-02  9.763760e-01  2.049177e-01
   outer loop
     vertex  6.418170e+00 -1.597907e+01 -2.434681e+01
     vertex  6.265996e+00 -1.546934e+01 -2.682646e+01
     vertex  6.307749e+00 -1.598709e+01 -2.434554e+01
   endloop
 endfacet
 facet normal -6.812815e-02  9.730494e-01  2.203031e-01
   outer loop
     vertex  6.418170e+00 -1.597907e+01 -2.434681e+01
     vertex  6.307749e+00 -1.598709e+01 -2.434554e+01
     vertex  6.500000e+00 -1.623246e+01 -2.320233e+01
   endloop
 endfacet
 facet normal  3.493963e-03  9.516533e-01  3.071545e-01
   outer loop
     vertex -3.500000e+00 -1.838461e+01 -1.535296e+01
     vertex -3.714935e+00 -1.838112e+01 -1.536132e+01
     vertex -3.607577e+00 -1.838353e+01 -1.535509e+01
   endloop
 endfacet
 facet normal  3.531517e-03  9.519275e-01  3.063031e-01
   outer loop
     vertex -3.500000e+00 -1.838461e+01 -1.535296e+01
     vertex -3.821877e+00 -1.837741e+01 -1.537164e+01
     vertex -3.714935e+00 -1.838112e+01 -1.536132e+01
   endloop
 endfacet
 facet normal  3.590836e-03  9.522195e-01  3.053933e-01
   outer loop
     vertex -3.500000e+00 -1.838461e+01 -1.535296e+01
     vertex -3.928206e+00 -1.837240e+01 -1.538600e+01
     vertex -3.821877e+00 -1.837741e+01 -1.537164e+01
   endloop
 endfacet
 facet normal  3.673900e-03  9.525275e-01  3.044304e-01
   outer loop
     vertex -3.500000e+00 -1.838461e+01 -1.535296e+01
     vertex -4.033734e+00 -1.836613e+01 -1.540435e+01
     vertex -3.928206e+00 -1.837240e+01 -1.538600e+01
   endloop
 endfacet
 facet normal  3.782294e-03  9.528493e-01  3.034203e-01
   outer loop
     vertex -3.500000e+00 -1.838461e+01 -1.535296e+01
     vertex -4.138276e+00 -1.835862e+01 -1.542662e+01
     vertex -4.033734e+00 -1.836613e+01 -1.540435e+01
   endloop
 endfacet
 facet normal  3.917200e-03  9.531829e-01  3.023690e-01
   outer loop
     vertex -3.500000e+00 -1.838461e+01 -1.535296e+01
     vertex -4.241658e+00 -1.834991e+01 -1.545274e+01
     vertex -4.138276e+00 -1.835862e+01 -1.542662e+01
   endloop
 endfacet
 facet normal  4.079407e-03  9.535262e-01  3.012826e-01
   outer loop
     vertex -3.500000e+00 -1.838461e+01 -1.535296e+01
     vertex -4.343720e+00 -1.834003e+01 -1.548262e+01
     vertex -4.241658e+00 -1.834991e+01 -1.545274e+01
   endloop
 endfacet
 facet normal -3.497190e-03  9.516868e-01  3.070504e-01
   outer loop
     vertex  3.732944e+00 -1.838059e+01 -1.536277e+01
     vertex  3.500000e+00 -1.838461e+01 -1.535296e+01
     vertex  3.616609e+00 -1.838338e+01 -1.535545e+01
   endloop
 endfacet
 facet normal -3.543787e-03  9.520016e-01  3.060726e-01
   outer loop
     vertex  3.859071e+00 -1.837580e+01 -1.537619e+01
     vertex  3.500000e+00 -1.838461e+01 -1.535296e+01
     vertex  3.732944e+00 -1.838059e+01 -1.536277e+01
   endloop
 endfacet
 facet normal -3.623392e-03  9.523533e-01  3.049755e-01
   outer loop
     vertex  3.984249e+00 -1.836923e+01 -1.539523e+01
     vertex  3.500000e+00 -1.838461e+01 -1.535296e+01
     vertex  3.859071e+00 -1.837580e+01 -1.537619e+01
   endloop
 endfacet
 facet normal -3.737126e-03  9.527260e-01  3.038080e-01
   outer loop
     vertex  4.108176e+00 -1.836091e+01 -1.541979e+01
     vertex  3.500000e+00 -1.838461e+01 -1.535296e+01
     vertex  3.984249e+00 -1.836923e+01 -1.539523e+01
   endloop
 endfacet
 facet normal -3.887256e-03  9.531161e-01  3.025799e-01
   outer loop
     vertex  4.230565e+00 -1.835091e+01 -1.544974e+01
     vertex  3.500000e+00 -1.838461e+01 -1.535296e+01
     vertex  4.108176e+00 -1.836091e+01 -1.541979e+01
   endloop
 endfacet
 facet normal -4.075291e-03  9.535203e-01  3.013012e-01
   outer loop
     vertex  4.351147e+00 -1.833926e+01 -1.548496e+01
     vertex  3.500000e+00 -1.838461e+01 -1.535296e+01
     vertex  4.230565e+00 -1.835091e+01 -1.544974e+01
   endloop
 endfacet
 facet normal  1.872558e-03  9.781883e-01  2.077118e-01
   outer loop
     vertex -2.141366e+00 -1.615404e+01 -2.364335e+01
     vertex -5.975820e+00 -1.599796e+01 -2.434382e+01
     vertex -2.166288e+00 -1.616881e+01 -2.357359e+01
   endloop
 endfacet
 facet normal  1.996509e-03  9.783254e-01  2.070639e-01
   outer loop
     vertex -2.114327e+00 -1.613948e+01 -2.371243e+01
     vertex -5.975820e+00 -1.599796e+01 -2.434382e+01
     vertex -2.141366e+00 -1.615404e+01 -2.364335e+01
   endloop
 endfacet
 facet normal  2.105186e-03  9.784593e-01  2.064292e-01
   outer loop
     vertex -2.085178e+00 -1.612512e+01 -2.378077e+01
     vertex -5.975820e+00 -1.599796e+01 -2.434382e+01
     vertex -2.114327e+00 -1.613948e+01 -2.371243e+01
   endloop
 endfacet
 facet normal  2.199372e-03  9.785899e-01  2.058079e-01
   outer loop
     vertex -2.053928e+00 -1.611099e+01 -2.384830e+01
     vertex -5.975820e+00 -1.599796e+01 -2.434382e+01
     vertex -2.085178e+00 -1.612512e+01 -2.378077e+01
   endloop
 endfacet
 facet normal  2.279840e-03  9.787174e-01  2.052001e-01
   outer loop
     vertex -2.020585e+00 -1.609709e+01 -2.391497e+01
     vertex -5.975820e+00 -1.599796e+01 -2.434382e+01
     vertex -2.053928e+00 -1.611099e+01 -2.384830e+01
   endloop
 endfacet
 facet normal  3.357992e-03  9.809945e-01  1.940062e-01
   outer loop
     vertex -1.985160e+00 -1.608344e+01 -2.398069e+01
     vertex -5.649089e+00 -1.548658e+01 -2.693530e+01
     vertex -5.975820e+00 -1.599796e+01 -2.434382e+01
   endloop
 endfacet
 facet normal  2.347365e-03  9.788416e-01  2.046060e-01
   outer loop
     vertex -1.985160e+00 -1.608344e+01 -2.398069e+01
     vertex -5.975820e+00 -1.599796e+01 -2.434382e+01
     vertex -2.020585e+00 -1.609709e+01 -2.391497e+01
   endloop
 endfacet
 facet normal -2.680616e-03  9.795461e-01  2.012019e-01
   outer loop
     vertex -1.947668e+00 -1.607004e+01 -2.404541e+01
     vertex -5.649089e+00 -1.548658e+01 -2.693530e+01
     vertex -1.985160e+00 -1.608344e+01 -2.398069e+01
   endloop
 endfacet
 facet normal -2.243806e-03  9.796574e-01  2.006649e-01
   outer loop
     vertex -1.908123e+00 -1.605691e+01 -2.410906e+01
     vertex -5.649089e+00 -1.548658e+01 -2.693530e+01
     vertex -1.947668e+00 -1.607004e+01 -2.404541e+01
   endloop
 endfacet
 facet normal -1.840313e-03  9.797631e-01  2.001522e-01
   outer loop
     vertex -1.866544e+00 -1.604407e+01 -2.417156e+01
     vertex -5.649089e+00 -1.548658e+01 -2.693530e+01
     vertex -1.908123e+00 -1.605691e+01 -2.410906e+01
   endloop
 endfacet
 facet normal -1.468334e-03  9.798635e-01  1.996633e-01
   outer loop
     vertex -1.822949e+00 -1.603151e+01 -2.423284e+01
     vertex -5.649089e+00 -1.548658e+01 -2.693530e+01
     vertex -1.866544e+00 -1.604407e+01 -2.417156e+01
   endloop
 endfacet
 facet normal -1.126196e-03  9.799586e-01  1.991981e-01
   outer loop
     vertex -1.777362e+00 -1.601927e+01 -2.429284e+01
     vertex -5.649089e+00 -1.548658e+01 -2.693530e+01
     vertex -1.822949e+00 -1.603151e+01 -2.423284e+01
   endloop
 endfacet
 facet normal -8.123452e-04  9.800486e-01  1.987564e-01
   outer loop
     vertex -1.729807e+00 -1.600733e+01 -2.435148e+01
     vertex -5.649089e+00 -1.548658e+01 -2.693530e+01
     vertex -1.777362e+00 -1.601927e+01 -2.429284e+01
   endloop
 endfacet
 facet normal -5.253493e-04  9.801335e-01  1.983382e-01
   outer loop
     vertex -1.680312e+00 -1.599573e+01 -2.440868e+01
     vertex -5.649089e+00 -1.548658e+01 -2.693530e+01
     vertex -1.729807e+00 -1.600733e+01 -2.435148e+01
   endloop
 endfacet
 facet normal -2.638905e-04  9.802134e-01  1.979436e-01
   outer loop
     vertex -1.628909e+00 -1.598447e+01 -2.446438e+01
     vertex -5.649089e+00 -1.548658e+01 -2.693530e+01
     vertex -1.680312e+00 -1.599573e+01 -2.440868e+01
   endloop
 endfacet
 facet normal -2.674775e-05  9.802882e-01  1.975728e-01
   outer loop
     vertex -1.575631e+00 -1.597356e+01 -2.451850e+01
     vertex -5.649089e+00 -1.548658e+01 -2.693530e+01
     vertex -1.628909e+00 -1.598447e+01 -2.446438e+01
   endloop
 endfacet
 facet normal  1.872545e-04  9.803580e-01  1.972262e-01
   outer loop
     vertex -1.520516e+00 -1.596302e+01 -2.457097e+01
     vertex -5.649089e+00 -1.548658e+01 -2.693530e+01
     vertex -1.575631e+00 -1.597356e+01 -2.451850e+01
   endloop
 endfacet
 facet normal  3.791686e-04  9.804227e-01  1.969041e-01
   outer loop
     vertex -1.463605e+00 -1.595285e+01 -2.462171e+01
     vertex -5.649089e+00 -1.548658e+01 -2.693530e+01
     vertex -1.520516e+00 -1.596302e+01 -2.457097e+01
   endloop
 endfacet
 facet normal  5.499665e-04  9.804822e-01  1.966071e-01
   outer loop
     vertex -1.404944e+00 -1.594307e+01 -2.467065e+01
     vertex -5.649089e+00 -1.548658e+01 -2.693530e+01
     vertex -1.463605e+00 -1.595285e+01 -2.462171e+01
   endloop
 endfacet
 facet normal  7.005513e-04  9.805365e-01  1.963358e-01
   outer loop
     vertex -1.344581e+00 -1.593369e+01 -2.471771e+01
     vertex -5.649089e+00 -1.548658e+01 -2.693530e+01
     vertex -1.404944e+00 -1.594307e+01 -2.467065e+01
   endloop
 endfacet
 facet normal  8.317503e-04  9.805853e-01  1.960910e-01
   outer loop
     vertex -1.282568e+00 -1.592472e+01 -2.476282e+01
     vertex -5.649089e+00 -1.548658e+01 -2.693530e+01
     vertex -1.344581e+00 -1.593369e+01 -2.471771e+01
   endloop
 endfacet
 facet normal  9.443083e-04  9.806287e-01  1.958736e-01
   outer loop
     vertex -1.218963e+00 -1.591617e+01 -2.480591e+01
     vertex -5.649089e+00 -1.548658e+01 -2.693530e+01
     vertex -1.282568e+00 -1.592472e+01 -2.476282e+01
   endloop
 endfacet
 facet normal  1.038879e-03  9.806664e-01  1.956844e-01
   outer loop
     vertex -1.153826e+00 -1.590806e+01 -2.484691e+01
     vertex -5.649089e+00 -1.548658e+01 -2.693530e+01
     vertex -1.218963e+00 -1.591617e+01 -2.480591e+01
   endloop
 endfacet
 facet normal  1.116032e-03  9.806981e-01  1.955247e-01
   outer loop
     vertex -1.087221e+00 -1.590039e+01 -2.488575e+01
     vertex -5.649089e+00 -1.548658e+01 -2.693530e+01
     vertex -1.153826e+00 -1.590806e+01 -2.484691e+01
   endloop
 endfacet
 facet normal  1.176221e-03  9.807237e-01  1.953959e-01
   outer loop
     vertex -1.019218e+00 -1.589318e+01 -2.492237e+01
     vertex -5.649089e+00 -1.548658e+01 -2.693530e+01
     vertex -1.087221e+00 -1.590039e+01 -2.488575e+01
   endloop
 endfacet
 facet normal  1.219778e-03  9.807429e-01  1.952996e-01
   outer loop
     vertex -9.498902e-01 -1.588643e+01 -2.495669e+01
     vertex -5.649089e+00 -1.548658e+01 -2.693530e+01
     vertex -1.019218e+00 -1.589318e+01 -2.492237e+01
   endloop
 endfacet
 facet normal  1.247041e-03  9.807552e-01  1.952374e-01
   outer loop
     vertex -8.793149e-01 -1.588016e+01 -2.498866e+01
     vertex -5.649089e+00 -1.548658e+01 -2.693530e+01
     vertex -9.498902e-01 -1.588643e+01 -2.495669e+01
   endloop
 endfacet
 facet normal  1.258092e-03  9.807604e-01  1.952113e-01
   outer loop
     vertex -8.075734e-01 -1.587437e+01 -2.501821e+01
     vertex -5.649089e+00 -1.548658e+01 -2.693530e+01
     vertex -8.793149e-01 -1.588016e+01 -2.498866e+01
   endloop
 endfacet
 facet normal  1.252776e-03  9.807578e-01  1.952242e-01
   outer loop
     vertex -7.347498e-01 -1.586907e+01 -2.504529e+01
     vertex -5.649089e+00 -1.548658e+01 -2.693530e+01
     vertex -8.075734e-01 -1.587437e+01 -2.501821e+01
   endloop
 endfacet
 facet normal  1.230914e-03  9.807470e-01  1.952789e-01
   outer loop
     vertex -6.609319e-01 -1.586427e+01 -2.506985e+01
     vertex -5.649089e+00 -1.548658e+01 -2.693530e+01
     vertex -7.347498e-01 -1.586907e+01 -2.504529e+01
   endloop
 endfacet
 facet normal  1.191987e-03  9.807271e-01  1.953790e-01
   outer loop
     vertex -5.862143e-01 -1.585998e+01 -2.509184e+01
     vertex -5.649089e+00 -1.548658e+01 -2.693530e+01
     vertex -6.609319e-01 -1.586427e+01 -2.506985e+01
   endloop
 endfacet
 facet normal -1.992409e-03  9.783192e-01  2.070933e-01
   outer loop
     vertex  5.975820e+00 -1.599796e+01 -2.434382e+01
     vertex  2.110867e+00 -1.613771e+01 -2.372085e+01
     vertex  2.146792e+00 -1.615714e+01 -2.362871e+01
   endloop
 endfacet
 facet normal -2.134858e-03  9.784971e-01  2.062495e-01
   outer loop
     vertex  5.975820e+00 -1.599796e+01 -2.434382e+01
     vertex  2.071194e+00 -1.611865e+01 -2.381166e+01
     vertex  2.110867e+00 -1.613771e+01 -2.372085e+01
   endloop
 endfacet
 facet normal -2.251947e-03  9.786693e-01  2.054294e-01
   outer loop
     vertex  5.975820e+00 -1.599796e+01 -2.434382e+01
     vertex  2.027790e+00 -1.610000e+01 -2.390098e+01
     vertex  2.071194e+00 -1.611865e+01 -2.381166e+01
   endloop
 endfacet
 facet normal -2.345519e-03  9.788358e-01  2.046336e-01
   outer loop
     vertex  5.975820e+00 -1.599796e+01 -2.434382e+01
     vertex  1.980680e+00 -1.608178e+01 -2.398867e+01
     vertex  2.027790e+00 -1.610000e+01 -2.390098e+01
   endloop
 endfacet
 facet normal  2.550471e-03  9.795786e-01  2.010455e-01
   outer loop
     vertex  5.649089e+00 -1.548658e+01 -2.693530e+01
     vertex  1.929897e+00 -1.606402e+01 -2.407456e+01
     vertex  1.980680e+00 -1.608178e+01 -2.398867e+01
   endloop
 endfacet
 facet normal  1.988630e-03  9.797235e-01  2.003443e-01
   outer loop
     vertex  5.649089e+00 -1.548658e+01 -2.693530e+01
     vertex  1.875479e+00 -1.604675e+01 -2.415848e+01
     vertex  1.929897e+00 -1.606402e+01 -2.407456e+01
   endloop
 endfacet
 facet normal -3.335767e-03  9.809952e-01  1.940035e-01
   outer loop
     vertex  5.649089e+00 -1.548658e+01 -2.693530e+01
     vertex  1.980680e+00 -1.608178e+01 -2.398867e+01
     vertex  5.975820e+00 -1.599796e+01 -2.434382e+01
   endloop
 endfacet
 facet normal  1.484006e-03  9.798588e-01  1.996858e-01
   outer loop
     vertex  5.649089e+00 -1.548658e+01 -2.693530e+01
     vertex  1.817471e+00 -1.603000e+01 -2.424026e+01
     vertex  1.875479e+00 -1.604675e+01 -2.415848e+01
   endloop
 endfacet
 facet normal  1.032567e-03  9.799848e-01  1.990694e-01
   outer loop
     vertex  5.649089e+00 -1.548658e+01 -2.693530e+01
     vertex  1.755926e+00 -1.601379e+01 -2.431974e+01
     vertex  1.817471e+00 -1.603000e+01 -2.424026e+01
   endloop
 endfacet
 facet normal  6.306691e-04  9.801017e-01  1.984948e-01
   outer loop
     vertex  5.649089e+00 -1.548658e+01 -2.693530e+01
     vertex  1.690905e+00 -1.599815e+01 -2.439675e+01
     vertex  1.755926e+00 -1.601379e+01 -2.431974e+01
   endloop
 endfacet
 facet normal  2.750390e-04  9.802097e-01  1.979620e-01
   outer loop
     vertex  5.649089e+00 -1.548658e+01 -2.693530e+01
     vertex  1.622480e+00 -1.598311e+01 -2.447110e+01
     vertex  1.690905e+00 -1.599815e+01 -2.439675e+01
   endloop
 endfacet
 facet normal -3.727495e-05  9.803086e-01  1.974716e-01
   outer loop
     vertex  5.649089e+00 -1.548658e+01 -2.693530e+01
     vertex  1.550729e+00 -1.596871e+01 -2.454263e+01
     vertex  1.622480e+00 -1.598311e+01 -2.447110e+01
   endloop
 endfacet
 facet normal -3.090001e-04  9.803986e-01  1.970243e-01
   outer loop
     vertex  5.649089e+00 -1.548658e+01 -2.693530e+01
     vertex  1.475746e+00 -1.595496e+01 -2.461116e+01
     vertex  1.550729e+00 -1.596871e+01 -2.454263e+01
   endloop
 endfacet
 facet normal -5.425460e-04  9.804794e-01  1.966212e-01
   outer loop
     vertex  5.649089e+00 -1.548658e+01 -2.693530e+01
     vertex  1.397634e+00 -1.594190e+01 -2.467652e+01
     vertex  1.475746e+00 -1.595496e+01 -2.461116e+01
   endloop
 endfacet
 facet normal -7.400867e-04  9.805508e-01  1.962638e-01
   outer loop
     vertex  5.649089e+00 -1.548658e+01 -2.693530e+01
     vertex  1.316507e+00 -1.592955e+01 -2.473852e+01
     vertex  1.397634e+00 -1.594190e+01 -2.467652e+01
   endloop
 endfacet
 facet normal -9.035584e-04  9.806127e-01  1.959539e-01
   outer loop
     vertex  5.649089e+00 -1.548658e+01 -2.693530e+01
     vertex  1.232494e+00 -1.591794e+01 -2.479700e+01
     vertex  1.316507e+00 -1.592955e+01 -2.473852e+01
   endloop
 endfacet
 facet normal -1.034629e-03  9.806645e-01  1.956936e-01
   outer loop
     vertex  5.649089e+00 -1.548658e+01 -2.693530e+01
     vertex  1.145734e+00 -1.590710e+01 -2.485179e+01
     vertex  1.232494e+00 -1.591794e+01 -2.479700e+01
   endloop
 endfacet
 facet normal -1.134689e-03  9.807059e-01  1.954857e-01
   outer loop
     vertex  5.649089e+00 -1.548658e+01 -2.693530e+01
     vertex  1.056380e+00 -1.589705e+01 -2.490273e+01
     vertex  1.145734e+00 -1.590710e+01 -2.485179e+01
   endloop
 endfacet
 facet normal -1.204762e-03  9.807361e-01  1.953335e-01
   outer loop
     vertex  5.649089e+00 -1.548658e+01 -2.693530e+01
     vertex  9.646002e-01 -1.588781e+01 -2.494965e+01
     vertex  1.056380e+00 -1.589705e+01 -2.490273e+01
   endloop
 endfacet
 facet normal -1.245661e-03  9.807546e-01  1.952407e-01
   outer loop
     vertex  5.649089e+00 -1.548658e+01 -2.693530e+01
     vertex  8.705729e-01 -1.587942e+01 -2.499241e+01
     vertex  9.646002e-01 -1.588781e+01 -2.494965e+01
   endloop
 endfacet
 facet normal -1.257710e-03  9.807602e-01  1.952122e-01
   outer loop
     vertex  5.649089e+00 -1.548658e+01 -2.693530e+01
     vertex  7.744912e-01 -1.587189e+01 -2.503087e+01
     vertex  8.705729e-01 -1.587942e+01 -2.499241e+01
   endloop
 endfacet
 facet normal -1.240608e-03  9.807519e-01  1.952543e-01
   outer loop
     vertex  5.649089e+00 -1.548658e+01 -2.693530e+01
     vertex  6.765597e-01 -1.586524e+01 -2.506489e+01
     vertex  7.744912e-01 -1.587189e+01 -2.503087e+01
   endloop
 endfacet
 facet normal -1.193558e-03  9.807280e-01  1.953745e-01
   outer loop
     vertex  5.649089e+00 -1.548658e+01 -2.693530e+01
     vertex  5.769950e-01 -1.585949e+01 -2.509436e+01
     vertex  6.765597e-01 -1.586524e+01 -2.506489e+01
   endloop
 endfacet
 facet normal  1.926377e-14  9.800273e-01  1.988630e-01
   outer loop
     vertex  5.649089e+00 -1.548658e+01 -2.693530e+01
     vertex -5.649089e+00 -1.548658e+01 -2.693530e+01
     vertex  3.180854e-02 -1.584459e+01 -2.517097e+01
   endloop
 endfacet
 facet normal  2.832394e-05  9.800451e-01  1.987754e-01
   outer loop
     vertex  3.180854e-02 -1.584459e+01 -2.517097e+01
     vertex -5.649089e+00 -1.548658e+01 -2.693530e+01
     vertex -4.643003e-02 -1.584464e+01 -2.517071e+01
   endloop
 endfacet
 facet normal  2.976647e-04  9.802113e-01  1.979540e-01
   outer loop
     vertex -4.643003e-02 -1.584464e+01 -2.517071e+01
     vertex -5.649089e+00 -1.548658e+01 -2.693530e+01
     vertex -1.246053e-01 -1.584523e+01 -2.516767e+01
   endloop
 endfacet
 facet normal  5.162468e-04  9.803435e-01  1.972977e-01
   outer loop
     vertex -1.246053e-01 -1.584523e+01 -2.516767e+01
     vertex -5.649089e+00 -1.548658e+01 -2.693530e+01
     vertex -2.026059e-01 -1.584636e+01 -2.516186e+01
   endloop
 endfacet
 facet normal  6.953227e-04  9.804496e-01  1.967692e-01
   outer loop
     vertex -2.026059e-01 -1.584636e+01 -2.516186e+01
     vertex -5.649089e+00 -1.548658e+01 -2.693530e+01
     vertex -2.803219e-01 -1.584802e+01 -2.515328e+01
   endloop
 endfacet
 facet normal  8.423699e-04  9.805348e-01  1.963435e-01
   outer loop
     vertex -2.803219e-01 -1.584802e+01 -2.515328e+01
     vertex -5.649089e+00 -1.548658e+01 -2.693530e+01
     vertex -3.576454e-01 -1.585022e+01 -2.514197e+01
   endloop
 endfacet
 facet normal  9.624984e-04  9.806029e-01  1.960028e-01
   outer loop
     vertex -3.576454e-01 -1.585022e+01 -2.514197e+01
     vertex -5.649089e+00 -1.548658e+01 -2.693530e+01
     vertex -4.344707e-01 -1.585295e+01 -2.512794e+01
   endloop
 endfacet
 facet normal  1.059267e-03  9.806564e-01  1.957345e-01
   outer loop
     vertex -4.344707e-01 -1.585295e+01 -2.512794e+01
     vertex -5.649089e+00 -1.548658e+01 -2.693530e+01
     vertex -5.106942e-01 -1.585621e+01 -2.511122e+01
   endloop
 endfacet
 facet normal  1.135177e-03  9.806973e-01  1.955289e-01
   outer loop
     vertex -5.106942e-01 -1.585621e+01 -2.511122e+01
     vertex -5.649089e+00 -1.548658e+01 -2.693530e+01
     vertex -5.862143e-01 -1.585998e+01 -2.509184e+01
   endloop
 endfacet
 facet normal -2.515959e-04  9.801831e-01  1.980936e-01
   outer loop
     vertex  5.649089e+00 -1.548658e+01 -2.693530e+01
     vertex  3.180854e-02 -1.584459e+01 -2.517097e+01
     vertex  1.100024e-01 -1.584508e+01 -2.516845e+01
   endloop
 endfacet
 facet normal -4.786689e-04  9.803210e-01  1.974097e-01
   outer loop
     vertex  5.649089e+00 -1.548658e+01 -2.693530e+01
     vertex  1.100024e-01 -1.584508e+01 -2.516845e+01
     vertex  1.880418e-01 -1.584611e+01 -2.516315e+01
   endloop
 endfacet
 facet normal -6.644671e-04  9.804315e-01  1.968596e-01
   outer loop
     vertex  5.649089e+00 -1.548658e+01 -2.693530e+01
     vertex  1.880418e-01 -1.584611e+01 -2.516315e+01
     vertex  2.658172e-01 -1.584767e+01 -2.515510e+01
   endloop
 endfacet
 facet normal -8.170457e-04  9.805203e-01  1.964162e-01
   outer loop
     vertex  5.649089e+00 -1.548658e+01 -2.693530e+01
     vertex  2.658172e-01 -1.584767e+01 -2.515510e+01
     vertex  3.432208e-01 -1.584977e+01 -2.514429e+01
   endloop
 endfacet
 facet normal -9.418941e-04  9.805913e-01  1.960607e-01
   outer loop
     vertex  5.649089e+00 -1.548658e+01 -2.693530e+01
     vertex  3.432208e-01 -1.584977e+01 -2.514429e+01
     vertex  4.201464e-01 -1.585240e+01 -2.513077e+01
   endloop
 endfacet
 facet normal -1.042820e-03  9.806474e-01  1.957796e-01
   outer loop
     vertex  5.649089e+00 -1.548658e+01 -2.693530e+01
     vertex  4.201464e-01 -1.585240e+01 -2.513077e+01
     vertex  4.964891e-01 -1.585556e+01 -2.511455e+01
   endloop
 endfacet
 facet normal -1.124632e-03  9.806917e-01  1.955571e-01
   outer loop
     vertex  5.649089e+00 -1.548658e+01 -2.693530e+01
     vertex  4.964891e-01 -1.585556e+01 -2.511455e+01
     vertex  5.769950e-01 -1.585949e+01 -2.509436e+01
   endloop
 endfacet
 facet normal -5.726767e-03  9.648094e-01  2.628878e-01
   outer loop
     vertex -5.084349e+00 -1.742088e+01 -1.853051e+01
     vertex -6.500000e+00 -1.697262e+01 -2.020648e+01
     vertex -6.500000e+00 -1.742610e+01 -1.854217e+01
   endloop
 endfacet
 facet normal  2.875766e-03  9.586754e-01  2.844877e-01
   outer loop
     vertex -5.084349e+00 -1.742088e+01 -1.853051e+01
     vertex -6.051382e+00 -1.791148e+01 -1.686751e+01
     vertex -6.000372e+00 -1.793674e+01 -1.678288e+01
   endloop
 endfacet
 facet normal  2.144637e-03  9.587931e-01  2.840973e-01
   outer loop
     vertex -5.084349e+00 -1.742088e+01 -1.853051e+01
     vertex -6.099673e+00 -1.788590e+01 -1.695345e+01
     vertex -6.051382e+00 -1.791148e+01 -1.686751e+01
   endloop
 endfacet
 facet normal  1.418963e-03  9.589215e-01  2.836679e-01
   outer loop
     vertex -5.084349e+00 -1.742088e+01 -1.853051e+01
     vertex -6.145238e+00 -1.786005e+01 -1.704063e+01
     vertex -6.099673e+00 -1.788590e+01 -1.695345e+01
   endloop
 endfacet
 facet normal  7.040729e-04  9.590606e-01  2.831999e-01
   outer loop
     vertex -5.084349e+00 -1.742088e+01 -1.853051e+01
     vertex -6.188071e+00 -1.783393e+01 -1.712896e+01
     vertex -6.145238e+00 -1.786005e+01 -1.704063e+01
   endloop
 endfacet
 facet normal  5.028298e-06  9.592103e-01  2.826935e-01
   outer loop
     vertex -5.084349e+00 -1.742088e+01 -1.853051e+01
     vertex -6.228166e+00 -1.780759e+01 -1.721835e+01
     vertex -6.188071e+00 -1.783393e+01 -1.712896e+01
   endloop
 endfacet
 facet normal -6.733678e-04  9.593703e-01  2.821493e-01
   outer loop
     vertex -5.084349e+00 -1.742088e+01 -1.853051e+01
     vertex -6.265518e+00 -1.778103e+01 -1.730875e+01
     vertex -6.228166e+00 -1.780759e+01 -1.721835e+01
   endloop
 endfacet
 facet normal -1.326553e-03  9.595404e-01  2.815680e-01
   outer loop
     vertex -5.084349e+00 -1.742088e+01 -1.853051e+01
     vertex -6.300124e+00 -1.775428e+01 -1.740006e+01
     vertex -6.265518e+00 -1.778103e+01 -1.730875e+01
   endloop
 endfacet
 facet normal -1.950186e-03  9.597203e-01  2.809503e-01
   outer loop
     vertex -5.084349e+00 -1.742088e+01 -1.853051e+01
     vertex -6.331978e+00 -1.772737e+01 -1.749222e+01
     vertex -6.300124e+00 -1.775428e+01 -1.740006e+01
   endloop
 endfacet
 facet normal -2.540130e-03  9.599098e-01  2.802974e-01
   outer loop
     vertex -5.084349e+00 -1.742088e+01 -1.853051e+01
     vertex -6.361079e+00 -1.770031e+01 -1.758515e+01
     vertex -6.331978e+00 -1.772737e+01 -1.749222e+01
   endloop
 endfacet
 facet normal -3.092436e-03  9.601086e-01  2.796102e-01
   outer loop
     vertex -5.084349e+00 -1.742088e+01 -1.853051e+01
     vertex -6.387424e+00 -1.767312e+01 -1.767878e+01
     vertex -6.361079e+00 -1.770031e+01 -1.758515e+01
   endloop
 endfacet
 facet normal -3.603321e-03  9.603163e-01  2.788901e-01
   outer loop
     vertex -5.084349e+00 -1.742088e+01 -1.853051e+01
     vertex -6.411010e+00 -1.764583e+01 -1.777305e+01
     vertex -6.387424e+00 -1.767312e+01 -1.767878e+01
   endloop
 endfacet
 facet normal -4.069156e-03  9.605324e-01  2.781384e-01
   outer loop
     vertex -5.084349e+00 -1.742088e+01 -1.853051e+01
     vertex -6.431833e+00 -1.761846e+01 -1.786789e+01
     vertex -6.411010e+00 -1.764583e+01 -1.777305e+01
   endloop
 endfacet
 facet normal -4.486460e-03  9.607566e-01  2.773566e-01
   outer loop
     vertex -5.084349e+00 -1.742088e+01 -1.853051e+01
     vertex -6.449893e+00 -1.759102e+01 -1.796323e+01
     vertex -6.431833e+00 -1.761846e+01 -1.786789e+01
   endloop
 endfacet
 facet normal -4.851885e-03  9.609883e-01  2.765465e-01
   outer loop
     vertex -5.084349e+00 -1.742088e+01 -1.853051e+01
     vertex -6.465186e+00 -1.756354e+01 -1.805901e+01
     vertex -6.449893e+00 -1.759102e+01 -1.796323e+01
   endloop
 endfacet
 facet normal -5.162149e-03  9.612270e-01  2.757101e-01
   outer loop
     vertex -5.084349e+00 -1.742088e+01 -1.853051e+01
     vertex -6.477707e+00 -1.753602e+01 -1.815516e+01
     vertex -6.465186e+00 -1.756354e+01 -1.805901e+01
   endloop
 endfacet
 facet normal -5.414192e-03  9.614720e-01  2.748496e-01
   outer loop
     vertex -5.084349e+00 -1.742088e+01 -1.853051e+01
     vertex -6.487454e+00 -1.750850e+01 -1.825162e+01
     vertex -6.477707e+00 -1.753602e+01 -1.815516e+01
   endloop
 endfacet
 facet normal -5.605127e-03  9.617225e-01  2.739677e-01
   outer loop
     vertex -5.084349e+00 -1.742088e+01 -1.853051e+01
     vertex -6.494421e+00 -1.748100e+01 -1.834832e+01
     vertex -6.487454e+00 -1.750850e+01 -1.825162e+01
   endloop
 endfacet
 facet normal -5.732341e-03  9.619778e-01  2.730674e-01
   outer loop
     vertex -5.084349e+00 -1.742088e+01 -1.853051e+01
     vertex -6.498604e+00 -1.745353e+01 -1.844519e+01
     vertex -6.494421e+00 -1.748100e+01 -1.834832e+01
   endloop
 endfacet
 facet normal -5.793562e-03  9.622369e-01  2.721518e-01
   outer loop
     vertex -5.084349e+00 -1.742088e+01 -1.853051e+01
     vertex -6.500000e+00 -1.742610e+01 -1.854217e+01
     vertex -6.498604e+00 -1.745353e+01 -1.844519e+01
   endloop
 endfacet
 facet normal -1.814325e-02  9.691724e-01  2.457145e-01
   outer loop
     vertex -3.389462e+00 -1.741307e+01 -1.853175e+01
     vertex -1.805842e+00 -1.669009e+01 -2.126644e+01
     vertex -1.849584e+00 -1.667563e+01 -2.132673e+01
   endloop
 endfacet
 facet normal -1.693484e-02  9.690265e-01  2.463756e-01
   outer loop
     vertex -3.389462e+00 -1.741307e+01 -1.853175e+01
     vertex -1.760170e+00 -1.670430e+01 -2.120743e+01
     vertex -1.805842e+00 -1.669009e+01 -2.126644e+01
   endloop
 endfacet
 facet normal -1.581249e-02  9.688812e-01  2.470206e-01
   outer loop
     vertex -3.389462e+00 -1.741307e+01 -1.853175e+01
     vertex -1.712589e+00 -1.671823e+01 -2.114975e+01
     vertex -1.760170e+00 -1.670430e+01 -2.120743e+01
   endloop
 endfacet
 facet normal -1.476850e-02  9.687368e-01  2.476509e-01
   outer loop
     vertex -3.389462e+00 -1.741307e+01 -1.853175e+01
     vertex -1.663122e+00 -1.673186e+01 -2.109347e+01
     vertex -1.712589e+00 -1.671823e+01 -2.114975e+01
   endloop
 endfacet
 facet normal -1.379607e-02  9.685931e-01  2.482681e-01
   outer loop
     vertex -3.389462e+00 -1.741307e+01 -1.853175e+01
     vertex -1.611794e+00 -1.674518e+01 -2.103866e+01
     vertex -1.663122e+00 -1.673186e+01 -2.109347e+01
   endloop
 endfacet
 facet normal -1.288907e-02  9.684503e-01  2.488732e-01
   outer loop
     vertex -3.389462e+00 -1.741307e+01 -1.853175e+01
     vertex -1.558634e+00 -1.675816e+01 -2.098539e+01
     vertex -1.611794e+00 -1.674518e+01 -2.103866e+01
   endloop
 endfacet
 facet normal -1.204193e-02  9.683083e-01  2.494674e-01
   outer loop
     vertex -3.389462e+00 -1.741307e+01 -1.853175e+01
     vertex -1.503672e+00 -1.677079e+01 -2.093374e+01
     vertex -1.558634e+00 -1.675816e+01 -2.098539e+01
   endloop
 endfacet
 facet normal -1.124951e-02  9.681671e-01  2.500518e-01
   outer loop
     vertex -3.389462e+00 -1.741307e+01 -1.853175e+01
     vertex -1.446944e+00 -1.678303e+01 -2.088376e+01
     vertex -1.503672e+00 -1.677079e+01 -2.093374e+01
   endloop
 endfacet
 facet normal -1.050711e-02  9.680266e-01  2.506273e-01
   outer loop
     vertex -3.389462e+00 -1.741307e+01 -1.853175e+01
     vertex -1.388486e+00 -1.679488e+01 -2.083555e+01
     vertex -1.446944e+00 -1.678303e+01 -2.088376e+01
   endloop
 endfacet
 facet normal  6.955924e-03  9.561328e-01  2.928510e-01
   outer loop
     vertex -3.389462e+00 -1.741307e+01 -1.853175e+01
     vertex -4.444310e+00 -1.832903e+01 -1.551616e+01
     vertex -4.343720e+00 -1.834003e+01 -1.548262e+01
   endloop
 endfacet
 facet normal  7.026110e-03  9.561254e-01  2.928733e-01
   outer loop
     vertex -3.389462e+00 -1.741307e+01 -1.853175e+01
     vertex -4.543291e+00 -1.831693e+01 -1.555327e+01
     vertex -4.444310e+00 -1.832903e+01 -1.551616e+01
   endloop
 endfacet
 facet normal  7.025742e-03  9.561255e-01  2.928732e-01
   outer loop
     vertex -3.389462e+00 -1.741307e+01 -1.853175e+01
     vertex -4.640534e+00 -1.830379e+01 -1.559383e+01
     vertex -4.543291e+00 -1.831693e+01 -1.555327e+01
   endloop
 endfacet
 facet normal  6.957571e-03  9.561341e-01  2.928468e-01
   outer loop
     vertex -3.389462e+00 -1.741307e+01 -1.853175e+01
     vertex -4.735921e+00 -1.828965e+01 -1.563774e+01
     vertex -4.640534e+00 -1.830379e+01 -1.559383e+01
   endloop
 endfacet
 facet normal  6.825093e-03  9.561522e-01  2.927906e-01
   outer loop
     vertex -3.389462e+00 -1.741307e+01 -1.853175e+01
     vertex -4.829342e+00 -1.827455e+01 -1.568487e+01
     vertex -4.735921e+00 -1.828965e+01 -1.563774e+01
   endloop
 endfacet
 facet normal  6.632440e-03  9.561808e-01  2.927018e-01
   outer loop
     vertex -3.389462e+00 -1.741307e+01 -1.853175e+01
     vertex -4.920699e+00 -1.825854e+01 -1.573512e+01
     vertex -4.829342e+00 -1.827455e+01 -1.568487e+01
   endloop
 endfacet
 facet normal  6.384277e-03  9.562204e-01  2.925779e-01
   outer loop
     vertex -3.389462e+00 -1.741307e+01 -1.853175e+01
     vertex -5.009899e+00 -1.824165e+01 -1.578835e+01
     vertex -4.920699e+00 -1.825854e+01 -1.573512e+01
   endloop
 endfacet
 facet normal  6.085693e-03  9.562715e-01  2.924170e-01
   outer loop
     vertex -3.389462e+00 -1.741307e+01 -1.853175e+01
     vertex -5.096859e+00 -1.822394e+01 -1.584446e+01
     vertex -5.009899e+00 -1.824165e+01 -1.578835e+01
   endloop
 endfacet
 facet normal  5.742089e-03  9.563346e-01  2.922177e-01
   outer loop
     vertex -3.389462e+00 -1.741307e+01 -1.853175e+01
     vertex -5.181506e+00 -1.820545e+01 -1.590331e+01
     vertex -5.096859e+00 -1.822394e+01 -1.584446e+01
   endloop
 endfacet
 facet normal  5.359066e-03  9.564097e-01  2.919792e-01
   outer loop
     vertex -3.389462e+00 -1.741307e+01 -1.853175e+01
     vertex -5.263772e+00 -1.818622e+01 -1.596478e+01
     vertex -5.181506e+00 -1.820545e+01 -1.590331e+01
   endloop
 endfacet
 facet normal  4.942320e-03  9.564967e-01  2.917011e-01
   outer loop
     vertex -3.389462e+00 -1.741307e+01 -1.853175e+01
     vertex -5.343602e+00 -1.816630e+01 -1.602876e+01
     vertex -5.263772e+00 -1.818622e+01 -1.596478e+01
   endloop
 endfacet
 facet normal  4.497460e-03  9.565957e-01  2.913836e-01
   outer loop
     vertex -3.389462e+00 -1.741307e+01 -1.853175e+01
     vertex -5.420956e+00 -1.814572e+01 -1.609514e+01
     vertex -5.343602e+00 -1.816630e+01 -1.602876e+01
   endloop
 endfacet
 facet normal  4.030017e-03  9.567063e-01  2.910271e-01
   outer loop
     vertex -3.389462e+00 -1.741307e+01 -1.853175e+01
     vertex -5.495794e+00 -1.812451e+01 -1.616381e+01
     vertex -5.420956e+00 -1.814572e+01 -1.609514e+01
   endloop
 endfacet
 facet normal  3.545429e-03  9.568281e-01  2.906327e-01
   outer loop
     vertex -3.389462e+00 -1.741307e+01 -1.853175e+01
     vertex -5.568080e+00 -1.810273e+01 -1.623466e+01
     vertex -5.495794e+00 -1.812451e+01 -1.616381e+01
   endloop
 endfacet
 facet normal  3.048832e-03  9.569607e-01  2.902015e-01
   outer loop
     vertex -3.389462e+00 -1.741307e+01 -1.853175e+01
     vertex -5.637780e+00 -1.808039e+01 -1.630757e+01
     vertex -5.568080e+00 -1.810273e+01 -1.623466e+01
   endloop
 endfacet
 facet normal  2.545049e-03  9.571035e-01  2.897351e-01
   outer loop
     vertex -3.389462e+00 -1.741307e+01 -1.853175e+01
     vertex -5.704867e+00 -1.805754e+01 -1.638246e+01
     vertex -5.637780e+00 -1.808039e+01 -1.630757e+01
   endloop
 endfacet
 facet normal  2.038586e-03  9.572559e-01  2.892352e-01
   outer loop
     vertex -3.389462e+00 -1.741307e+01 -1.853175e+01
     vertex -5.769317e+00 -1.803422e+01 -1.645920e+01
     vertex -5.704867e+00 -1.805754e+01 -1.638246e+01
   endloop
 endfacet
 facet normal  1.533631e-03  9.574173e-01  2.887037e-01
   outer loop
     vertex -3.389462e+00 -1.741307e+01 -1.853175e+01
     vertex -5.831111e+00 -1.801044e+01 -1.653772e+01
     vertex -5.769317e+00 -1.803422e+01 -1.645920e+01
   endloop
 endfacet
 facet normal  1.034025e-03  9.575869e-01  2.881428e-01
   outer loop
     vertex -3.389462e+00 -1.741307e+01 -1.853175e+01
     vertex -5.890227e+00 -1.798625e+01 -1.661790e+01
     vertex -5.831111e+00 -1.801044e+01 -1.653772e+01
   endloop
 endfacet
 facet normal  5.430349e-04  9.577642e-01  2.875543e-01
   outer loop
     vertex -3.389462e+00 -1.741307e+01 -1.853175e+01
     vertex -5.946651e+00 -1.796168e+01 -1.669965e+01
     vertex -5.890227e+00 -1.798625e+01 -1.661790e+01
   endloop
 endfacet
 facet normal  6.363577e-05  9.579484e-01  2.869404e-01
   outer loop
     vertex -3.389462e+00 -1.741307e+01 -1.853175e+01
     vertex -6.000372e+00 -1.793674e+01 -1.678288e+01
     vertex -5.946651e+00 -1.796168e+01 -1.669965e+01
   endloop
 endfacet
 facet normal  5.579813e-03  9.562616e-01  2.924595e-01
   outer loop
     vertex -3.389462e+00 -1.741307e+01 -1.853175e+01
     vertex -4.343720e+00 -1.834003e+01 -1.548262e+01
     vertex -3.500000e+00 -1.838461e+01 -1.535296e+01
   endloop
 endfacet
 facet normal -4.218744e-03  9.596793e-01  2.810655e-01
   outer loop
     vertex -3.389462e+00 -1.741307e+01 -1.853175e+01
     vertex -5.084349e+00 -1.742088e+01 -1.853051e+01
     vertex -6.000372e+00 -1.793674e+01 -1.678288e+01
   endloop
 endfacet
 facet normal -1.352146e-02  9.666605e-01  2.557044e-01
   outer loop
     vertex -1.694700e+00 -1.740838e+01 -1.853249e+01
     vertex -1.328341e+00 -1.680631e+01 -2.078916e+01
     vertex -1.388486e+00 -1.679488e+01 -2.083555e+01
   endloop
 endfacet
 facet normal -1.233038e-02  9.666275e-01  2.558890e-01
   outer loop
     vertex -1.694700e+00 -1.740838e+01 -1.853249e+01
     vertex -1.266554e+00 -1.681730e+01 -2.074467e+01
     vertex -1.328341e+00 -1.680631e+01 -2.078916e+01
   endloop
 endfacet
 facet normal -1.124178e-02  9.665878e-01  2.560890e-01
   outer loop
     vertex -1.694700e+00 -1.740838e+01 -1.853249e+01
     vertex -1.203173e+00 -1.682783e+01 -2.070216e+01
     vertex -1.266554e+00 -1.681730e+01 -2.074467e+01
   endloop
 endfacet
 facet normal -1.024363e-02  9.665422e-01  2.563030e-01
   outer loop
     vertex -1.694700e+00 -1.740838e+01 -1.853249e+01
     vertex -1.138254e+00 -1.683787e+01 -2.066169e+01
     vertex -1.203173e+00 -1.682783e+01 -2.070216e+01
   endloop
 endfacet
 facet normal -9.325230e-03  9.664915e-01  2.565294e-01
   outer loop
     vertex -1.694700e+00 -1.740838e+01 -1.853249e+01
     vertex -1.071855e+00 -1.684741e+01 -2.062335e+01
     vertex -1.138254e+00 -1.683787e+01 -2.066169e+01
   endloop
 endfacet
 facet normal -2.561149e-03  9.663846e-01  2.570882e-01
   outer loop
     vertex -1.694700e+00 -1.740838e+01 -1.853249e+01
     vertex -1.388486e+00 -1.679488e+01 -2.083555e+01
     vertex -3.389462e+00 -1.741307e+01 -1.853175e+01
   endloop
 endfacet
 facet normal -8.477012e-03  9.664361e-01  2.567672e-01
   outer loop
     vertex -1.694700e+00 -1.740838e+01 -1.853249e+01
     vertex -1.004040e+00 -1.685642e+01 -2.058719e+01
     vertex -1.071855e+00 -1.684741e+01 -2.062335e+01
   endloop
 endfacet
 facet normal -7.690364e-03  9.663766e-01  2.570156e-01
   outer loop
     vertex -1.694700e+00 -1.740838e+01 -1.853249e+01
     vertex -9.348776e-01 -1.686488e+01 -2.055330e+01
     vertex -1.004040e+00 -1.685642e+01 -2.058719e+01
   endloop
 endfacet
 facet normal -6.957486e-03  9.663134e-01  2.572742e-01
   outer loop
     vertex -1.694700e+00 -1.740838e+01 -1.853249e+01
     vertex -8.644410e-01 -1.687278e+01 -2.052173e+01
     vertex -9.348776e-01 -1.686488e+01 -2.055330e+01
   endloop
 endfacet
 facet normal -6.271194e-03  9.662466e-01  2.575426e-01
   outer loop
     vertex -1.694700e+00 -1.740838e+01 -1.853249e+01
     vertex -7.928093e-01 -1.688009e+01 -2.049256e+01
     vertex -8.644410e-01 -1.687278e+01 -2.052173e+01
   endloop
 endfacet
 facet normal -5.624756e-03  9.661763e-01  2.578211e-01
   outer loop
     vertex -1.694700e+00 -1.740838e+01 -1.853249e+01
     vertex -7.200662e-01 -1.688679e+01 -2.046584e+01
     vertex -7.928093e-01 -1.688009e+01 -2.049256e+01
   endloop
 endfacet
 facet normal -5.011638e-03  9.661025e-01  2.581103e-01
   outer loop
     vertex -1.694700e+00 -1.740838e+01 -1.853249e+01
     vertex -6.463007e-01 -1.689288e+01 -2.044164e+01
     vertex -7.200662e-01 -1.688679e+01 -2.046584e+01
   endloop
 endfacet
 facet normal -4.425667e-03  9.660249e-01  2.584111e-01
   outer loop
     vertex -1.694700e+00 -1.740838e+01 -1.853249e+01
     vertex -5.716061e-01 -1.689832e+01 -2.042002e+01
     vertex -6.463007e-01 -1.689288e+01 -2.044164e+01
   endloop
 endfacet
 facet normal -3.860737e-03  9.659432e-01  2.587252e-01
   outer loop
     vertex -1.694700e+00 -1.740838e+01 -1.853249e+01
     vertex -4.960796e-01 -1.690311e+01 -2.040101e+01
     vertex -5.716061e-01 -1.689832e+01 -2.042002e+01
   endloop
 endfacet
 facet normal -2.518002e-03  9.563522e-01  2.922056e-01
   outer loop
     vertex -1.694700e+00 -1.740838e+01 -1.853249e+01
     vertex -3.389462e+00 -1.741307e+01 -1.853175e+01
     vertex -3.500000e+00 -1.838461e+01 -1.535296e+01
   endloop
 endfacet
 facet normal -1.146814e-03  9.702030e-01  2.422908e-01
   outer loop
     vertex -4.680662e+00 -1.648305e+01 -2.215826e+01
     vertex -6.244368e+00 -1.649189e+01 -2.213026e+01
     vertex -6.500000e+00 -1.697262e+01 -2.020648e+01
   endloop
 endfacet
 facet normal -1.622195e-03  9.760383e-01  2.175929e-01
   outer loop
     vertex -4.680662e+00 -1.648305e+01 -2.215826e+01
     vertex -5.975820e+00 -1.599796e+01 -2.434382e+01
     vertex -6.244368e+00 -1.649189e+01 -2.213026e+01
   endloop
 endfacet
 facet normal -3.102699e-05  9.762394e-01  2.166946e-01
   outer loop
     vertex -4.680662e+00 -1.648305e+01 -2.215826e+01
     vertex -2.166288e+00 -1.616881e+01 -2.357359e+01
     vertex -5.975820e+00 -1.599796e+01 -2.434382e+01
   endloop
 endfacet
 facet normal -6.432978e-03  9.785650e-01  2.058376e-01
   outer loop
     vertex -4.680662e+00 -1.648305e+01 -2.215826e+01
     vertex -2.189088e+00 -1.618376e+01 -2.350321e+01
     vertex -2.166288e+00 -1.616881e+01 -2.357359e+01
   endloop
 endfacet
 facet normal -5.779999e-03  9.783252e-01  2.069939e-01
   outer loop
     vertex -4.680662e+00 -1.648305e+01 -2.215826e+01
     vertex -2.209762e+00 -1.619889e+01 -2.343228e+01
     vertex -2.189088e+00 -1.618376e+01 -2.350321e+01
   endloop
 endfacet
 facet normal -5.183459e-03  9.780940e-01  2.080993e-01
   outer loop
     vertex -4.680662e+00 -1.648305e+01 -2.215826e+01
     vertex -2.228306e+00 -1.621418e+01 -2.336087e+01
     vertex -2.209762e+00 -1.619889e+01 -2.343228e+01
   endloop
 endfacet
 facet normal  9.058205e-03  9.678870e-01  2.512224e-01
   outer loop
     vertex -4.680662e+00 -1.648305e+01 -2.215826e+01
     vertex -6.500000e+00 -1.697262e+01 -2.020648e+01
     vertex -5.084349e+00 -1.742088e+01 -1.853051e+01
   endloop
 endfacet
 facet normal -3.814958e-03  9.652616e-01  2.612574e-01
   outer loop
     vertex  8.041254e-14 -1.740681e+01 -1.853274e+01
     vertex -4.198251e-01 -1.690723e+01 -2.038467e+01
     vertex -4.960796e-01 -1.690311e+01 -2.040101e+01
   endloop
 endfacet
 facet normal -3.091891e-03  9.653054e-01  2.611053e-01
   outer loop
     vertex  8.041254e-14 -1.740681e+01 -1.853274e+01
     vertex -3.429500e-01 -1.691067e+01 -2.037103e+01
     vertex -4.198251e-01 -1.690723e+01 -2.038467e+01
   endloop
 endfacet
 facet normal -2.412539e-03  9.653391e-01  2.609877e-01
   outer loop
     vertex  8.041254e-14 -1.740681e+01 -1.853274e+01
     vertex -2.655642e-01 -1.691342e+01 -2.036014e+01
     vertex -3.429500e-01 -1.691067e+01 -2.037103e+01
   endloop
 endfacet
 facet normal -1.766823e-03  9.653641e-01  2.609006e-01
   outer loop
     vertex  8.041254e-14 -1.740681e+01 -1.853274e+01
     vertex -1.877803e-01 -1.691548e+01 -2.035201e+01
     vertex -2.655642e-01 -1.691342e+01 -2.036014e+01
   endloop
 endfacet
 facet normal -1.145506e-03  9.653811e-01  2.608410e-01
   outer loop
     vertex  8.041254e-14 -1.740681e+01 -1.853274e+01
     vertex -1.097133e-01 -1.691683e+01 -2.034667e+01
     vertex -1.877803e-01 -1.691548e+01 -2.035201e+01
   endloop
 endfacet
 facet normal -5.398862e-04  9.653908e-01  2.608070e-01
   outer loop
     vertex  8.041254e-14 -1.740681e+01 -1.853274e+01
     vertex -3.148076e-02 -1.691747e+01 -2.034414e+01
     vertex -1.097133e-01 -1.691683e+01 -2.034667e+01
   endloop
 endfacet
 facet normal  5.846188e-05  9.653936e-01  2.607974e-01
   outer loop
     vertex  8.041254e-14 -1.740681e+01 -1.853274e+01
     vertex  4.679866e-02 -1.691740e+01 -2.034442e+01
     vertex -3.148076e-02 -1.691747e+01 -2.034414e+01
   endloop
 endfacet
 facet normal  6.575886e-04  9.653895e-01  2.608117e-01
   outer loop
     vertex  8.041254e-14 -1.740681e+01 -1.853274e+01
     vertex  1.250086e-01 -1.691662e+01 -2.034750e+01
     vertex  4.679866e-02 -1.691740e+01 -2.034442e+01
   endloop
 endfacet
 facet normal  1.265599e-03  9.653783e-01  2.608506e-01
   outer loop
     vertex  8.041254e-14 -1.740681e+01 -1.853274e+01
     vertex  2.030298e-01 -1.691513e+01 -2.035338e+01
     vertex  1.250086e-01 -1.691662e+01 -2.034750e+01
   endloop
 endfacet
 facet normal  1.890982e-03  9.653598e-01  2.609154e-01
   outer loop
     vertex  8.041254e-14 -1.740681e+01 -1.853274e+01
     vertex  2.807451e-01 -1.691294e+01 -2.036205e+01
     vertex  2.030298e-01 -1.691513e+01 -2.035338e+01
   endloop
 endfacet
 facet normal  2.542539e-03  9.653332e-01  2.610082e-01
   outer loop
     vertex  8.041254e-14 -1.740681e+01 -1.853274e+01
     vertex  3.580399e-01 -1.691005e+01 -2.037348e+01
     vertex  2.807451e-01 -1.691294e+01 -2.036205e+01
   endloop
 endfacet
 facet normal  3.229645e-03  9.652976e-01  2.611322e-01
   outer loop
     vertex  8.041254e-14 -1.740681e+01 -1.853274e+01
     vertex  4.348022e-01 -1.690648e+01 -2.038765e+01
     vertex  3.580399e-01 -1.691005e+01 -2.037348e+01
   endloop
 endfacet
 facet normal  3.962566e-03  9.652518e-01  2.612916e-01
   outer loop
     vertex  8.041254e-14 -1.740681e+01 -1.853274e+01
     vertex  5.109229e-01 -1.690222e+01 -2.040452e+01
     vertex  4.348022e-01 -1.690648e+01 -2.038765e+01
   endloop
 endfacet
 facet normal -8.391028e-04  9.560882e-01  2.930778e-01
   outer loop
     vertex  8.041254e-14 -1.740681e+01 -1.853274e+01
     vertex -1.694700e+00 -1.740838e+01 -1.853249e+01
     vertex -3.500000e+00 -1.838461e+01 -1.535296e+01
   endloop
 endfacet
 facet normal  3.734299e-15  9.558295e-01  2.939218e-01
   outer loop
     vertex  8.041254e-14 -1.740681e+01 -1.853274e+01
     vertex -3.500000e+00 -1.838461e+01 -1.535296e+01
     vertex  3.500000e+00 -1.838461e+01 -1.535296e+01
   endloop
 endfacet
 facet normal -8.525092e-04  9.654665e-01  2.605260e-01
   outer loop
     vertex  8.041254e-14 -1.740681e+01 -1.853274e+01
     vertex -4.960796e-01 -1.690311e+01 -2.040101e+01
     vertex -1.694700e+00 -1.740838e+01 -1.853249e+01
   endloop
 endfacet
 facet normal -1.414086e-02  9.687087e-01  2.477972e-01
   outer loop
     vertex -3.120420e+00 -1.648140e+01 -2.215852e+01
     vertex -3.389462e+00 -1.741307e+01 -1.853175e+01
     vertex -1.849584e+00 -1.667563e+01 -2.132673e+01
   endloop
 endfacet
 facet normal -9.917621e-04  9.763366e-01  2.162542e-01
   outer loop
     vertex -3.120420e+00 -1.648140e+01 -2.215852e+01
     vertex -2.228306e+00 -1.621418e+01 -2.336087e+01
     vertex -4.680662e+00 -1.648305e+01 -2.215826e+01
   endloop
 endfacet
 facet normal -9.775360e-04  9.681973e-01  2.501859e-01
   outer loop
     vertex -3.120420e+00 -1.648140e+01 -2.215852e+01
     vertex -4.680662e+00 -1.648305e+01 -2.215826e+01
     vertex -5.084349e+00 -1.742088e+01 -1.853051e+01
   endloop
 endfacet
 facet normal -4.283736e-03  9.686209e-01  2.485059e-01
   outer loop
     vertex -3.120420e+00 -1.648140e+01 -2.215852e+01
     vertex -5.084349e+00 -1.742088e+01 -1.853051e+01
     vertex -3.389462e+00 -1.741307e+01 -1.853175e+01
   endloop
 endfacet
 facet normal -1.385041e-02  9.782152e-01  2.071309e-01
   outer loop
     vertex -3.120420e+00 -1.648140e+01 -2.215852e+01
     vertex -2.244720e+00 -1.622963e+01 -2.328901e+01
     vertex -2.228306e+00 -1.621418e+01 -2.336087e+01
   endloop
 endfacet
 facet normal -1.166991e-02  9.778995e-01  2.087496e-01
   outer loop
     vertex -3.120420e+00 -1.648140e+01 -2.215852e+01
     vertex -2.259002e+00 -1.624522e+01 -2.321679e+01
     vertex -2.244720e+00 -1.622963e+01 -2.328901e+01
   endloop
 endfacet
 facet normal -9.827053e-03  9.776121e-01  2.101855e-01
   outer loop
     vertex -3.120420e+00 -1.648140e+01 -2.215852e+01
     vertex -2.271151e+00 -1.626094e+01 -2.314424e+01
     vertex -2.259002e+00 -1.624522e+01 -2.321679e+01
   endloop
 endfacet
 facet normal -8.256392e-03  9.773475e-01  2.114796e-01
   outer loop
     vertex -3.120420e+00 -1.648140e+01 -2.215852e+01
     vertex -2.281169e+00 -1.627678e+01 -2.307144e+01
     vertex -2.271151e+00 -1.626094e+01 -2.314424e+01
   endloop
 endfacet
 facet normal -6.910097e-03  9.771014e-01  2.126621e-01
   outer loop
     vertex -3.120420e+00 -1.648140e+01 -2.215852e+01
     vertex -2.289057e+00 -1.629272e+01 -2.299843e+01
     vertex -2.281169e+00 -1.627678e+01 -2.307144e+01
   endloop
 endfacet
 facet normal -5.752450e-03  9.768701e-01  2.137560e-01
   outer loop
     vertex -3.120420e+00 -1.648140e+01 -2.215852e+01
     vertex -2.294815e+00 -1.630876e+01 -2.292528e+01
     vertex -2.289057e+00 -1.629272e+01 -2.299843e+01
   endloop
 endfacet
 facet normal -4.756291e-03  9.766510e-01  2.147793e-01
   outer loop
     vertex -3.120420e+00 -1.648140e+01 -2.215852e+01
     vertex -2.298446e+00 -1.632489e+01 -2.285203e+01
     vertex -2.294815e+00 -1.630876e+01 -2.292528e+01
   endloop
 endfacet
 facet normal -3.900650e-03  9.764417e-01  2.157462e-01
   outer loop
     vertex -3.120420e+00 -1.648140e+01 -2.215852e+01
     vertex -2.299953e+00 -1.634109e+01 -2.277875e+01
     vertex -2.298446e+00 -1.632489e+01 -2.285203e+01
   endloop
 endfacet
 facet normal -3.169129e-03  9.762401e-01  2.166683e-01
   outer loop
     vertex -3.120420e+00 -1.648140e+01 -2.215852e+01
     vertex -2.299339e+00 -1.635735e+01 -2.270548e+01
     vertex -2.299953e+00 -1.634109e+01 -2.277875e+01
   endloop
 endfacet
 facet normal -2.548775e-03  9.760447e-01  2.175552e-01
   outer loop
     vertex -3.120420e+00 -1.648140e+01 -2.215852e+01
     vertex -2.296607e+00 -1.637366e+01 -2.263228e+01
     vertex -2.299339e+00 -1.635735e+01 -2.270548e+01
   endloop
 endfacet
 facet normal -2.029284e-03  9.758538e-01  2.184152e-01
   outer loop
     vertex -3.120420e+00 -1.648140e+01 -2.215852e+01
     vertex -2.291761e+00 -1.639000e+01 -2.255920e+01
     vertex -2.296607e+00 -1.637366e+01 -2.263228e+01
   endloop
 endfacet
 facet normal -1.602389e-03  9.756662e-01  2.192552e-01
   outer loop
     vertex -3.120420e+00 -1.648140e+01 -2.215852e+01
     vertex -2.284805e+00 -1.640637e+01 -2.248631e+01
     vertex -2.291761e+00 -1.639000e+01 -2.255920e+01
   endloop
 endfacet
 facet normal -1.261480e-03  9.754806e-01  2.200818e-01
   outer loop
     vertex -3.120420e+00 -1.648140e+01 -2.215852e+01
     vertex -2.275744e+00 -1.642275e+01 -2.241364e+01
     vertex -2.284805e+00 -1.640637e+01 -2.248631e+01
   endloop
 endfacet
 facet normal -1.001326e-03  9.752958e-01  2.209007e-01
   outer loop
     vertex -3.120420e+00 -1.648140e+01 -2.215852e+01
     vertex -2.264582e+00 -1.643914e+01 -2.234126e+01
     vertex -2.275744e+00 -1.642275e+01 -2.241364e+01
   endloop
 endfacet
 facet normal -8.178291e-04  9.751107e-01  2.217173e-01
   outer loop
     vertex -3.120420e+00 -1.648140e+01 -2.215852e+01
     vertex -2.251325e+00 -1.645551e+01 -2.226922e+01
     vertex -2.264582e+00 -1.643914e+01 -2.234126e+01
   endloop
 endfacet
 facet normal -7.078907e-04  9.749240e-01  2.225368e-01
   outer loop
     vertex -3.120420e+00 -1.648140e+01 -2.215852e+01
     vertex -2.235977e+00 -1.647185e+01 -2.219756e+01
     vertex -2.251325e+00 -1.645551e+01 -2.226922e+01
   endloop
 endfacet
 facet normal -6.693167e-04  9.747348e-01  2.233644e-01
   outer loop
     vertex -3.120420e+00 -1.648140e+01 -2.215852e+01
     vertex -2.218545e+00 -1.648816e+01 -2.212635e+01
     vertex -2.235977e+00 -1.647185e+01 -2.219756e+01
   endloop
 endfacet
 facet normal -7.007692e-04  9.745416e-01  2.242055e-01
   outer loop
     vertex -3.120420e+00 -1.648140e+01 -2.215852e+01
     vertex -2.199035e+00 -1.650441e+01 -2.205564e+01
     vertex -2.218545e+00 -1.648816e+01 -2.212635e+01
   endloop
 endfacet
 facet normal -8.017643e-04  9.743433e-01  2.250656e-01
   outer loop
     vertex -3.120420e+00 -1.648140e+01 -2.215852e+01
     vertex -2.177454e+00 -1.652060e+01 -2.198548e+01
     vertex -2.199035e+00 -1.650441e+01 -2.205564e+01
   endloop
 endfacet
 facet normal -9.727178e-04  9.741383e-01  2.259507e-01
   outer loop
     vertex -3.120420e+00 -1.648140e+01 -2.215852e+01
     vertex -2.153808e+00 -1.653671e+01 -2.191592e+01
     vertex -2.177454e+00 -1.652060e+01 -2.198548e+01
   endloop
 endfacet
 facet normal -1.215045e-03  9.739249e-01  2.268676e-01
   outer loop
     vertex -3.120420e+00 -1.648140e+01 -2.215852e+01
     vertex -2.128105e+00 -1.655272e+01 -2.184704e+01
     vertex -2.153808e+00 -1.653671e+01 -2.191592e+01
   endloop
 endfacet
 facet normal -1.531327e-03  9.737011e-01  2.278239e-01
   outer loop
     vertex -3.120420e+00 -1.648140e+01 -2.215852e+01
     vertex -2.100353e+00 -1.656863e+01 -2.177887e+01
     vertex -2.128105e+00 -1.655272e+01 -2.184704e+01
   endloop
 endfacet
 facet normal -1.925567e-03  9.734648e-01  2.288289e-01
   outer loop
     vertex -3.120420e+00 -1.648140e+01 -2.215852e+01
     vertex -2.070562e+00 -1.658441e+01 -2.171148e+01
     vertex -2.100353e+00 -1.656863e+01 -2.177887e+01
   endloop
 endfacet
 facet normal -2.403571e-03  9.732128e-01  2.298934e-01
   outer loop
     vertex -3.120420e+00 -1.648140e+01 -2.215852e+01
     vertex -2.038741e+00 -1.660006e+01 -2.164492e+01
     vertex -2.070562e+00 -1.658441e+01 -2.171148e+01
   endloop
 endfacet
 facet normal -2.973508e-03  9.729418e-01  2.310311e-01
   outer loop
     vertex -3.120420e+00 -1.648140e+01 -2.215852e+01
     vertex -2.004900e+00 -1.661555e+01 -2.157925e+01
     vertex -2.038741e+00 -1.660006e+01 -2.164492e+01
   endloop
 endfacet
 facet normal -3.646734e-03  9.726471e-01  2.322593e-01
   outer loop
     vertex -3.120420e+00 -1.648140e+01 -2.215852e+01
     vertex -1.969050e+00 -1.663087e+01 -2.151454e+01
     vertex -2.004900e+00 -1.661555e+01 -2.157925e+01
   endloop
 endfacet
 facet normal -4.439046e-03  9.723225e-01  2.336005e-01
   outer loop
     vertex -3.120420e+00 -1.648140e+01 -2.215852e+01
     vertex -1.931204e+00 -1.664600e+01 -2.145084e+01
     vertex -1.969050e+00 -1.663087e+01 -2.151454e+01
   endloop
 endfacet
 facet normal -5.372610e-03  9.719600e-01  2.350850e-01
   outer loop
     vertex -3.120420e+00 -1.648140e+01 -2.215852e+01
     vertex -1.891377e+00 -1.666092e+01 -2.138821e+01
     vertex -1.931204e+00 -1.664600e+01 -2.145084e+01
   endloop
 endfacet
 facet normal -6.479083e-03  9.715479e-01  2.367544e-01
   outer loop
     vertex -3.120420e+00 -1.648140e+01 -2.215852e+01
     vertex -1.849584e+00 -1.667563e+01 -2.132673e+01
     vertex -1.891377e+00 -1.666092e+01 -2.138821e+01
   endloop
 endfacet
 facet normal  3.969953e-03  9.659596e-01  2.586626e-01
   outer loop
     vertex  1.694700e+00 -1.740838e+01 -1.853249e+01
     vertex  5.862956e-01 -1.689731e+01 -2.042404e+01
     vertex  5.109229e-01 -1.690222e+01 -2.040452e+01
   endloop
 endfacet
 facet normal  4.538507e-03  9.660404e-01  2.583513e-01
   outer loop
     vertex  1.694700e+00 -1.740838e+01 -1.853249e+01
     vertex  6.608165e-01 -1.689174e+01 -2.044618e+01
     vertex  5.862956e-01 -1.689731e+01 -2.042404e+01
   endloop
 endfacet
 facet normal  5.129299e-03  9.661172e-01  2.580528e-01
   outer loop
     vertex  1.694700e+00 -1.740838e+01 -1.853249e+01
     vertex  7.343889e-01 -1.688553e+01 -2.047088e+01
     vertex  6.608165e-01 -1.689174e+01 -2.044618e+01
   endloop
 endfacet
 facet normal  5.748484e-03  9.661903e-01  2.577658e-01
   outer loop
     vertex  1.694700e+00 -1.740838e+01 -1.853249e+01
     vertex  8.069210e-01 -1.687870e+01 -2.049808e+01
     vertex  7.343889e-01 -1.688553e+01 -2.047088e+01
   endloop
 endfacet
 facet normal  6.402216e-03  9.662599e-01  2.574893e-01
   outer loop
     vertex  1.694700e+00 -1.740838e+01 -1.853249e+01
     vertex  8.783250e-01 -1.687128e+01 -2.052772e+01
     vertex  8.069210e-01 -1.687870e+01 -2.049808e+01
   endloop
 endfacet
 facet normal  7.097017e-03  9.663261e-01  2.572228e-01
   outer loop
     vertex  1.694700e+00 -1.740838e+01 -1.853249e+01
     vertex  9.485179e-01 -1.686327e+01 -2.055975e+01
     vertex  8.783250e-01 -1.687128e+01 -2.052772e+01
   endloop
 endfacet
 facet normal  7.839814e-03  9.663886e-01  2.569662e-01
   outer loop
     vertex  1.694700e+00 -1.740838e+01 -1.853249e+01
     vertex  1.017422e+00 -1.685470e+01 -2.059409e+01
     vertex  9.485179e-01 -1.686327e+01 -2.055975e+01
   endloop
 endfacet
 facet normal  8.637875e-03  9.664473e-01  2.567198e-01
   outer loop
     vertex  1.694700e+00 -1.740838e+01 -1.853249e+01
     vertex  1.084965e+00 -1.684558e+01 -2.063068e+01
     vertex  1.017422e+00 -1.685470e+01 -2.059409e+01
   endloop
 endfacet
 facet normal  9.499171e-03  9.665018e-01  2.564841e-01
   outer loop
     vertex  1.694700e+00 -1.740838e+01 -1.853249e+01
     vertex  1.151078e+00 -1.683594e+01 -2.066945e+01
     vertex  1.084965e+00 -1.684558e+01 -2.063068e+01
   endloop
 endfacet
 facet normal  1.043244e-02  9.665516e-01  2.562601e-01
   outer loop
     vertex  1.694700e+00 -1.740838e+01 -1.853249e+01
     vertex  1.215700e+00 -1.682580e+01 -2.071032e+01
     vertex  1.151078e+00 -1.683594e+01 -2.066945e+01
   endloop
 endfacet
 facet normal  1.144743e-02  9.665961e-01  2.560487e-01
   outer loop
     vertex  1.694700e+00 -1.740838e+01 -1.853249e+01
     vertex  1.278773e+00 -1.681518e+01 -2.075322e+01
     vertex  1.215700e+00 -1.682580e+01 -2.071032e+01
   endloop
 endfacet
 facet normal  1.255506e-02  9.666346e-01  2.558515e-01
   outer loop
     vertex  1.694700e+00 -1.740838e+01 -1.853249e+01
     vertex  1.340243e+00 -1.680411e+01 -2.079809e+01
     vertex  1.278773e+00 -1.681518e+01 -2.075322e+01
   endloop
 endfacet
 facet normal  1.376771e-02  9.666660e-01  2.556702e-01
   outer loop
     vertex  1.694700e+00 -1.740838e+01 -1.853249e+01
     vertex  1.400062e+00 -1.679259e+01 -2.084484e+01
     vertex  1.340243e+00 -1.680411e+01 -2.079809e+01
   endloop
 endfacet
 facet normal  8.391028e-04  9.560882e-01  2.930778e-01
   outer loop
     vertex  1.694700e+00 -1.740838e+01 -1.853249e+01
     vertex  8.041254e-14 -1.740681e+01 -1.853274e+01
     vertex  3.500000e+00 -1.838461e+01 -1.535296e+01
   endloop
 endfacet
 facet normal  8.525186e-04  9.654728e-01  2.605023e-01
   outer loop
     vertex  1.694700e+00 -1.740838e+01 -1.853249e+01
     vertex  5.109229e-01 -1.690222e+01 -2.040452e+01
     vertex  8.041254e-14 -1.740681e+01 -1.853274e+01
   endloop
 endfacet
 facet normal  1.064866e-02  9.680541e-01  2.505153e-01
   outer loop
     vertex  3.389462e+00 -1.741307e+01 -1.853175e+01
     vertex  1.458184e+00 -1.678067e+01 -2.089341e+01
     vertex  1.400062e+00 -1.679259e+01 -2.084484e+01
   endloop
 endfacet
 facet normal  2.518002e-03  9.563522e-01  2.922056e-01
   outer loop
     vertex  3.389462e+00 -1.741307e+01 -1.853175e+01
     vertex  1.694700e+00 -1.740838e+01 -1.853249e+01
     vertex  3.500000e+00 -1.838461e+01 -1.535296e+01
   endloop
 endfacet
 facet normal  1.140051e-02  9.681947e-01  2.499381e-01
   outer loop
     vertex  3.389462e+00 -1.741307e+01 -1.853175e+01
     vertex  1.514569e+00 -1.676834e+01 -2.094372e+01
     vertex  1.458184e+00 -1.678067e+01 -2.089341e+01
   endloop
 endfacet
 facet normal  1.220328e-02  9.683361e-01  2.493519e-01
   outer loop
     vertex  3.389462e+00 -1.741307e+01 -1.853175e+01
     vertex  1.569181e+00 -1.675565e+01 -2.099569e+01
     vertex  1.514569e+00 -1.676834e+01 -2.094372e+01
   endloop
 endfacet
 facet normal  1.306173e-02  9.684782e-01  2.487556e-01
   outer loop
     vertex  3.389462e+00 -1.741307e+01 -1.853175e+01
     vertex  1.621984e+00 -1.674260e+01 -2.104927e+01
     vertex  1.569181e+00 -1.675565e+01 -2.099569e+01
   endloop
 endfacet
 facet normal  1.398106e-02  9.686212e-01  2.481483e-01
   outer loop
     vertex  3.389462e+00 -1.741307e+01 -1.853175e+01
     vertex  1.672950e+00 -1.672922e+01 -2.110437e+01
     vertex  1.621984e+00 -1.674260e+01 -2.104927e+01
   endloop
 endfacet
 facet normal  1.496697e-02  9.687650e-01  2.475287e-01
   outer loop
     vertex  3.389462e+00 -1.741307e+01 -1.853175e+01
     vertex  1.722050e+00 -1.671553e+01 -2.116093e+01
     vertex  1.672950e+00 -1.672922e+01 -2.110437e+01
   endloop
 endfacet
 facet normal  1.602573e-02  9.689096e-01  2.468956e-01
   outer loop
     vertex  3.389462e+00 -1.741307e+01 -1.853175e+01
     vertex  1.769259e+00 -1.670154e+01 -2.121887e+01
     vertex  1.722050e+00 -1.671553e+01 -2.116093e+01
   endloop
 endfacet
 facet normal  1.716431e-02  9.690550e-01  2.462476e-01
   outer loop
     vertex  3.389462e+00 -1.741307e+01 -1.853175e+01
     vertex  1.814555e+00 -1.668728e+01 -2.127814e+01
     vertex  1.769259e+00 -1.670154e+01 -2.121887e+01
   endloop
 endfacet
 facet normal  1.839042e-02  9.692011e-01  2.455831e-01
   outer loop
     vertex  3.389462e+00 -1.741307e+01 -1.853175e+01
     vertex  1.857912e+00 -1.667277e+01 -2.133866e+01
     vertex  1.814555e+00 -1.668728e+01 -2.127814e+01
   endloop
 endfacet
 facet normal -1.839818e-05  9.579647e-01  2.868862e-01
   outer loop
     vertex  3.389462e+00 -1.741307e+01 -1.853175e+01
     vertex  5.938910e+00 -1.796514e+01 -1.668810e+01
     vertex  6.016875e+00 -1.792875e+01 -1.680962e+01
   endloop
 endfacet
 facet normal -7.197741e-04  9.576974e-01  2.877761e-01
   outer loop
     vertex  3.389462e+00 -1.741307e+01 -1.853175e+01
     vertex  5.855199e+00 -1.800077e+01 -1.656976e+01
     vertex  5.938910e+00 -1.796514e+01 -1.668810e+01
   endloop
 endfacet
 facet normal -1.443584e-03  9.574456e-01  2.886103e-01
   outer loop
     vertex  3.389462e+00 -1.741307e+01 -1.853175e+01
     vertex  5.765766e+00 -1.803554e+01 -1.645484e+01
     vertex  5.855199e+00 -1.800077e+01 -1.656976e+01
   endloop
 endfacet
 facet normal -2.179925e-03  9.572111e-01  2.893825e-01
   outer loop
     vertex  3.389462e+00 -1.741307e+01 -1.853175e+01
     vertex  5.670679e+00 -1.806936e+01 -1.634369e+01
     vertex  5.765766e+00 -1.803554e+01 -1.645484e+01
   endloop
 endfacet
 facet normal -2.917032e-03  9.569960e-01  2.900865e-01
   outer loop
     vertex  3.389462e+00 -1.741307e+01 -1.853175e+01
     vertex  5.570011e+00 -1.810212e+01 -1.623662e+01
     vertex  5.670679e+00 -1.806936e+01 -1.634369e+01
   endloop
 endfacet
 facet normal -3.641272e-03  9.568023e-01  2.907164e-01
   outer loop
     vertex  3.389462e+00 -1.741307e+01 -1.853175e+01
     vertex  5.463844e+00 -1.813373e+01 -1.613394e+01
     vertex  5.570011e+00 -1.810212e+01 -1.623662e+01
   endloop
 endfacet
 facet normal -4.337703e-03  9.566318e-01  2.912676e-01
   outer loop
     vertex  3.389462e+00 -1.741307e+01 -1.853175e+01
     vertex  5.352281e+00 -1.816405e+01 -1.603599e+01
     vertex  5.463844e+00 -1.813373e+01 -1.613394e+01
   endloop
 endfacet
 facet normal -4.990115e-03  9.564856e-01  2.917368e-01
   outer loop
     vertex  3.389462e+00 -1.741307e+01 -1.853175e+01
     vertex  5.235448e+00 -1.819299e+01 -1.594312e+01
     vertex  5.352281e+00 -1.816405e+01 -1.603599e+01
   endloop
 endfacet
 facet normal -5.554525e-03  9.563703e-01  2.921045e-01
   outer loop
     vertex  3.389462e+00 -1.741307e+01 -1.853175e+01
     vertex  5.125916e+00 -1.821774e+01 -1.586417e+01
     vertex  5.235448e+00 -1.819299e+01 -1.594312e+01
   endloop
 endfacet
 facet normal -6.002772e-03  9.562862e-01  2.923709e-01
   outer loop
     vertex  3.389462e+00 -1.741307e+01 -1.853175e+01
     vertex  5.023903e+00 -1.823889e+01 -1.579710e+01
     vertex  5.125916e+00 -1.821774e+01 -1.586417e+01
   endloop
 endfacet
 facet normal -6.364149e-03  9.562235e-01  2.925680e-01
   outer loop
     vertex  3.389462e+00 -1.741307e+01 -1.853175e+01
     vertex  4.918754e+00 -1.825889e+01 -1.573400e+01
     vertex  5.023903e+00 -1.823889e+01 -1.579710e+01
   endloop
 endfacet
 facet normal -6.655696e-03  9.561771e-01  2.927133e-01
   outer loop
     vertex  3.389462e+00 -1.741307e+01 -1.853175e+01
     vertex  4.810600e+00 -1.827768e+01 -1.567508e+01
     vertex  4.918754e+00 -1.825889e+01 -1.573400e+01
   endloop
 endfacet
 facet normal -6.869154e-03  9.561459e-01  2.928101e-01
   outer loop
     vertex  3.389462e+00 -1.741307e+01 -1.853175e+01
     vertex  4.699588e+00 -1.829519e+01 -1.562052e+01
     vertex  4.810600e+00 -1.827768e+01 -1.567508e+01
   endloop
 endfacet
 facet normal -6.996986e-03  9.561290e-01  2.928625e-01
   outer loop
     vertex  3.389462e+00 -1.741307e+01 -1.853175e+01
     vertex  4.585885e+00 -1.831133e+01 -1.557053e+01
     vertex  4.699588e+00 -1.829519e+01 -1.562052e+01
   endloop
 endfacet
 facet normal -7.032686e-03  9.561247e-01  2.928756e-01
   outer loop
     vertex  3.389462e+00 -1.741307e+01 -1.853175e+01
     vertex  4.469667e+00 -1.832605e+01 -1.552528e+01
     vertex  4.585885e+00 -1.831133e+01 -1.557053e+01
   endloop
 endfacet
 facet normal  2.561220e-03  9.664007e-01  2.570275e-01
   outer loop
     vertex  3.389462e+00 -1.741307e+01 -1.853175e+01
     vertex  1.400062e+00 -1.679259e+01 -2.084484e+01
     vertex  1.694700e+00 -1.740838e+01 -1.853249e+01
   endloop
 endfacet
 facet normal -6.971236e-03  9.561313e-01  2.928555e-01
   outer loop
     vertex  3.389462e+00 -1.741307e+01 -1.853175e+01
     vertex  4.351147e+00 -1.833926e+01 -1.548496e+01
     vertex  4.469667e+00 -1.832605e+01 -1.552528e+01
   endloop
 endfacet
 facet normal -5.592424e-03  9.562614e-01  2.924599e-01
   outer loop
     vertex  3.389462e+00 -1.741307e+01 -1.853175e+01
     vertex  3.500000e+00 -1.838461e+01 -1.535296e+01
     vertex  4.351147e+00 -1.833926e+01 -1.548496e+01
   endloop
 endfacet
 facet normal  4.218994e-03  9.597145e-01  2.809453e-01
   outer loop
     vertex  5.084349e+00 -1.742088e+01 -1.853051e+01
     vertex  3.389462e+00 -1.741307e+01 -1.853175e+01
     vertex  6.016875e+00 -1.792875e+01 -1.680962e+01
   endloop
 endfacet
 facet normal  5.796203e-03  9.621329e-01  2.725190e-01
   outer loop
     vertex  5.084349e+00 -1.742088e+01 -1.853051e+01
     vertex  6.495481e+00 -1.747550e+01 -1.836769e+01
     vertex  6.500000e+00 -1.742610e+01 -1.854217e+01
   endloop
 endfacet
 facet normal  5.590630e-03  9.616718e-01  2.741460e-01
   outer loop
     vertex  5.084349e+00 -1.742088e+01 -1.853051e+01
     vertex  6.481944e+00 -1.752500e+01 -1.819376e+01
     vertex  6.495481e+00 -1.747550e+01 -1.836769e+01
   endloop
 endfacet
 facet normal  5.180367e-03  9.612266e-01  2.757110e-01
   outer loop
     vertex  5.084349e+00 -1.742088e+01 -1.853051e+01
     vertex  6.459414e+00 -1.757451e+01 -1.802073e+01
     vertex  6.481944e+00 -1.752500e+01 -1.819376e+01
   endloop
 endfacet
 facet normal  4.610864e-03  9.608227e-01  2.771254e-01
   outer loop
     vertex  5.084349e+00 -1.742088e+01 -1.853051e+01
     vertex  6.431464e+00 -1.761898e+01 -1.786609e+01
     vertex  6.459414e+00 -1.757451e+01 -1.802073e+01
   endloop
 endfacet
 facet normal  3.966395e-03  9.604776e-01  2.783292e-01
   outer loop
     vertex  5.084349e+00 -1.742088e+01 -1.853051e+01
     vertex  6.400105e+00 -1.765886e+01 -1.772802e+01
     vertex  6.431464e+00 -1.761898e+01 -1.786609e+01
   endloop
 endfacet
 facet normal  3.255072e-03  9.601682e-01  2.794037e-01
   outer loop
     vertex  5.084349e+00 -1.742088e+01 -1.853051e+01
     vertex  6.362877e+00 -1.769854e+01 -1.759122e+01
     vertex  6.400105e+00 -1.765886e+01 -1.772802e+01
   endloop
 endfacet
 facet normal  2.453413e-03  9.598775e-01  2.804090e-01
   outer loop
     vertex  5.084349e+00 -1.742088e+01 -1.853051e+01
     vertex  6.319788e+00 -1.773796e+01 -1.745591e+01
     vertex  6.362877e+00 -1.769854e+01 -1.759122e+01
   endloop
 endfacet
 facet normal  1.573151e-03  9.596066e-01  2.813410e-01
   outer loop
     vertex  5.084349e+00 -1.742088e+01 -1.853051e+01
     vertex  6.270851e+00 -1.777705e+01 -1.732230e+01
     vertex  6.319788e+00 -1.773796e+01 -1.745591e+01
   endloop
 endfacet
 facet normal  6.267725e-04  9.593564e-01  2.821967e-01
   outer loop
     vertex  5.084349e+00 -1.742088e+01 -1.853051e+01
     vertex  6.216075e+00 -1.781575e+01 -1.719063e+01
     vertex  6.270851e+00 -1.777705e+01 -1.732230e+01
   endloop
 endfacet
 facet normal -3.723540e-04  9.591277e-01  2.829732e-01
   outer loop
     vertex  5.084349e+00 -1.742088e+01 -1.853051e+01
     vertex  6.155477e+00 -1.785398e+01 -1.706114e+01
     vertex  6.216075e+00 -1.781575e+01 -1.719063e+01
   endloop
 endfacet
 facet normal -1.409847e-03  9.589213e-01  2.836686e-01
   outer loop
     vertex  5.084349e+00 -1.742088e+01 -1.853051e+01
     vertex  6.089070e+00 -1.789167e+01 -1.693405e+01
     vertex  6.155477e+00 -1.785398e+01 -1.706114e+01
   endloop
 endfacet
 facet normal -2.470198e-03  9.587376e-01  2.842818e-01
   outer loop
     vertex  5.084349e+00 -1.742088e+01 -1.853051e+01
     vertex  6.016875e+00 -1.792875e+01 -1.680962e+01
     vertex  6.089070e+00 -1.789167e+01 -1.693405e+01
   endloop
 endfacet
 facet normal  5.726767e-03  9.648094e-01  2.628878e-01
   outer loop
     vertex  5.084349e+00 -1.742088e+01 -1.853051e+01
     vertex  6.500000e+00 -1.742610e+01 -1.854217e+01
     vertex  6.500000e+00 -1.697262e+01 -2.020648e+01
   endloop
 endfacet
 facet normal  1.408724e-02  9.687085e-01  2.478011e-01
   outer loop
     vertex  3.120420e+00 -1.648140e+01 -2.215852e+01
     vertex  1.857912e+00 -1.667277e+01 -2.133866e+01
     vertex  3.389462e+00 -1.741307e+01 -1.853175e+01
   endloop
 endfacet
 facet normal  6.247304e-03  9.716331e-01  2.364110e-01
   outer loop
     vertex  3.120420e+00 -1.648140e+01 -2.215852e+01
     vertex  1.899313e+00 -1.665802e+01 -2.140036e+01
     vertex  1.857912e+00 -1.667277e+01 -2.133866e+01
   endloop
 endfacet
 facet normal  5.177946e-03  9.720342e-01  2.347822e-01
   outer loop
     vertex  3.120420e+00 -1.648140e+01 -2.215852e+01
     vertex  1.938743e+00 -1.664306e+01 -2.146318e+01
     vertex  1.899313e+00 -1.665802e+01 -2.140036e+01
   endloop
 endfacet
 facet normal  4.274328e-03  9.723885e-01  2.333289e-01
   outer loop
     vertex  3.120420e+00 -1.648140e+01 -2.215852e+01
     vertex  1.976189e+00 -1.662790e+01 -2.152706e+01
     vertex  1.938743e+00 -1.664306e+01 -2.146318e+01
   endloop
 endfacet
 facet normal  3.506950e-03  9.727066e-01  2.320122e-01
   outer loop
     vertex  3.120420e+00 -1.648140e+01 -2.215852e+01
     vertex  2.011638e+00 -1.661255e+01 -2.159195e+01
     vertex  1.976189e+00 -1.662790e+01 -2.152706e+01
   endloop
 endfacet
 facet normal  2.855078e-03  9.729962e-01  2.308035e-01
   outer loop
     vertex  3.120420e+00 -1.648140e+01 -2.215852e+01
     vertex  2.045078e+00 -1.659703e+01 -2.165777e+01
     vertex  2.011638e+00 -1.661255e+01 -2.159195e+01
   endloop
 endfacet
 facet normal  2.303912e-03  9.732631e-01  2.296816e-01
   outer loop
     vertex  3.120420e+00 -1.648140e+01 -2.215852e+01
     vertex  2.076499e+00 -1.658136e+01 -2.172448e+01
     vertex  2.045078e+00 -1.659703e+01 -2.165777e+01
   endloop
 endfacet
 facet normal  1.842815e-03  9.735117e-01  2.286298e-01
   outer loop
     vertex  3.120420e+00 -1.648140e+01 -2.215852e+01
     vertex  2.105889e+00 -1.656556e+01 -2.179201e+01
     vertex  2.076499e+00 -1.658136e+01 -2.172448e+01
   endloop
 endfacet
 facet normal  1.464146e-03  9.737454e-01  2.276353e-01
   outer loop
     vertex  3.120420e+00 -1.648140e+01 -2.215852e+01
     vertex  2.133240e+00 -1.654963e+01 -2.186031e+01
     vertex  2.105889e+00 -1.656556e+01 -2.179201e+01
   endloop
 endfacet
 facet normal  1.162496e-03  9.739669e-01  2.266874e-01
   outer loop
     vertex  3.120420e+00 -1.648140e+01 -2.215852e+01
     vertex  2.158541e+00 -1.653360e+01 -2.192932e+01
     vertex  2.133240e+00 -1.654963e+01 -2.186031e+01
   endloop
 endfacet
 facet normal  9.341721e-04  9.741785e-01  2.257774e-01
   outer loop
     vertex  3.120420e+00 -1.648140e+01 -2.215852e+01
     vertex  2.181785e+00 -1.651748e+01 -2.199899e+01
     vertex  2.158541e+00 -1.653360e+01 -2.192932e+01
   endloop
 endfacet
 facet normal  7.768385e-04  9.743821e-01  2.248977e-01
   outer loop
     vertex  3.120420e+00 -1.648140e+01 -2.215852e+01
     vertex  2.202964e+00 -1.650128e+01 -2.206925e+01
     vertex  2.181785e+00 -1.651748e+01 -2.199899e+01
   endloop
 endfacet
 facet normal  6.892867e-04  9.745793e-01  2.240419e-01
   outer loop
     vertex  3.120420e+00 -1.648140e+01 -2.215852e+01
     vertex  2.222070e+00 -1.648502e+01 -2.214005e+01
     vertex  2.202964e+00 -1.650128e+01 -2.206925e+01
   endloop
 endfacet
 facet normal  6.712803e-04  9.747715e-01  2.232040e-01
   outer loop
     vertex  3.120420e+00 -1.648140e+01 -2.215852e+01
     vertex  2.239097e+00 -1.646870e+01 -2.221134e+01
     vertex  2.222070e+00 -1.648502e+01 -2.214005e+01
   endloop
 endfacet
 facet normal  7.234676e-04  9.749602e-01  2.223784e-01
   outer loop
     vertex  3.120420e+00 -1.648140e+01 -2.215852e+01
     vertex  2.254040e+00 -1.645236e+01 -2.228306e+01
     vertex  2.239097e+00 -1.646870e+01 -2.221134e+01
   endloop
 endfacet
 facet normal  8.473455e-04  9.751464e-01  2.215601e-01
   outer loop
     vertex  3.120420e+00 -1.648140e+01 -2.215852e+01
     vertex  2.266891e+00 -1.643599e+01 -2.235516e+01
     vertex  2.254040e+00 -1.645236e+01 -2.228306e+01
   endloop
 endfacet
 facet normal  1.045271e-03  9.753313e-01  2.207436e-01
   outer loop
     vertex  3.120420e+00 -1.648140e+01 -2.215852e+01
     vertex  2.277647e+00 -1.641961e+01 -2.242758e+01
     vertex  2.266891e+00 -1.643599e+01 -2.235516e+01
   endloop
 endfacet
 facet normal  1.320518e-03  9.755161e-01  2.199239e-01
   outer loop
     vertex  3.120420e+00 -1.648140e+01 -2.215852e+01
     vertex  2.286303e+00 -1.640323e+01 -2.250028e+01
     vertex  2.277647e+00 -1.641961e+01 -2.242758e+01
   endloop
 endfacet
 facet normal  1.677383e-03  9.757020e-01  2.190954e-01
   outer loop
     vertex  3.120420e+00 -1.648140e+01 -2.215852e+01
     vertex  2.292853e+00 -1.638687e+01 -2.257319e+01
     vertex  2.286303e+00 -1.640323e+01 -2.250028e+01
   endloop
 endfacet
 facet normal  2.121350e-03  9.758901e-01  2.182523e-01
   outer loop
     vertex  3.120420e+00 -1.648140e+01 -2.215852e+01
     vertex  2.297293e+00 -1.637053e+01 -2.264628e+01
     vertex  2.292853e+00 -1.638687e+01 -2.257319e+01
   endloop
 endfacet
 facet normal  2.604557e-03  9.760622e-01  2.174759e-01
   outer loop
     vertex  3.120420e+00 -1.648140e+01 -2.215852e+01
     vertex  2.299323e+00 -1.635750e+01 -2.270478e+01
     vertex  2.297293e+00 -1.637053e+01 -2.264628e+01
   endloop
 endfacet
 facet normal  3.099557e-03  9.762184e-01  2.167673e-01
   outer loop
     vertex  3.120420e+00 -1.648140e+01 -2.215852e+01
     vertex  2.300000e+00 -1.634450e+01 -2.276334e+01
     vertex  2.299323e+00 -1.635750e+01 -2.270478e+01
   endloop
 endfacet
 facet normal  3.857654e-03  9.764327e-01  2.157875e-01
   outer loop
     vertex  3.120420e+00 -1.648140e+01 -2.215852e+01
     vertex  2.298114e+00 -1.632290e+01 -2.286105e+01
     vertex  2.300000e+00 -1.634450e+01 -2.276334e+01
   endloop
 endfacet
 facet normal  5.020293e-03  9.767133e-01  2.144899e-01
   outer loop
     vertex  3.120420e+00 -1.648140e+01 -2.215852e+01
     vertex  2.292451e+00 -1.630143e+01 -2.295868e+01
     vertex  2.298114e+00 -1.632290e+01 -2.286105e+01
   endloop
 endfacet
 facet normal  6.442999e-03  9.770124e-01  2.130850e-01
   outer loop
     vertex  3.120420e+00 -1.648140e+01 -2.215852e+01
     vertex  2.283006e+00 -1.628012e+01 -2.305610e+01
     vertex  2.292451e+00 -1.630143e+01 -2.295868e+01
   endloop
 endfacet
 facet normal  8.181996e-03  9.773361e-01  2.115352e-01
   outer loop
     vertex  3.120420e+00 -1.648140e+01 -2.215852e+01
     vertex  2.269773e+00 -1.625900e+01 -2.315318e+01
     vertex  2.283006e+00 -1.628012e+01 -2.305610e+01
   endloop
 endfacet
 facet normal  1.031771e-02  9.776924e-01  2.097883e-01
   outer loop
     vertex  3.120420e+00 -1.648140e+01 -2.215852e+01
     vertex  2.252750e+00 -1.623809e+01 -2.324978e+01
     vertex  2.269773e+00 -1.625900e+01 -2.315318e+01
   endloop
 endfacet
 facet normal  1.296896e-02  9.780919e-01  2.077694e-01
   outer loop
     vertex  3.120420e+00 -1.648140e+01 -2.215852e+01
     vertex  2.231937e+00 -1.621742e+01 -2.334578e+01
     vertex  2.252750e+00 -1.623809e+01 -2.324978e+01
   endloop
 endfacet
 facet normal  5.959243e-03  9.783933e-01  2.066665e-01
   outer loop
     vertex  4.680662e+00 -1.648305e+01 -2.215826e+01
     vertex  2.178952e+00 -1.617692e+01 -2.353538e+01
     vertex  2.207336e+00 -1.619702e+01 -2.344103e+01
   endloop
 endfacet
 facet normal  6.866916e-03  9.787190e-01  2.050900e-01
   outer loop
     vertex  4.680662e+00 -1.648305e+01 -2.215826e+01
     vertex  2.146792e+00 -1.615714e+01 -2.362871e+01
     vertex  2.178952e+00 -1.617692e+01 -2.353538e+01
   endloop
 endfacet
 facet normal -9.058205e-03  9.678870e-01  2.512224e-01
   outer loop
     vertex  4.680662e+00 -1.648305e+01 -2.215826e+01
     vertex  5.084349e+00 -1.742088e+01 -1.853051e+01
     vertex  6.500000e+00 -1.697262e+01 -2.020648e+01
   endloop
 endfacet
 facet normal  9.917285e-04  9.763180e-01  2.163381e-01
   outer loop
     vertex  4.680662e+00 -1.648305e+01 -2.215826e+01
     vertex  2.231937e+00 -1.621742e+01 -2.334578e+01
     vertex  3.120420e+00 -1.648140e+01 -2.215852e+01
   endloop
 endfacet
 facet normal  4.281181e-03  9.682779e-01  2.498391e-01
   outer loop
     vertex  4.680662e+00 -1.648305e+01 -2.215826e+01
     vertex  3.389462e+00 -1.741307e+01 -1.853175e+01
     vertex  5.084349e+00 -1.742088e+01 -1.853051e+01
   endloop
 endfacet
 facet normal -1.307125e-04  9.762597e-01  2.166033e-01
   outer loop
     vertex  4.680662e+00 -1.648305e+01 -2.215826e+01
     vertex  5.975820e+00 -1.599796e+01 -2.434382e+01
     vertex  2.146792e+00 -1.615714e+01 -2.362871e+01
   endloop
 endfacet
 facet normal  1.146814e-03  9.702030e-01  2.422908e-01
   outer loop
     vertex  4.680662e+00 -1.648305e+01 -2.215826e+01
     vertex  6.500000e+00 -1.697262e+01 -2.020648e+01
     vertex  6.244368e+00 -1.649189e+01 -2.213026e+01
   endloop
 endfacet
 facet normal  1.622195e-03  9.760383e-01  2.175929e-01
   outer loop
     vertex  4.680662e+00 -1.648305e+01 -2.215826e+01
     vertex  6.244368e+00 -1.649189e+01 -2.213026e+01
     vertex  5.975820e+00 -1.599796e+01 -2.434382e+01
   endloop
 endfacet
 facet normal  9.781700e-04  9.685703e-01  2.487381e-01
   outer loop
     vertex  4.680662e+00 -1.648305e+01 -2.215826e+01
     vertex  3.120420e+00 -1.648140e+01 -2.215852e+01
     vertex  3.389462e+00 -1.741307e+01 -1.853175e+01
   endloop
 endfacet
 facet normal  5.155016e-03  9.780837e-01  2.081481e-01
   outer loop
     vertex  4.680662e+00 -1.648305e+01 -2.215826e+01
     vertex  2.207336e+00 -1.619702e+01 -2.344103e+01
     vertex  2.231937e+00 -1.621742e+01 -2.334578e+01
   endloop
 endfacet
 facet normal  9.999264e-01  1.897817e-03  1.198234e-02
   outer loop
     vertex  2.300000e+00 -1.486297e+01 -2.299799e+01
     vertex  2.299323e+00 -1.635750e+01 -2.270478e+01
     vertex  2.300000e+00 -1.634450e+01 -2.276334e+01
   endloop
 endfacet
 facet normal  9.979733e-01  9.925776e-03  6.285449e-02
   outer loop
     vertex  2.297141e+00 -1.484503e+01 -2.288476e+01
     vertex  2.292853e+00 -1.638687e+01 -2.257319e+01
     vertex  2.297293e+00 -1.637053e+01 -2.264628e+01
   endloop
 endfacet
 facet normal  9.993375e-01  5.718625e-03  3.594184e-02
   outer loop
     vertex  2.297141e+00 -1.484503e+01 -2.288476e+01
     vertex  2.297293e+00 -1.637053e+01 -2.264628e+01
     vertex  2.299323e+00 -1.635750e+01 -2.270478e+01
   endloop
 endfacet
 facet normal  9.996891e-01  4.363608e-03  2.455033e-02
   outer loop
     vertex  2.297141e+00 -1.484503e+01 -2.288476e+01
     vertex  2.299323e+00 -1.635750e+01 -2.270478e+01
     vertex  2.300000e+00 -1.486297e+01 -2.299799e+01
   endloop
 endfacet
 facet normal  9.955883e-01  1.453710e-02  9.269607e-02
   outer loop
     vertex  2.288571e+00 -1.482714e+01 -2.277181e+01
     vertex  2.286303e+00 -1.640323e+01 -2.250028e+01
     vertex  2.292853e+00 -1.638687e+01 -2.257319e+01
   endloop
 endfacet
 facet normal  9.972037e-01  1.212777e-02  7.374076e-02
   outer loop
     vertex  2.288571e+00 -1.482714e+01 -2.277181e+01
     vertex  2.292853e+00 -1.638687e+01 -2.257319e+01
     vertex  2.297141e+00 -1.484503e+01 -2.288476e+01
   endloop
 endfacet
 facet normal  9.880656e-01  2.395433e-02  1.521594e-01
   outer loop
     vertex  2.274311e+00 -1.480934e+01 -2.265942e+01
     vertex  2.266891e+00 -1.643599e+01 -2.235516e+01
     vertex  2.277647e+00 -1.641961e+01 -2.242758e+01
   endloop
 endfacet
 facet normal  9.922631e-01  1.970423e-02  1.225792e-01
   outer loop
     vertex  2.274311e+00 -1.480934e+01 -2.265942e+01
     vertex  2.277647e+00 -1.641961e+01 -2.242758e+01
     vertex  2.286303e+00 -1.640323e+01 -2.250028e+01
   endloop
 endfacet
 facet normal  9.922392e-01  1.972309e-02  1.227698e-01
   outer loop
     vertex  2.274311e+00 -1.480934e+01 -2.265942e+01
     vertex  2.286303e+00 -1.640323e+01 -2.250028e+01
     vertex  2.288571e+00 -1.482714e+01 -2.277181e+01
   endloop
 endfacet
 facet normal  9.768803e-01  3.346013e-02  2.111524e-01
   outer loop
     vertex  2.254397e+00 -1.479168e+01 -2.254787e+01
     vertex  2.239097e+00 -1.646870e+01 -2.221134e+01
     vertex  2.254040e+00 -1.645236e+01 -2.228306e+01
   endloop
 endfacet
 facet normal  9.829255e-01  2.876891e-02  1.817410e-01
   outer loop
     vertex  2.254397e+00 -1.479168e+01 -2.254787e+01
     vertex  2.254040e+00 -1.645236e+01 -2.228306e+01
     vertex  2.266891e+00 -1.643599e+01 -2.235516e+01
   endloop
 endfacet
 facet normal  9.848077e-01  2.757653e-02  1.714450e-01
   outer loop
     vertex  2.254397e+00 -1.479168e+01 -2.254787e+01
     vertex  2.266891e+00 -1.643599e+01 -2.235516e+01
     vertex  2.274311e+00 -1.480934e+01 -2.265942e+01
   endloop
 endfacet
 facet normal  9.699450e-01  3.792002e-02  2.403514e-01
   outer loop
     vertex  2.228878e+00 -1.477419e+01 -2.243744e+01
     vertex  2.222070e+00 -1.648502e+01 -2.214005e+01
     vertex  2.239097e+00 -1.646870e+01 -2.221134e+01
   endloop
 endfacet
 facet normal  9.749278e-01  3.519720e-02  2.197200e-01
   outer loop
     vertex  2.228878e+00 -1.477419e+01 -2.243744e+01
     vertex  2.239097e+00 -1.646870e+01 -2.221134e+01
     vertex  2.254397e+00 -1.479168e+01 -2.254787e+01
   endloop
 endfacet
 facet normal  9.533303e-01  4.711969e-02  2.982300e-01
   outer loop
     vertex  2.197817e+00 -1.475692e+01 -2.232840e+01
     vertex  2.181785e+00 -1.651748e+01 -2.199899e+01
     vertex  2.202964e+00 -1.650128e+01 -2.206925e+01
   endloop
 endfacet
 facet normal  9.620552e-01  4.287199e-02  2.694657e-01
   outer loop
     vertex  2.197817e+00 -1.475692e+01 -2.232840e+01
     vertex  2.202964e+00 -1.650128e+01 -2.206925e+01
     vertex  2.222070e+00 -1.648502e+01 -2.214005e+01
   endloop
 endfacet
 facet normal  9.626242e-01  4.266132e-02  2.674596e-01
   outer loop
     vertex  2.197817e+00 -1.475692e+01 -2.232840e+01
     vertex  2.222070e+00 -1.648502e+01 -2.214005e+01
     vertex  2.228878e+00 -1.477419e+01 -2.243744e+01
   endloop
 endfacet
 facet normal  9.479273e-01  5.021379e-02  3.145035e-01
   outer loop
     vertex  2.161293e+00 -1.473991e+01 -2.222103e+01
     vertex  2.181785e+00 -1.651748e+01 -2.199899e+01
     vertex  2.197817e+00 -1.475692e+01 -2.232840e+01
   endloop
 endfacet
 facet normal  9.330947e-01  5.633291e-02  3.551912e-01
   outer loop
     vertex  2.161293e+00 -1.473991e+01 -2.222103e+01
     vertex  2.133240e+00 -1.654963e+01 -2.186031e+01
     vertex  2.158541e+00 -1.653360e+01 -2.192932e+01
   endloop
 endfacet
 facet normal  9.436667e-01  5.170480e-02  3.268329e-01
   outer loop
     vertex  2.161293e+00 -1.473991e+01 -2.222103e+01
     vertex  2.158541e+00 -1.653360e+01 -2.192932e+01
     vertex  2.181785e+00 -1.651748e+01 -2.199899e+01
   endloop
 endfacet
 facet normal  9.308737e-01  5.748340e-02  3.607905e-01
   outer loop
     vertex  2.119395e+00 -1.472321e+01 -2.211559e+01
     vertex  2.133240e+00 -1.654963e+01 -2.186031e+01
     vertex  2.161293e+00 -1.473991e+01 -2.222103e+01
   endloop
 endfacet
 facet normal  9.216791e-01  6.054577e-02  3.831995e-01
   outer loop
     vertex  2.119395e+00 -1.472321e+01 -2.211559e+01
     vertex  2.105889e+00 -1.656556e+01 -2.179201e+01
     vertex  2.133240e+00 -1.654963e+01 -2.186031e+01
   endloop
 endfacet
 facet normal  9.115058e-01  6.465534e-02  4.061734e-01
   outer loop
     vertex  2.072228e+00 -1.470686e+01 -2.201235e+01
     vertex  2.105889e+00 -1.656556e+01 -2.179201e+01
     vertex  2.119395e+00 -1.472321e+01 -2.211559e+01
   endloop
 endfacet
 facet normal  8.961123e-01  6.936184e-02  4.383738e-01
   outer loop
     vertex  2.072228e+00 -1.470686e+01 -2.201235e+01
     vertex  2.045078e+00 -1.659703e+01 -2.165777e+01
     vertex  2.076499e+00 -1.658136e+01 -2.172448e+01
   endloop
 endfacet
 facet normal  9.093080e-01  6.518606e-02  4.109863e-01
   outer loop
     vertex  2.072228e+00 -1.470686e+01 -2.201235e+01
     vertex  2.076499e+00 -1.658136e+01 -2.172448e+01
     vertex  2.105889e+00 -1.656556e+01 -2.179201e+01
   endloop
 endfacet
 facet normal  8.898717e-01  7.173294e-02  4.505360e-01
   outer loop
     vertex  2.019910e+00 -1.469089e+01 -2.191155e+01
     vertex  2.045078e+00 -1.659703e+01 -2.165777e+01
     vertex  2.072228e+00 -1.470686e+01 -2.201235e+01
   endloop
 endfacet
 facet normal  8.669924e-01  7.812238e-02  4.921596e-01
   outer loop
     vertex  2.019910e+00 -1.469089e+01 -2.191155e+01
     vertex  1.976189e+00 -1.662790e+01 -2.152706e+01
     vertex  2.011638e+00 -1.661255e+01 -2.159195e+01
   endloop
 endfacet
 facet normal  8.820173e-01  7.361240e-02  4.654316e-01
   outer loop
     vertex  2.019910e+00 -1.469089e+01 -2.191155e+01
     vertex  2.011638e+00 -1.661255e+01 -2.159195e+01
     vertex  2.045078e+00 -1.659703e+01 -2.165777e+01
   endloop
 endfacet
 facet normal  8.660254e-01  7.847062e-02  4.938040e-01
   outer loop
     vertex  1.962569e+00 -1.467536e+01 -2.181346e+01
     vertex  1.976189e+00 -1.662790e+01 -2.152706e+01
     vertex  2.019910e+00 -1.469089e+01 -2.191155e+01
   endloop
 endfacet
 facet normal  8.511983e-01  8.197527e-02  5.184028e-01
   outer loop
     vertex  1.962569e+00 -1.467536e+01 -2.181346e+01
     vertex  1.938743e+00 -1.664306e+01 -2.146318e+01
     vertex  1.976189e+00 -1.662790e+01 -2.152706e+01
   endloop
 endfacet
 facet normal  8.400259e-01  8.520983e-02  5.358132e-01
   outer loop
     vertex  1.900349e+00 -1.466029e+01 -2.171831e+01
     vertex  1.938743e+00 -1.664306e+01 -2.146318e+01
     vertex  1.962569e+00 -1.467536e+01 -2.181346e+01
   endloop
 endfacet
 facet normal  8.168846e-01  9.024594e-02  5.696974e-01
   outer loop
     vertex  1.900349e+00 -1.466029e+01 -2.171831e+01
     vertex  1.857912e+00 -1.667277e+01 -2.133866e+01
     vertex  1.899313e+00 -1.665802e+01 -2.140036e+01
   endloop
 endfacet
 facet normal  8.344635e-01  8.619167e-02  5.442809e-01
   outer loop
     vertex  1.900349e+00 -1.466029e+01 -2.171831e+01
     vertex  1.899313e+00 -1.665802e+01 -2.140036e+01
     vertex  1.938743e+00 -1.664306e+01 -2.146318e+01
   endloop
 endfacet
 facet normal  8.119380e-01  9.163477e-02  5.765066e-01
   outer loop
     vertex  1.833405e+00 -1.464572e+01 -2.162634e+01
     vertex  1.857912e+00 -1.667277e+01 -2.133866e+01
     vertex  1.900349e+00 -1.466029e+01 -2.171831e+01
   endloop
 endfacet
 facet normal  7.984869e-01  9.404302e-02  5.946214e-01
   outer loop
     vertex  1.833405e+00 -1.464572e+01 -2.162634e+01
     vertex  1.814555e+00 -1.668728e+01 -2.127814e+01
     vertex  1.857912e+00 -1.667277e+01 -2.133866e+01
   endloop
 endfacet
 facet normal  7.590895e-01  1.017650e-01  6.429829e-01
   outer loop
     vertex  1.761902e+00 -1.463169e+01 -2.153778e+01
     vertex  1.722050e+00 -1.671553e+01 -2.116093e+01
     vertex  1.769259e+00 -1.670154e+01 -2.121887e+01
   endloop
 endfacet
 facet normal  7.791659e-01  9.815428e-02  6.190849e-01
   outer loop
     vertex  1.761902e+00 -1.463169e+01 -2.153778e+01
     vertex  1.769259e+00 -1.670154e+01 -2.121887e+01
     vertex  1.814555e+00 -1.668728e+01 -2.127814e+01
   endloop
 endfacet
 facet normal  7.818315e-01  9.780397e-02  6.157710e-01
   outer loop
     vertex  1.761902e+00 -1.463169e+01 -2.153778e+01
     vertex  1.814555e+00 -1.668728e+01 -2.127814e+01
     vertex  1.833405e+00 -1.464572e+01 -2.162634e+01
   endloop
 endfacet
 facet normal  7.381576e-01  1.054318e-01  6.663388e-01
   outer loop
     vertex  1.686019e+00 -1.461824e+01 -2.145286e+01
     vertex  1.672950e+00 -1.672922e+01 -2.110437e+01
     vertex  1.722050e+00 -1.671553e+01 -2.116093e+01
   endloop
 endfacet
 facet normal  7.497812e-01  1.038426e-01  6.534867e-01
   outer loop
     vertex  1.686019e+00 -1.461824e+01 -2.145286e+01
     vertex  1.722050e+00 -1.671553e+01 -2.116093e+01
     vertex  1.761902e+00 -1.463169e+01 -2.153778e+01
   endloop
 endfacet
 facet normal  6.938436e-01  1.125392e-01  7.112777e-01
   outer loop
     vertex  1.605945e+00 -1.460540e+01 -2.137177e+01
     vertex  1.569181e+00 -1.675565e+01 -2.099569e+01
     vertex  1.621984e+00 -1.674260e+01 -2.104927e+01
   endloop
 endfacet
 facet normal  7.163355e-01  1.093662e-01  6.891317e-01
   outer loop
     vertex  1.605945e+00 -1.460540e+01 -2.137177e+01
     vertex  1.621984e+00 -1.674260e+01 -2.104927e+01
     vertex  1.672950e+00 -1.672922e+01 -2.110437e+01
   endloop
 endfacet
 facet normal  7.158668e-01  1.094117e-01  6.896113e-01
   outer loop
     vertex  1.605945e+00 -1.460540e+01 -2.137177e+01
     vertex  1.672950e+00 -1.672922e+01 -2.110437e+01
     vertex  1.686019e+00 -1.461824e+01 -2.145286e+01
   endloop
 endfacet
 facet normal  6.801727e-01  1.149939e-01  7.239762e-01
   outer loop
     vertex  1.521877e+00 -1.459320e+01 -2.129473e+01
     vertex  1.569181e+00 -1.675565e+01 -2.099569e+01
     vertex  1.605945e+00 -1.460540e+01 -2.137177e+01
   endloop
 endfacet
 facet normal  6.463175e-01  1.194496e-01  7.536614e-01
   outer loop
     vertex  1.521877e+00 -1.459320e+01 -2.129473e+01
     vertex  1.458184e+00 -1.678067e+01 -2.089341e+01
     vertex  1.514569e+00 -1.676834e+01 -2.094372e+01
   endloop
 endfacet
 facet normal  6.704789e-01  1.160026e-01  7.328038e-01
   outer loop
     vertex  1.521877e+00 -1.459320e+01 -2.129473e+01
     vertex  1.514569e+00 -1.676834e+01 -2.094372e+01
     vertex  1.569181e+00 -1.675565e+01 -2.099569e+01
   endloop
 endfacet
 facet normal  6.427876e-01  1.200866e-01  7.565734e-01
   outer loop
     vertex  1.434027e+00 -1.458167e+01 -2.122192e+01
     vertex  1.458184e+00 -1.678067e+01 -2.089341e+01
     vertex  1.521877e+00 -1.459320e+01 -2.129473e+01
   endloop
 endfacet
 facet normal  6.214654e-01  1.224284e-01  7.738166e-01
   outer loop
     vertex  1.434027e+00 -1.458167e+01 -2.122192e+01
     vertex  1.400062e+00 -1.679259e+01 -2.084484e+01
     vertex  1.458184e+00 -1.678067e+01 -2.089341e+01
   endloop
 endfacet
 facet normal  6.038044e-01  1.249945e-01  7.872717e-01
   outer loop
     vertex  1.342610e+00 -1.457083e+01 -2.115353e+01
     vertex  1.400062e+00 -1.679259e+01 -2.084484e+01
     vertex  1.434027e+00 -1.458167e+01 -2.122192e+01
   endloop
 endfacet
 facet normal  5.694224e-01  1.286177e-01  8.119210e-01
   outer loop
     vertex  1.342610e+00 -1.457083e+01 -2.115353e+01
     vertex  1.278773e+00 -1.681518e+01 -2.075322e+01
     vertex  1.340243e+00 -1.680411e+01 -2.079809e+01
   endloop
 endfacet
 facet normal  5.958006e-01  1.256178e-01  7.932476e-01
   outer loop
     vertex  1.342610e+00 -1.457083e+01 -2.115353e+01
     vertex  1.340243e+00 -1.680411e+01 -2.079809e+01
     vertex  1.400062e+00 -1.679259e+01 -2.084484e+01
   endloop
 endfacet
 facet normal  5.633200e-01  1.295230e-01  8.160235e-01
   outer loop
     vertex  1.247856e+00 -1.456073e+01 -2.108972e+01
     vertex  1.278773e+00 -1.681518e+01 -2.075322e+01
     vertex  1.342610e+00 -1.457083e+01 -2.115353e+01
   endloop
 endfacet
 facet normal  5.423749e-01  1.312941e-01  8.298140e-01
   outer loop
     vertex  1.247856e+00 -1.456073e+01 -2.108972e+01
     vertex  1.215700e+00 -1.682580e+01 -2.071032e+01
     vertex  1.278773e+00 -1.681518e+01 -2.075322e+01
   endloop
 endfacet
 facet normal  5.214352e-01  1.337568e-01  8.427422e-01
   outer loop
     vertex  1.150000e+00 -1.455137e+01 -2.103066e+01
     vertex  1.215700e+00 -1.682580e+01 -2.071032e+01
     vertex  1.247856e+00 -1.456073e+01 -2.108972e+01
   endloop
 endfacet
 facet normal  4.861635e-01  1.366945e-01  8.631105e-01
   outer loop
     vertex  1.150000e+00 -1.455137e+01 -2.103066e+01
     vertex  1.084965e+00 -1.684558e+01 -2.063068e+01
     vertex  1.151078e+00 -1.683594e+01 -2.066945e+01
   endloop
 endfacet
 facet normal  5.145845e-01  1.341420e-01  8.468818e-01
   outer loop
     vertex  1.150000e+00 -1.455137e+01 -2.103066e+01
     vertex  1.151078e+00 -1.683594e+01 -2.066945e+01
     vertex  1.215700e+00 -1.682580e+01 -2.071032e+01
   endloop
 endfacet
 facet normal  4.782540e-01  1.376605e-01  8.673654e-01
   outer loop
     vertex  1.049285e+00 -1.454279e+01 -2.097649e+01
     vertex  1.084965e+00 -1.684558e+01 -2.063068e+01
     vertex  1.150000e+00 -1.455137e+01 -2.103066e+01
   endloop
 endfacet
 facet normal  4.571259e-01  1.390011e-01  8.784729e-01
   outer loop
     vertex  1.049285e+00 -1.454279e+01 -2.097649e+01
     vertex  1.017422e+00 -1.685470e+01 -2.059409e+01
     vertex  1.084965e+00 -1.684558e+01 -2.063068e+01
   endloop
 endfacet
 facet normal  4.338837e-01  1.412008e-01  8.898355e-01
   outer loop
     vertex  9.459603e-01 -1.453501e+01 -2.092734e+01
     vertex  1.017422e+00 -1.685470e+01 -2.059409e+01
     vertex  1.049285e+00 -1.454279e+01 -2.097649e+01
   endloop
 endfacet
 facet normal  3.971980e-01  1.435462e-01  9.064371e-01
   outer loop
     vertex  9.459603e-01 -1.453501e+01 -2.092734e+01
     vertex  8.783250e-01 -1.687128e+01 -2.052772e+01
     vertex  9.485179e-01 -1.686327e+01 -2.055975e+01
   endloop
 endfacet
 facet normal  4.274337e-01  1.414443e-01  8.929132e-01
   outer loop
     vertex  9.459603e-01 -1.453501e+01 -2.092734e+01
     vertex  9.485179e-01 -1.686327e+01 -2.055975e+01
     vertex  1.017422e+00 -1.685470e+01 -2.059409e+01
   endloop
 endfacet
 facet normal  3.884348e-01  1.444244e-01  9.100879e-01
   outer loop
     vertex  8.402844e-01 -1.452804e+01 -2.088334e+01
     vertex  8.783250e-01 -1.687128e+01 -2.052772e+01
     vertex  9.459603e-01 -1.453501e+01 -2.092734e+01
   endloop
 endfacet
 facet normal  3.664280e-01  1.454215e-01  9.190120e-01
   outer loop
     vertex  8.402844e-01 -1.452804e+01 -2.088334e+01
     vertex  8.069210e-01 -1.687870e+01 -2.049808e+01
     vertex  8.783250e-01 -1.687128e+01 -2.052772e+01
   endloop
 endfacet
 facet normal  3.420201e-01  1.472546e-01  9.280831e-01
   outer loop
     vertex  7.325193e-01 -1.452190e+01 -2.084460e+01
     vertex  8.069210e-01 -1.687870e+01 -2.049808e+01
     vertex  8.402844e-01 -1.452804e+01 -2.088334e+01
   endloop
 endfacet
 facet normal  3.033503e-01  1.490498e-01  9.411497e-01
   outer loop
     vertex  7.325193e-01 -1.452190e+01 -2.084460e+01
     vertex  6.608165e-01 -1.689174e+01 -2.044618e+01
     vertex  7.343889e-01 -1.688553e+01 -2.047088e+01
   endloop
 endfacet
 facet normal  3.351118e-01  1.474031e-01  9.305764e-01
   outer loop
     vertex  7.325193e-01 -1.452190e+01 -2.084460e+01
     vertex  7.343889e-01 -1.688553e+01 -2.047088e+01
     vertex  8.069210e-01 -1.687870e+01 -2.049808e+01
   endloop
 endfacet
 facet normal  2.947552e-01  1.497497e-01  9.437661e-01
   outer loop
     vertex  6.229331e-01 -1.451662e+01 -2.081122e+01
     vertex  6.608165e-01 -1.689174e+01 -2.044618e+01
     vertex  7.325193e-01 -1.452190e+01 -2.084460e+01
   endloop
 endfacet
 facet normal  2.711646e-01  1.504397e-01  9.507038e-01
   outer loop
     vertex  6.229331e-01 -1.451662e+01 -2.081122e+01
     vertex  5.862956e-01 -1.689731e+01 -2.042404e+01
     vertex  6.608165e-01 -1.689174e+01 -2.044618e+01
   endloop
 endfacet
 facet normal  2.467574e-01  1.518564e-01  9.571052e-01
   outer loop
     vertex  5.117981e-01 -1.451219e+01 -2.078327e+01
     vertex  5.862956e-01 -1.689731e+01 -2.042404e+01
     vertex  6.229331e-01 -1.451662e+01 -2.081122e+01
   endloop
 endfacet
 facet normal  2.056216e-01  1.530980e-01  9.665820e-01
   outer loop
     vertex  5.117981e-01 -1.451219e+01 -2.078327e+01
     vertex  4.348022e-01 -1.690648e+01 -2.038765e+01
     vertex  5.109229e-01 -1.690222e+01 -2.040452e+01
   endloop
 endfacet
 facet normal  2.385602e-01  1.519117e-01  9.591725e-01
   outer loop
     vertex  5.117981e-01 -1.451219e+01 -2.078327e+01
     vertex  5.109229e-01 -1.690222e+01 -2.040452e+01
     vertex  5.862956e-01 -1.689731e+01 -2.042404e+01
   endloop
 endfacet
 facet normal  1.981461e-01  1.535834e-01  9.680652e-01
   outer loop
     vertex  3.993908e-01 -1.450864e+01 -2.076082e+01
     vertex  4.348022e-01 -1.690648e+01 -2.038765e+01
     vertex  5.117981e-01 -1.451219e+01 -2.078327e+01
   endloop
 endfacet
 facet normal  1.723919e-01  1.539590e-01  9.729222e-01
   outer loop
     vertex  3.993908e-01 -1.450864e+01 -2.076082e+01
     vertex  3.580399e-01 -1.691005e+01 -2.037348e+01
     vertex  4.348022e-01 -1.690648e+01 -2.038765e+01
   endloop
 endfacet
 facet normal  1.051814e-01  1.556056e-01  9.822035e-01
   outer loop
     vertex  2.859905e-01 -1.450596e+01 -2.074394e+01
     vertex  2.030298e-01 -1.691513e+01 -2.035338e+01
     vertex  2.807451e-01 -1.691294e+01 -2.036205e+01
   endloop
 endfacet
 facet normal  1.388883e-01  1.548844e-01  9.781211e-01
   outer loop
     vertex  2.859905e-01 -1.450596e+01 -2.074394e+01
     vertex  2.807451e-01 -1.691294e+01 -2.036205e+01
     vertex  3.580399e-01 -1.691005e+01 -2.037348e+01
   endloop
 endfacet
 facet normal  1.490423e-01  1.549565e-01  9.766140e-01
   outer loop
     vertex  2.859905e-01 -1.450596e+01 -2.074394e+01
     vertex  3.580399e-01 -1.691005e+01 -2.037348e+01
     vertex  3.993908e-01 -1.450864e+01 -2.076082e+01
   endloop
 endfacet
 facet normal  7.132670e-02  1.559069e-01  9.851931e-01
   outer loop
     vertex  1.718792e-01 -1.450417e+01 -2.073266e+01
     vertex  1.250086e-01 -1.691662e+01 -2.034750e+01
     vertex  2.030298e-01 -1.691513e+01 -2.035338e+01
   endloop
 endfacet
 facet normal  9.956784e-02  1.558865e-01  9.827439e-01
   outer loop
     vertex  1.718792e-01 -1.450417e+01 -2.073266e+01
     vertex  2.030298e-01 -1.691513e+01 -2.035338e+01
     vertex  2.859905e-01 -1.450596e+01 -2.074394e+01
   endloop
 endfacet
 facet normal  3.330452e-03  1.565159e-01  9.876698e-01
   outer loop
     vertex  5.734059e-02 -1.450328e+01 -2.072702e+01
     vertex -3.148076e-02 -1.691747e+01 -2.034414e+01
     vertex  4.679866e-02 -1.691740e+01 -2.034442e+01
   endloop
 endfacet
 facet normal  3.735610e-02  1.562625e-01  9.870089e-01
   outer loop
     vertex  5.734059e-02 -1.450328e+01 -2.072702e+01
     vertex  4.679866e-02 -1.691740e+01 -2.034442e+01
     vertex  1.250086e-01 -1.691662e+01 -2.034750e+01
   endloop
 endfacet
 facet normal  4.984588e-02  1.565195e-01  9.864163e-01
   outer loop
     vertex  5.734059e-02 -1.450328e+01 -2.072702e+01
     vertex  1.250086e-01 -1.691662e+01 -2.034750e+01
     vertex  1.718792e-01 -1.450417e+01 -2.073266e+01
   endloop
 endfacet
 facet normal -3.070062e-02  1.562416e-01  9.872416e-01
   outer loop
     vertex -5.734059e-02 -1.450328e+01 -2.072702e+01
     vertex -1.097133e-01 -1.691683e+01 -2.034667e+01
     vertex -3.148076e-02 -1.691747e+01 -2.034414e+01
   endloop
 endfacet
 facet normal -0.000000e+00  1.566363e-01  9.876564e-01
   outer loop
     vertex -5.734059e-02 -1.450328e+01 -2.072702e+01
     vertex -3.148076e-02 -1.691747e+01 -2.034414e+01
     vertex  5.734059e-02 -1.450328e+01 -2.072702e+01
   endloop
 endfacet
 facet normal -9.856149e-02  1.558048e-01  9.828583e-01
   outer loop
     vertex -1.718792e-01 -1.450417e+01 -2.073266e+01
     vertex -2.655642e-01 -1.691342e+01 -2.036014e+01
     vertex -1.877803e-01 -1.691548e+01 -2.035201e+01
   endloop
 endfacet
 facet normal -6.468414e-02  1.560195e-01  9.856337e-01
   outer loop
     vertex -1.718792e-01 -1.450417e+01 -2.073266e+01
     vertex -1.877803e-01 -1.691548e+01 -2.035201e+01
     vertex -1.097133e-01 -1.691683e+01 -2.034667e+01
   endloop
 endfacet
 facet normal -4.984588e-02  1.565268e-01  9.864151e-01
   outer loop
     vertex -1.718792e-01 -1.450417e+01 -2.073266e+01
     vertex -1.097133e-01 -1.691683e+01 -2.034667e+01
     vertex -5.734059e-02 -1.450328e+01 -2.072702e+01
   endloop
 endfacet
 facet normal -1.323107e-01  1.549549e-01  9.790214e-01
   outer loop
     vertex -2.859905e-01 -1.450596e+01 -2.074394e+01
     vertex -3.429500e-01 -1.691067e+01 -2.037103e+01
     vertex -2.655642e-01 -1.691342e+01 -2.036014e+01
   endloop
 endfacet
 facet normal -9.956785e-02  1.558277e-01  9.827533e-01
   outer loop
     vertex -2.859905e-01 -1.450596e+01 -2.074394e+01
     vertex -2.655642e-01 -1.691342e+01 -2.036014e+01
     vertex -1.718792e-01 -1.450417e+01 -2.073266e+01
   endloop
 endfacet
 facet normal -1.658522e-01  1.541630e-01  9.740261e-01
   outer loop
     vertex -3.993908e-01 -1.450864e+01 -2.076082e+01
     vertex -4.198251e-01 -1.690723e+01 -2.038467e+01
     vertex -3.429500e-01 -1.691067e+01 -2.037103e+01
   endloop
 endfacet
 facet normal -1.490423e-01  1.549774e-01  9.766107e-01
   outer loop
     vertex -3.993908e-01 -1.450864e+01 -2.076082e+01
     vertex -3.429500e-01 -1.691067e+01 -2.037103e+01
     vertex -2.859905e-01 -1.450596e+01 -2.074394e+01
   endloop
 endfacet
 facet normal -2.321471e-01  1.520728e-01  9.607193e-01
   outer loop
     vertex -5.117981e-01 -1.451219e+01 -2.078327e+01
     vertex -5.716061e-01 -1.689832e+01 -2.042002e+01
     vertex -4.960796e-01 -1.690311e+01 -2.040101e+01
   endloop
 endfacet
 facet normal -1.991270e-01  1.534359e-01  9.678873e-01
   outer loop
     vertex -5.117981e-01 -1.451219e+01 -2.078327e+01
     vertex -4.960796e-01 -1.690311e+01 -2.040101e+01
     vertex -4.198251e-01 -1.690723e+01 -2.038467e+01
   endloop
 endfacet
 facet normal -1.981461e-01  1.535052e-01  9.680776e-01
   outer loop
     vertex -5.117981e-01 -1.451219e+01 -2.078327e+01
     vertex -4.198251e-01 -1.690723e+01 -2.038467e+01
     vertex -3.993908e-01 -1.450864e+01 -2.076082e+01
   endloop
 endfacet
 facet normal -2.648127e-01  1.507345e-01  9.524460e-01
   outer loop
     vertex -6.229331e-01 -1.451662e+01 -2.081122e+01
     vertex -6.463007e-01 -1.689288e+01 -2.044164e+01
     vertex -5.716061e-01 -1.689832e+01 -2.042002e+01
   endloop
 endfacet
 facet normal -2.467574e-01  1.518881e-01  9.571002e-01
   outer loop
     vertex -6.229331e-01 -1.451662e+01 -2.081122e+01
     vertex -5.716061e-01 -1.689832e+01 -2.042002e+01
     vertex -5.117981e-01 -1.451219e+01 -2.078327e+01
   endloop
 endfacet
 facet normal -2.947552e-01  1.496807e-01  9.437770e-01
   outer loop
     vertex -7.325193e-01 -1.452190e+01 -2.084460e+01
     vertex -6.463007e-01 -1.689288e+01 -2.044164e+01
     vertex -6.229331e-01 -1.451662e+01 -2.081122e+01
   endloop
 endfacet
 facet normal -3.289418e-01  1.476537e-01  9.327356e-01
   outer loop
     vertex -7.325193e-01 -1.452190e+01 -2.084460e+01
     vertex -7.928093e-01 -1.688009e+01 -2.049256e+01
     vertex -7.200662e-01 -1.688679e+01 -2.046584e+01
   endloop
 endfacet
 facet normal -2.970651e-01  1.494790e-01  9.430845e-01
   outer loop
     vertex -7.325193e-01 -1.452190e+01 -2.084460e+01
     vertex -7.200662e-01 -1.688679e+01 -2.046584e+01
     vertex -6.463007e-01 -1.689288e+01 -2.044164e+01
   endloop
 endfacet
 facet normal -3.420201e-01  1.472926e-01  9.280771e-01
   outer loop
     vertex -8.402844e-01 -1.452804e+01 -2.088334e+01
     vertex -7.928093e-01 -1.688009e+01 -2.049256e+01
     vertex -7.325193e-01 -1.452190e+01 -2.084460e+01
   endloop
 endfacet
 facet normal -3.603396e-01  1.458060e-01  9.213555e-01
   outer loop
     vertex -8.402844e-01 -1.452804e+01 -2.088334e+01
     vertex -8.644410e-01 -1.687278e+01 -2.052173e+01
     vertex -7.928093e-01 -1.688009e+01 -2.049256e+01
   endloop
 endfacet
 facet normal -3.884348e-01  1.443594e-01  9.100982e-01
   outer loop
     vertex -9.459603e-01 -1.453501e+01 -2.092734e+01
     vertex -8.644410e-01 -1.687278e+01 -2.052173e+01
     vertex -8.402844e-01 -1.452804e+01 -2.088334e+01
   endloop
 endfacet
 facet normal -4.215728e-01  1.417830e-01  8.956416e-01
   outer loop
     vertex -9.459603e-01 -1.453501e+01 -2.092734e+01
     vertex -1.004040e+00 -1.685642e+01 -2.058719e+01
     vertex -9.348776e-01 -1.686488e+01 -2.055330e+01
   endloop
 endfacet
 facet normal -3.911951e-01  1.440659e-01  9.089617e-01
   outer loop
     vertex -9.459603e-01 -1.453501e+01 -2.092734e+01
     vertex -9.348776e-01 -1.686488e+01 -2.055330e+01
     vertex -8.644410e-01 -1.687278e+01 -2.052173e+01
   endloop
 endfacet
 facet normal -4.338837e-01  1.412394e-01  8.898294e-01
   outer loop
     vertex -1.049285e+00 -1.454279e+01 -2.097649e+01
     vertex -1.004040e+00 -1.685642e+01 -2.058719e+01
     vertex -9.459603e-01 -1.453501e+01 -2.092734e+01
   endloop
 endfacet
 facet normal -4.513628e-01  1.394747e-01  8.813730e-01
   outer loop
     vertex -1.049285e+00 -1.454279e+01 -2.097649e+01
     vertex -1.071855e+00 -1.684741e+01 -2.062335e+01
     vertex -1.004040e+00 -1.685642e+01 -2.058719e+01
   endloop
 endfacet
 facet normal -4.782540e-01  1.375933e-01  8.673761e-01
   outer loop
     vertex -1.150000e+00 -1.455137e+01 -2.103066e+01
     vertex -1.071855e+00 -1.684741e+01 -2.062335e+01
     vertex -1.049285e+00 -1.454279e+01 -2.097649e+01
   endloop
 endfacet
 facet normal -5.090895e-01  1.345676e-01  8.501291e-01
   outer loop
     vertex -1.150000e+00 -1.455137e+01 -2.103066e+01
     vertex -1.203173e+00 -1.682783e+01 -2.070216e+01
     vertex -1.138254e+00 -1.683787e+01 -2.066169e+01
   endloop
 endfacet
 facet normal -4.805031e-01  1.373042e-01  8.661780e-01
   outer loop
     vertex -1.150000e+00 -1.455137e+01 -2.103066e+01
     vertex -1.138254e+00 -1.683787e+01 -2.066169e+01
     vertex -1.071855e+00 -1.684741e+01 -2.062335e+01
   endloop
 endfacet
 facet normal -5.214352e-01  1.337892e-01  8.427371e-01
   outer loop
     vertex -1.247856e+00 -1.456073e+01 -2.108972e+01
     vertex -1.203173e+00 -1.682783e+01 -2.070216e+01
     vertex -1.150000e+00 -1.455137e+01 -2.103066e+01
   endloop
 endfacet
 facet normal -5.641421e-01  1.293680e-01  8.154800e-01
   outer loop
     vertex -1.247856e+00 -1.456073e+01 -2.108972e+01
     vertex -1.328341e+00 -1.680631e+01 -2.078916e+01
     vertex -1.266554e+00 -1.681730e+01 -2.074467e+01
   endloop
 endfacet
 facet normal -5.369910e-01  1.318556e-01  8.332195e-01
   outer loop
     vertex -1.247856e+00 -1.456073e+01 -2.108972e+01
     vertex -1.266554e+00 -1.681730e+01 -2.074467e+01
     vertex -1.203173e+00 -1.682783e+01 -2.070216e+01
   endloop
 endfacet
 facet normal -5.633201e-01  1.294137e-01  8.160408e-01
   outer loop
     vertex -1.342610e+00 -1.457083e+01 -2.115353e+01
     vertex -1.328341e+00 -1.680631e+01 -2.078916e+01
     vertex -1.247856e+00 -1.456073e+01 -2.108972e+01
   endloop
 endfacet
 facet normal -5.907114e-01  1.261294e-01  7.969639e-01
   outer loop
     vertex -1.342610e+00 -1.457083e+01 -2.115353e+01
     vertex -1.388486e+00 -1.679488e+01 -2.083555e+01
     vertex -1.328341e+00 -1.680631e+01 -2.078916e+01
   endloop
 endfacet
 facet normal -6.414908e-01  1.201500e-01  7.576632e-01
   outer loop
     vertex -1.434027e+00 -1.458167e+01 -2.122192e+01
     vertex -1.503672e+00 -1.677079e+01 -2.093374e+01
     vertex -1.446944e+00 -1.678303e+01 -2.088376e+01
   endloop
 endfacet
 facet normal -6.164968e-01  1.230779e-01  7.776783e-01
   outer loop
     vertex -1.434027e+00 -1.458167e+01 -2.122192e+01
     vertex -1.446944e+00 -1.678303e+01 -2.088376e+01
     vertex -1.388486e+00 -1.679488e+01 -2.083555e+01
   endloop
 endfacet
 facet normal -6.038044e-01  1.250133e-01  7.872687e-01
   outer loop
     vertex -1.434027e+00 -1.458167e+01 -2.122192e+01
     vertex -1.388486e+00 -1.679488e+01 -2.083555e+01
     vertex -1.342610e+00 -1.457083e+01 -2.115353e+01
   endloop
 endfacet
 facet normal -6.658287e-01  1.165998e-01  7.369373e-01
   outer loop
     vertex -1.521877e+00 -1.459320e+01 -2.129473e+01
     vertex -1.558634e+00 -1.675816e+01 -2.098539e+01
     vertex -1.503672e+00 -1.677079e+01 -2.093374e+01
   endloop
 endfacet
 facet normal -6.427876e-01  1.200486e-01  7.565794e-01
   outer loop
     vertex -1.521877e+00 -1.459320e+01 -2.129473e+01
     vertex -1.503672e+00 -1.677079e+01 -2.093374e+01
     vertex -1.434027e+00 -1.458167e+01 -2.122192e+01
   endloop
 endfacet
 facet normal -7.120145e-01  1.099087e-01  6.935095e-01
   outer loop
     vertex -1.605945e+00 -1.460540e+01 -2.137177e+01
     vertex -1.663122e+00 -1.673186e+01 -2.109347e+01
     vertex -1.611794e+00 -1.674518e+01 -2.103866e+01
   endloop
 endfacet
 facet normal -6.893226e-01  1.132768e-01  7.155437e-01
   outer loop
     vertex -1.605945e+00 -1.460540e+01 -2.137177e+01
     vertex -1.611794e+00 -1.674518e+01 -2.103866e+01
     vertex -1.558634e+00 -1.675816e+01 -2.098539e+01
   endloop
 endfacet
 facet normal -6.801727e-01  1.149914e-01  7.239766e-01
   outer loop
     vertex -1.605945e+00 -1.460540e+01 -2.137177e+01
     vertex -1.558634e+00 -1.675816e+01 -2.098539e+01
     vertex -1.521877e+00 -1.459320e+01 -2.129473e+01
   endloop
 endfacet
 facet normal -7.339701e-01  1.061149e-01  6.708409e-01
   outer loop
     vertex -1.686019e+00 -1.461824e+01 -2.145286e+01
     vertex -1.712589e+00 -1.671823e+01 -2.114975e+01
     vertex -1.663122e+00 -1.673186e+01 -2.109347e+01
   endloop
 endfacet
 facet normal -7.158668e-01  1.095002e-01  6.895973e-01
   outer loop
     vertex -1.686019e+00 -1.461824e+01 -2.145286e+01
     vertex -1.663122e+00 -1.673186e+01 -2.109347e+01
     vertex -1.605945e+00 -1.460540e+01 -2.137177e+01
   endloop
 endfacet
 facet normal -7.753199e-01  9.877994e-02  6.237962e-01
   outer loop
     vertex -1.761902e+00 -1.463169e+01 -2.153778e+01
     vertex -1.805842e+00 -1.669009e+01 -2.126644e+01
     vertex -1.760170e+00 -1.670430e+01 -2.120743e+01
   endloop
 endfacet
 facet normal -7.550373e-01  1.025920e-01  6.476061e-01
   outer loop
     vertex -1.761902e+00 -1.463169e+01 -2.153778e+01
     vertex -1.760170e+00 -1.670430e+01 -2.120743e+01
     vertex -1.712589e+00 -1.671823e+01 -2.114975e+01
   endloop
 endfacet
 facet normal -7.497812e-01  1.038108e-01  6.534918e-01
   outer loop
     vertex -1.761902e+00 -1.463169e+01 -2.153778e+01
     vertex -1.712589e+00 -1.671823e+01 -2.114975e+01
     vertex -1.686019e+00 -1.461824e+01 -2.145286e+01
   endloop
 endfacet
 facet normal -7.947810e-01  9.481268e-02  5.994444e-01
   outer loop
     vertex -1.833405e+00 -1.464572e+01 -2.162634e+01
     vertex -1.849584e+00 -1.667563e+01 -2.132673e+01
     vertex -1.805842e+00 -1.669009e+01 -2.126644e+01
   endloop
 endfacet
 facet normal -7.818314e-01  9.785989e-02  6.157622e-01
   outer loop
     vertex -1.833405e+00 -1.464572e+01 -2.162634e+01
     vertex -1.805842e+00 -1.669009e+01 -2.126644e+01
     vertex -1.761902e+00 -1.463169e+01 -2.153778e+01
   endloop
 endfacet
 facet normal -8.311147e-01  8.689953e-02  5.492694e-01
   outer loop
     vertex -1.900349e+00 -1.466029e+01 -2.171831e+01
     vertex -1.931204e+00 -1.664600e+01 -2.145084e+01
     vertex -1.891377e+00 -1.666092e+01 -2.138821e+01
   endloop
 endfacet
 facet normal -8.133224e-01  9.116318e-02  5.746269e-01
   outer loop
     vertex -1.900349e+00 -1.466029e+01 -2.171831e+01
     vertex -1.891377e+00 -1.666092e+01 -2.138821e+01
     vertex -1.849584e+00 -1.667563e+01 -2.132673e+01
   endloop
 endfacet
 facet normal -8.119380e-01  9.156542e-02  5.765176e-01
   outer loop
     vertex -1.900349e+00 -1.466029e+01 -2.171831e+01
     vertex -1.849584e+00 -1.667563e+01 -2.132673e+01
     vertex -1.833405e+00 -1.464572e+01 -2.162634e+01
   endloop
 endfacet
 facet normal -8.639851e-01  7.888061e-02  4.973003e-01
   outer loop
     vertex -1.962569e+00 -1.467536e+01 -2.181346e+01
     vertex -2.004900e+00 -1.661555e+01 -2.157925e+01
     vertex -1.969050e+00 -1.663087e+01 -2.151454e+01
   endloop
 endfacet
 facet normal -8.479983e-01  8.283044e-02  5.234864e-01
   outer loop
     vertex -1.962569e+00 -1.467536e+01 -2.181346e+01
     vertex -1.969050e+00 -1.663087e+01 -2.151454e+01
     vertex -1.931204e+00 -1.664600e+01 -2.145084e+01
   endloop
 endfacet
 facet normal -8.400259e-01  8.522516e-02  5.358108e-01
   outer loop
     vertex -1.962569e+00 -1.467536e+01 -2.181346e+01
     vertex -1.931204e+00 -1.664600e+01 -2.145084e+01
     vertex -1.900349e+00 -1.466029e+01 -2.171831e+01
   endloop
 endfacet
 facet normal -8.791810e-01  7.440195e-02  4.706432e-01
   outer loop
     vertex -2.019910e+00 -1.469089e+01 -2.191155e+01
     vertex -2.038741e+00 -1.660006e+01 -2.164492e+01
     vertex -2.004900e+00 -1.661555e+01 -2.157925e+01
   endloop
 endfacet
 facet normal -8.660254e-01  7.850247e-02  4.937990e-01
   outer loop
     vertex -2.019910e+00 -1.469089e+01 -2.191155e+01
     vertex -2.004900e+00 -1.661555e+01 -2.157925e+01
     vertex -1.962569e+00 -1.467536e+01 -2.181346e+01
   endloop
 endfacet
 facet normal -9.068325e-01  6.590681e-02  4.163066e-01
   outer loop
     vertex -2.072228e+00 -1.470686e+01 -2.201235e+01
     vertex -2.100353e+00 -1.656863e+01 -2.177887e+01
     vertex -2.070562e+00 -1.658441e+01 -2.171148e+01
   endloop
 endfacet
 facet normal -8.934275e-01  7.030387e-02  4.436718e-01
   outer loop
     vertex -2.072228e+00 -1.470686e+01 -2.201235e+01
     vertex -2.070562e+00 -1.658441e+01 -2.171148e+01
     vertex -2.038741e+00 -1.660006e+01 -2.164492e+01
   endloop
 endfacet
 facet normal -8.898718e-01  7.169995e-02  4.505412e-01
   outer loop
     vertex -2.072228e+00 -1.470686e+01 -2.201235e+01
     vertex -2.038741e+00 -1.660006e+01 -2.164492e+01
     vertex -2.019910e+00 -1.469089e+01 -2.191155e+01
   endloop
 endfacet
 facet normal -9.309254e-01  5.737542e-02  3.606744e-01
   outer loop
     vertex -2.119395e+00 -1.472321e+01 -2.211559e+01
     vertex -2.153808e+00 -1.653671e+01 -2.191592e+01
     vertex -2.128105e+00 -1.655272e+01 -2.184704e+01
   endloop
 endfacet
 facet normal -9.193568e-01  6.141973e-02  3.886010e-01
   outer loop
     vertex -2.119395e+00 -1.472321e+01 -2.211559e+01
     vertex -2.128105e+00 -1.655272e+01 -2.184704e+01
     vertex -2.100353e+00 -1.656863e+01 -2.177887e+01
   endloop
 endfacet
 facet normal -9.115058e-01  6.470564e-02  4.061655e-01
   outer loop
     vertex -2.119395e+00 -1.472321e+01 -2.211559e+01
     vertex -2.100353e+00 -1.656863e+01 -2.177887e+01
     vertex -2.072228e+00 -1.470686e+01 -2.201235e+01
   endloop
 endfacet
 facet normal -9.308737e-01  5.738889e-02  3.608055e-01
   outer loop
     vertex -2.161293e+00 -1.473991e+01 -2.222103e+01
     vertex -2.153808e+00 -1.653671e+01 -2.191592e+01
     vertex -2.119395e+00 -1.472321e+01 -2.211559e+01
   endloop
 endfacet
 facet normal -9.417046e-01  5.250650e-02  3.323185e-01
   outer loop
     vertex -2.161293e+00 -1.473991e+01 -2.222103e+01
     vertex -2.177454e+00 -1.652060e+01 -2.198548e+01
     vertex -2.153808e+00 -1.653671e+01 -2.191592e+01
   endloop
 endfacet
 facet normal -9.479273e-01  5.020650e-02  3.145047e-01
   outer loop
     vertex -2.197817e+00 -1.475692e+01 -2.232840e+01
     vertex -2.177454e+00 -1.652060e+01 -2.198548e+01
     vertex -2.161293e+00 -1.473991e+01 -2.222103e+01
   endloop
 endfacet
 facet normal -9.604510e-01  4.359632e-02  2.750149e-01
   outer loop
     vertex -2.197817e+00 -1.475692e+01 -2.232840e+01
     vertex -2.218545e+00 -1.648816e+01 -2.212635e+01
     vertex -2.199035e+00 -1.650441e+01 -2.205564e+01
   endloop
 endfacet
 facet normal -9.515253e-01  4.808143e-02  3.037890e-01
   outer loop
     vertex -2.197817e+00 -1.475692e+01 -2.232840e+01
     vertex -2.199035e+00 -1.650441e+01 -2.205564e+01
     vertex -2.177454e+00 -1.652060e+01 -2.198548e+01
   endloop
 endfacet
 facet normal -9.626242e-01  4.273912e-02  2.674473e-01
   outer loop
     vertex -2.228878e+00 -1.477419e+01 -2.243744e+01
     vertex -2.218545e+00 -1.648816e+01 -2.212635e+01
     vertex -2.197817e+00 -1.475692e+01 -2.232840e+01
   endloop
 endfacet
 facet normal -9.685012e-01  3.880493e-02  2.459667e-01
   outer loop
     vertex -2.228878e+00 -1.477419e+01 -2.243744e+01
     vertex -2.235977e+00 -1.647185e+01 -2.219756e+01
     vertex -2.218545e+00 -1.648816e+01 -2.212635e+01
   endloop
 endfacet
 facet normal -9.749279e-01  3.512481e-02  2.197315e-01
   outer loop
     vertex -2.254397e+00 -1.479168e+01 -2.254787e+01
     vertex -2.235977e+00 -1.647185e+01 -2.219756e+01
     vertex -2.228878e+00 -1.477419e+01 -2.243744e+01
   endloop
 endfacet
 facet normal -9.818401e-01  2.957079e-02  1.873913e-01
   outer loop
     vertex -2.254397e+00 -1.479168e+01 -2.254787e+01
     vertex -2.264582e+00 -1.643914e+01 -2.234126e+01
     vertex -2.251325e+00 -1.645551e+01 -2.226922e+01
   endloop
 endfacet
 facet normal -9.755987e-01  3.451288e-02  2.168317e-01
   outer loop
     vertex -2.254397e+00 -1.479168e+01 -2.254787e+01
     vertex -2.251325e+00 -1.645551e+01 -2.226922e+01
     vertex -2.235977e+00 -1.647185e+01 -2.219756e+01
   endloop
 endfacet
 facet normal -9.848077e-01  2.758907e-02  1.714430e-01
   outer loop
     vertex -2.274311e+00 -1.480934e+01 -2.265942e+01
     vertex -2.264582e+00 -1.643914e+01 -2.234126e+01
     vertex -2.254397e+00 -1.479168e+01 -2.254787e+01
   endloop
 endfacet
 facet normal -9.915325e-01  2.041621e-02  1.282439e-01
   outer loop
     vertex -2.274311e+00 -1.480934e+01 -2.265942e+01
     vertex -2.284805e+00 -1.640637e+01 -2.248631e+01
     vertex -2.275744e+00 -1.642275e+01 -2.241364e+01
   endloop
 endfacet
 facet normal -9.871460e-01  2.492466e-02  1.578658e-01
   outer loop
     vertex -2.274311e+00 -1.480934e+01 -2.265942e+01
     vertex -2.275744e+00 -1.642275e+01 -2.241364e+01
     vertex -2.264582e+00 -1.643914e+01 -2.234126e+01
   endloop
 endfacet
 facet normal -9.950267e-01  1.541791e-02  9.840860e-02
   outer loop
     vertex -2.288571e+00 -1.482714e+01 -2.277181e+01
     vertex -2.291761e+00 -1.639000e+01 -2.255920e+01
     vertex -2.284805e+00 -1.640637e+01 -2.248631e+01
   endloop
 endfacet
 facet normal -9.922391e-01  1.982573e-02  1.227536e-01
   outer loop
     vertex -2.288571e+00 -1.482714e+01 -2.277181e+01
     vertex -2.284805e+00 -1.640637e+01 -2.248631e+01
     vertex -2.274311e+00 -1.480934e+01 -2.265942e+01
   endloop
 endfacet
 facet normal -9.992350e-01  6.032921e-03  3.863943e-02
   outer loop
     vertex -2.297141e+00 -1.484503e+01 -2.288476e+01
     vertex -2.299339e+00 -1.635735e+01 -2.270548e+01
     vertex -2.296607e+00 -1.637366e+01 -2.263228e+01
   endloop
 endfacet
 facet normal -9.975829e-01  1.098421e-02  6.861329e-02
   outer loop
     vertex -2.297141e+00 -1.484503e+01 -2.288476e+01
     vertex -2.296607e+00 -1.637366e+01 -2.263228e+01
     vertex -2.291761e+00 -1.639000e+01 -2.255920e+01
   endloop
 endfacet
 facet normal -9.972037e-01  1.206798e-02  7.375023e-02
   outer loop
     vertex -2.297141e+00 -1.484503e+01 -2.288476e+01
     vertex -2.291761e+00 -1.639000e+01 -2.255920e+01
     vertex -2.288571e+00 -1.482714e+01 -2.277181e+01
   endloop
 endfacet
 facet normal -9.997688e-01 -3.185606e-03 -2.126327e-02
   outer loop
     vertex -2.300000e+00 -1.486297e+01 -2.299799e+01
     vertex -2.298446e+00 -1.632489e+01 -2.285203e+01
     vertex -2.299953e+00 -1.634109e+01 -2.277875e+01
   endloop
 endfacet
 facet normal -9.999617e-01  1.252991e-03  8.660955e-03
   outer loop
     vertex -2.300000e+00 -1.486297e+01 -2.299799e+01
     vertex -2.299953e+00 -1.634109e+01 -2.277875e+01
     vertex -2.299339e+00 -1.635735e+01 -2.270548e+01
   endloop
 endfacet
 facet normal -9.996891e-01  4.363359e-03  2.455036e-02
   outer loop
     vertex -2.300000e+00 -1.486297e+01 -2.299799e+01
     vertex -2.299339e+00 -1.635735e+01 -2.270548e+01
     vertex -2.297141e+00 -1.484503e+01 -2.288476e+01
   endloop
 endfacet
 facet normal -9.986467e-01 -8.312704e-03 -5.133919e-02
   outer loop
     vertex -2.297141e+00 -1.488090e+01 -2.311123e+01
     vertex -2.294815e+00 -1.630876e+01 -2.292528e+01
     vertex -2.298446e+00 -1.632489e+01 -2.285203e+01
   endloop
 endfacet
 facet normal -9.996891e-01 -3.526940e-03 -2.468284e-02
   outer loop
     vertex -2.297141e+00 -1.488090e+01 -2.311123e+01
     vertex -2.298446e+00 -1.632489e+01 -2.285203e+01
     vertex -2.300000e+00 -1.486297e+01 -2.299799e+01
   endloop
 endfacet
 facet normal -9.936405e-01 -1.766335e-02 -1.112052e-01
   outer loop
     vertex -2.288571e+00 -1.489879e+01 -2.322418e+01
     vertex -2.281169e+00 -1.627678e+01 -2.307144e+01
     vertex -2.289057e+00 -1.629272e+01 -2.299843e+01
   endloop
 endfacet
 facet normal -9.966109e-01 -1.281197e-02 -8.125560e-02
   outer loop
     vertex -2.288571e+00 -1.489879e+01 -2.322418e+01
     vertex -2.289057e+00 -1.629272e+01 -2.299843e+01
     vertex -2.294815e+00 -1.630876e+01 -2.292528e+01
   endloop
 endfacet
 facet normal -9.972037e-01 -1.124588e-02 -7.388043e-02
   outer loop
     vertex -2.288571e+00 -1.489879e+01 -2.322418e+01
     vertex -2.294815e+00 -1.630876e+01 -2.292528e+01
     vertex -2.297141e+00 -1.488090e+01 -2.311123e+01
   endloop
 endfacet
 facet normal -9.849504e-01 -2.674363e-02 -1.707554e-01
   outer loop
     vertex -2.274311e+00 -1.491659e+01 -2.333657e+01
     vertex -2.259002e+00 -1.624522e+01 -2.321679e+01
     vertex -2.271151e+00 -1.626094e+01 -2.314424e+01
   endloop
 endfacet
 facet normal -9.897411e-01 -2.251058e-02 -1.410879e-01
   outer loop
     vertex -2.274311e+00 -1.491659e+01 -2.333657e+01
     vertex -2.271151e+00 -1.626094e+01 -2.314424e+01
     vertex -2.281169e+00 -1.627678e+01 -2.307144e+01
   endloop
 endfacet
 facet normal -9.922391e-01 -1.895122e-02 -1.228921e-01
   outer loop
     vertex -2.274311e+00 -1.491659e+01 -2.333657e+01
     vertex -2.281169e+00 -1.627678e+01 -2.307144e+01
     vertex -2.288571e+00 -1.489879e+01 -2.322418e+01
   endloop
 endfacet
 facet normal -9.791704e-01 -3.194263e-02 -2.005116e-01
   outer loop
     vertex -2.254397e+00 -1.493426e+01 -2.344812e+01
     vertex -2.244720e+00 -1.622963e+01 -2.328901e+01
     vertex -2.259002e+00 -1.624522e+01 -2.321679e+01
   endloop
 endfacet
 facet normal -9.848077e-01 -2.681504e-02 -1.715656e-01
   outer loop
     vertex -2.254397e+00 -1.493426e+01 -2.344812e+01
     vertex -2.259002e+00 -1.624522e+01 -2.321679e+01
     vertex -2.274311e+00 -1.491659e+01 -2.333657e+01
   endloop
 endfacet
 facet normal -9.649138e-01 -4.104617e-02 -2.593388e-01
   outer loop
     vertex -2.228878e+00 -1.495175e+01 -2.355855e+01
     vertex -2.209762e+00 -1.619889e+01 -2.343228e+01
     vertex -2.228306e+00 -1.621418e+01 -2.336087e+01
   endloop
 endfacet
 facet normal -9.725088e-01 -3.645474e-02 -2.299950e-01
   outer loop
     vertex -2.228878e+00 -1.495175e+01 -2.355855e+01
     vertex -2.228306e+00 -1.621418e+01 -2.336087e+01
     vertex -2.244720e+00 -1.622963e+01 -2.328901e+01
   endloop
 endfacet
 facet normal -9.749278e-01 -3.428788e-02 -2.198640e-01
   outer loop
     vertex -2.228878e+00 -1.495175e+01 -2.355855e+01
     vertex -2.244720e+00 -1.622963e+01 -2.328901e+01
     vertex -2.254397e+00 -1.493426e+01 -2.344812e+01
   endloop
 endfacet
 facet normal -9.563618e-01 -4.591828e-02 -2.885544e-01
   outer loop
     vertex -2.197817e+00 -1.496902e+01 -2.366758e+01
     vertex -2.189088e+00 -1.618376e+01 -2.350321e+01
     vertex -2.209762e+00 -1.619889e+01 -2.343228e+01
   endloop
 endfacet
 facet normal -9.626241e-01 -4.184631e-02 -2.675887e-01
   outer loop
     vertex -2.197817e+00 -1.496902e+01 -2.366758e+01
     vertex -2.209762e+00 -1.619889e+01 -2.343228e+01
     vertex -2.228878e+00 -1.495175e+01 -2.355855e+01
   endloop
 endfacet
 facet normal -9.365395e-01 -5.498926e-02 -3.462225e-01
   outer loop
     vertex -2.161293e+00 -1.498603e+01 -2.377495e+01
     vertex -2.141366e+00 -1.615404e+01 -2.364335e+01
     vertex -2.166288e+00 -1.616881e+01 -2.357359e+01
   endloop
 endfacet
 facet normal -9.469604e-01 -5.004333e-02 -3.174299e-01
   outer loop
     vertex -2.161293e+00 -1.498603e+01 -2.377495e+01
     vertex -2.166288e+00 -1.616881e+01 -2.357359e+01
     vertex -2.189088e+00 -1.618376e+01 -2.350321e+01
   endloop
 endfacet
 facet normal -9.479273e-01 -4.938667e-02 -3.146345e-01
   outer loop
     vertex -2.161293e+00 -1.498603e+01 -2.377495e+01
     vertex -2.189088e+00 -1.618376e+01 -2.350321e+01
     vertex -2.197817e+00 -1.496902e+01 -2.366758e+01
   endloop
 endfacet
 facet normal -9.252424e-01 -5.948822e-02 -3.746834e-01
   outer loop
     vertex -2.119395e+00 -1.500273e+01 -2.388039e+01
     vertex -2.114327e+00 -1.613948e+01 -2.371243e+01
     vertex -2.141366e+00 -1.615404e+01 -2.364335e+01
   endloop
 endfacet
 facet normal -9.308736e-01 -5.655072e-02 -3.609382e-01
   outer loop
     vertex -2.119395e+00 -1.500273e+01 -2.388039e+01
     vertex -2.141366e+00 -1.615404e+01 -2.364335e+01
     vertex -2.161293e+00 -1.498603e+01 -2.377495e+01
   endloop
 endfacet
 facet normal -9.130751e-01 -6.358892e-02 -4.028030e-01
   outer loop
     vertex -2.119395e+00 -1.500273e+01 -2.388039e+01
     vertex -2.085178e+00 -1.612512e+01 -2.378077e+01
     vertex -2.114327e+00 -1.613948e+01 -2.371243e+01
   endloop
 endfacet
 facet normal -9.115057e-01 -6.385154e-02 -4.063007e-01
   outer loop
     vertex -2.072228e+00 -1.501908e+01 -2.398364e+01
     vertex -2.085178e+00 -1.612512e+01 -2.378077e+01
     vertex -2.119395e+00 -1.500273e+01 -2.388039e+01
   endloop
 endfacet
 facet normal -8.998784e-01 -6.846904e-02 -4.307329e-01
   outer loop
     vertex -2.072228e+00 -1.501908e+01 -2.398364e+01
     vertex -2.053928e+00 -1.611099e+01 -2.384830e+01
     vertex -2.085178e+00 -1.612512e+01 -2.378077e+01
   endloop
 endfacet
 facet normal -8.898716e-01 -7.077461e-02 -4.506877e-01
   outer loop
     vertex -2.019910e+00 -1.503504e+01 -2.408443e+01
     vertex -2.053928e+00 -1.611099e+01 -2.384830e+01
     vertex -2.072228e+00 -1.501908e+01 -2.398364e+01
   endloop
 endfacet
 facet normal -8.709177e-01 -7.689634e-02 -4.853754e-01
   outer loop
     vertex -2.019910e+00 -1.503504e+01 -2.408443e+01
     vertex -1.985160e+00 -1.608344e+01 -2.398069e+01
     vertex -2.020585e+00 -1.609709e+01 -2.391497e+01
   endloop
 endfacet
 facet normal -8.858753e-01 -7.255296e-02 -4.582151e-01
   outer loop
     vertex -2.019910e+00 -1.503504e+01 -2.408443e+01
     vertex -2.020585e+00 -1.609709e+01 -2.391497e+01
     vertex -2.053928e+00 -1.611099e+01 -2.384830e+01
   endloop
 endfacet
 facet normal -8.660252e-01 -7.758213e-02 -4.939447e-01
   outer loop
     vertex -1.962569e+00 -1.505058e+01 -2.418253e+01
     vertex -1.985160e+00 -1.608344e+01 -2.398069e+01
     vertex -2.019910e+00 -1.503504e+01 -2.408443e+01
   endloop
 endfacet
 facet normal -8.550246e-01 -8.138268e-02 -5.121620e-01
   outer loop
     vertex -1.962569e+00 -1.505058e+01 -2.418253e+01
     vertex -1.947668e+00 -1.607004e+01 -2.404541e+01
     vertex -1.985160e+00 -1.608344e+01 -2.398069e+01
   endloop
 endfacet
 facet normal -8.206513e-01 -8.956637e-02 -5.643663e-01
   outer loop
     vertex -1.900349e+00 -1.506565e+01 -2.427768e+01
     vertex -1.866544e+00 -1.604407e+01 -2.417156e+01
     vertex -1.908123e+00 -1.605691e+01 -2.410906e+01
   endloop
 endfacet
 facet normal -8.383646e-01 -8.501710e-02 -5.384393e-01
   outer loop
     vertex -1.900349e+00 -1.506565e+01 -2.427768e+01
     vertex -1.908123e+00 -1.605691e+01 -2.410906e+01
     vertex -1.947668e+00 -1.607004e+01 -2.404541e+01
   endloop
 endfacet
 facet normal -8.400258e-01 -8.436257e-02 -5.359474e-01
   outer loop
     vertex -1.900349e+00 -1.506565e+01 -2.427768e+01
     vertex -1.947668e+00 -1.607004e+01 -2.404541e+01
     vertex -1.962569e+00 -1.505058e+01 -2.418253e+01
   endloop
 endfacet
 facet normal -8.021258e-01 -9.362923e-02 -5.897693e-01
   outer loop
     vertex -1.833405e+00 -1.508022e+01 -2.436965e+01
     vertex -1.822949e+00 -1.603151e+01 -2.423284e+01
     vertex -1.866544e+00 -1.604407e+01 -2.417156e+01
   endloop
 endfacet
 facet normal -8.119378e-01 -9.059982e-02 -5.766704e-01
   outer loop
     vertex -1.833405e+00 -1.508022e+01 -2.436965e+01
     vertex -1.866544e+00 -1.604407e+01 -2.417156e+01
     vertex -1.900349e+00 -1.506565e+01 -2.427768e+01
   endloop
 endfacet
 facet normal -7.828394e-01 -9.699068e-02 -6.146180e-01
   outer loop
     vertex -1.777362e+00 -1.601927e+01 -2.429284e+01
     vertex -1.822949e+00 -1.603151e+01 -2.423284e+01
     vertex -1.833405e+00 -1.508022e+01 -2.436965e+01
   endloop
 endfacet
 facet normal -7.818314e-01 -9.703479e-02 -6.158928e-01
   outer loop
     vertex -1.761902e+00 -1.509424e+01 -2.445820e+01
     vertex -1.777362e+00 -1.601927e+01 -2.429284e+01
     vertex -1.833405e+00 -1.508022e+01 -2.436965e+01
   endloop
 endfacet
 facet normal -7.624738e-01 -1.014908e-01 -6.390096e-01
   outer loop
     vertex -1.761902e+00 -1.509424e+01 -2.445820e+01
     vertex -1.729807e+00 -1.600733e+01 -2.435148e+01
     vertex -1.777362e+00 -1.601927e+01 -2.429284e+01
   endloop
 endfacet
 facet normal -7.497810e-01 -1.027569e-01 -6.536586e-01
   outer loop
     vertex -1.686019e+00 -1.510769e+01 -2.454313e+01
     vertex -1.729807e+00 -1.600733e+01 -2.435148e+01
     vertex -1.761902e+00 -1.509424e+01 -2.445820e+01
   endloop
 endfacet
 facet normal -7.195200e-01 -1.084748e-01 -6.859476e-01
   outer loop
     vertex -1.686019e+00 -1.510769e+01 -2.454313e+01
     vertex -1.628909e+00 -1.598447e+01 -2.446438e+01
     vertex -1.680312e+00 -1.599573e+01 -2.440868e+01
   endloop
 endfacet
 facet normal -7.414009e-01 -1.051079e-01 -6.627798e-01
   outer loop
     vertex -1.686019e+00 -1.510769e+01 -2.454313e+01
     vertex -1.680312e+00 -1.599573e+01 -2.440868e+01
     vertex -1.729807e+00 -1.600733e+01 -2.435148e+01
   endloop
 endfacet
 facet normal -7.158667e-01 -1.085777e-01 -6.897433e-01
   outer loop
     vertex -1.605945e+00 -1.512054e+01 -2.462422e+01
     vertex -1.628909e+00 -1.598447e+01 -2.446438e+01
     vertex -1.686019e+00 -1.510769e+01 -2.454313e+01
   endloop
 endfacet
 facet normal -6.966667e-01 -1.125599e-01 -7.085095e-01
   outer loop
     vertex -1.605945e+00 -1.512054e+01 -2.462422e+01
     vertex -1.575631e+00 -1.597356e+01 -2.451850e+01
     vertex -1.628909e+00 -1.598447e+01 -2.446438e+01
   endloop
 endfacet
 facet normal -6.801725e-01 -1.139117e-01 -7.241474e-01
   outer loop
     vertex -1.521877e+00 -1.513274e+01 -2.470126e+01
     vertex -1.575631e+00 -1.597356e+01 -2.451850e+01
     vertex -1.605945e+00 -1.512054e+01 -2.462422e+01
   endloop
 endfacet
 facet normal -6.488144e-01 -1.190028e-01 -7.515838e-01
   outer loop
     vertex -1.521877e+00 -1.513274e+01 -2.470126e+01
     vertex -1.463605e+00 -1.595285e+01 -2.462171e+01
     vertex -1.520516e+00 -1.596302e+01 -2.457097e+01
   endloop
 endfacet
 facet normal -6.731573e-01 -1.157169e-01 -7.303895e-01
   outer loop
     vertex -1.521877e+00 -1.513274e+01 -2.470126e+01
     vertex -1.520516e+00 -1.596302e+01 -2.457097e+01
     vertex -1.575631e+00 -1.597356e+01 -2.451850e+01
   endloop
 endfacet
 facet normal -6.427874e-01 -1.190741e-01 -7.567336e-01
   outer loop
     vertex -1.434027e+00 -1.514427e+01 -2.477407e+01
     vertex -1.463605e+00 -1.595285e+01 -2.462171e+01
     vertex -1.521877e+00 -1.513274e+01 -2.470126e+01
   endloop
 endfacet
 facet normal -6.236129e-01 -1.226615e-01 -7.720499e-01
   outer loop
     vertex -1.434027e+00 -1.514427e+01 -2.477407e+01
     vertex -1.404944e+00 -1.594307e+01 -2.467065e+01
     vertex -1.463605e+00 -1.595285e+01 -2.462171e+01
   endloop
 endfacet
 facet normal -6.038042e-01 -1.239328e-01 -7.874396e-01
   outer loop
     vertex -1.342610e+00 -1.515510e+01 -2.484246e+01
     vertex -1.404944e+00 -1.594307e+01 -2.467065e+01
     vertex -1.434027e+00 -1.514427e+01 -2.477407e+01
   endloop
 endfacet
 facet normal -5.978121e-01 -1.253521e-01 -7.917749e-01
   outer loop
     vertex -1.342610e+00 -1.515510e+01 -2.484246e+01
     vertex -1.344581e+00 -1.593369e+01 -2.471771e+01
     vertex -1.404944e+00 -1.594307e+01 -2.467065e+01
   endloop
 endfacet
 facet normal -5.711879e-01 -1.284528e-01 -8.107061e-01
   outer loop
     vertex -1.282568e+00 -1.592472e+01 -2.476282e+01
     vertex -1.344581e+00 -1.593369e+01 -2.471771e+01
     vertex -1.342610e+00 -1.515510e+01 -2.484246e+01
   endloop
 endfacet
 facet normal -5.633199e-01 -1.284075e-01 -8.161999e-01
   outer loop
     vertex -1.247856e+00 -1.516521e+01 -2.490627e+01
     vertex -1.282568e+00 -1.592472e+01 -2.476282e+01
     vertex -1.342610e+00 -1.515510e+01 -2.484246e+01
   endloop
 endfacet
 facet normal -5.438169e-01 -1.316802e-01 -8.288085e-01
   outer loop
     vertex -1.247856e+00 -1.516521e+01 -2.490627e+01
     vertex -1.218963e+00 -1.591617e+01 -2.480591e+01
     vertex -1.282568e+00 -1.592472e+01 -2.476282e+01
   endloop
 endfacet
 facet normal -5.214350e-01 -1.327033e-01 -8.429088e-01
   outer loop
     vertex -1.150000e+00 -1.517456e+01 -2.496533e+01
     vertex -1.218963e+00 -1.591617e+01 -2.480591e+01
     vertex -1.247856e+00 -1.516521e+01 -2.490627e+01
   endloop
 endfacet
 facet normal -5.159112e-01 -1.339055e-01 -8.461117e-01
   outer loop
     vertex -1.150000e+00 -1.517456e+01 -2.496533e+01
     vertex -1.153826e+00 -1.590806e+01 -2.484691e+01
     vertex -1.218963e+00 -1.591617e+01 -2.480591e+01
   endloop
 endfacet
 facet normal -4.872368e-01 -1.367014e-01 -8.625039e-01
   outer loop
     vertex -1.087221e+00 -1.590039e+01 -2.488575e+01
     vertex -1.153826e+00 -1.590806e+01 -2.484691e+01
     vertex -1.150000e+00 -1.517456e+01 -2.496533e+01
   endloop
 endfacet
 facet normal -4.782538e-01 -1.364779e-01 -8.675524e-01
   outer loop
     vertex -1.049285e+00 -1.518314e+01 -2.501950e+01
     vertex -1.087221e+00 -1.590039e+01 -2.488575e+01
     vertex -1.150000e+00 -1.517456e+01 -2.496533e+01
   endloop
 endfacet
 facet normal -4.579203e-01 -1.394979e-01 -8.779803e-01
   outer loop
     vertex -1.049285e+00 -1.518314e+01 -2.501950e+01
     vertex -1.019218e+00 -1.589318e+01 -2.492237e+01
     vertex -1.087221e+00 -1.590039e+01 -2.488575e+01
   endloop
 endfacet
 facet normal -4.338836e-01 -1.401251e-01 -8.900056e-01
   outer loop
     vertex -9.459603e-01 -1.519093e+01 -2.506865e+01
     vertex -1.019218e+00 -1.589318e+01 -2.492237e+01
     vertex -1.049285e+00 -1.518314e+01 -2.501950e+01
   endloop
 endfacet
 facet normal -4.281412e-01 -1.412651e-01 -8.926026e-01
   outer loop
     vertex -9.459603e-01 -1.519093e+01 -2.506865e+01
     vertex -9.498902e-01 -1.588643e+01 -2.495669e+01
     vertex -1.019218e+00 -1.589318e+01 -2.492237e+01
   endloop
 endfacet
 facet normal -3.976955e-01 -1.436269e-01 -9.062062e-01
   outer loop
     vertex -8.793149e-01 -1.588016e+01 -2.498866e+01
     vertex -9.498902e-01 -1.588643e+01 -2.495669e+01
     vertex -9.459603e-01 -1.519093e+01 -2.506865e+01
   endloop
 endfacet
 facet normal -3.884346e-01 -1.432043e-01 -9.102808e-01
   outer loop
     vertex -8.402844e-01 -1.519790e+01 -2.511264e+01
     vertex -8.793149e-01 -1.588016e+01 -2.498866e+01
     vertex -9.459603e-01 -1.519093e+01 -2.506865e+01
   endloop
 endfacet
 facet normal -3.667087e-01 -1.459970e-01 -9.188088e-01
   outer loop
     vertex -8.402844e-01 -1.519790e+01 -2.511264e+01
     vertex -8.075734e-01 -1.587437e+01 -2.501821e+01
     vertex -8.793149e-01 -1.588016e+01 -2.498866e+01
   endloop
 endfacet
 facet normal -3.420200e-01 -1.461228e-01 -9.282620e-01
   outer loop
     vertex -7.325193e-01 -1.520403e+01 -2.515138e+01
     vertex -8.075734e-01 -1.587437e+01 -2.501821e+01
     vertex -8.402844e-01 -1.519790e+01 -2.511264e+01
   endloop
 endfacet
 facet normal -3.353421e-01 -1.473166e-01 -9.305071e-01
   outer loop
     vertex -7.325193e-01 -1.520403e+01 -2.515138e+01
     vertex -7.347498e-01 -1.586907e+01 -2.504529e+01
     vertex -8.075734e-01 -1.587437e+01 -2.501821e+01
   endloop
 endfacet
 facet normal -3.034461e-01 -1.491147e-01 -9.411085e-01
   outer loop
     vertex -6.609319e-01 -1.586427e+01 -2.506985e+01
     vertex -7.347498e-01 -1.586907e+01 -2.504529e+01
     vertex -7.325193e-01 -1.520403e+01 -2.515138e+01
   endloop
 endfacet
 facet normal -2.947550e-01 -1.485245e-01 -9.439597e-01
   outer loop
     vertex -6.229331e-01 -1.520932e+01 -2.518477e+01
     vertex -6.609319e-01 -1.586427e+01 -2.506985e+01
     vertex -7.325193e-01 -1.520403e+01 -2.515138e+01
   endloop
 endfacet
 facet normal -2.711101e-01 -1.510649e-01 -9.506202e-01
   outer loop
     vertex -6.229331e-01 -1.520932e+01 -2.518477e+01
     vertex -5.862143e-01 -1.585998e+01 -2.509184e+01
     vertex -6.609319e-01 -1.586427e+01 -2.506985e+01
   endloop
 endfacet
 facet normal -2.384900e-01 -1.519492e-01 -9.591840e-01
   outer loop
     vertex -5.117981e-01 -1.521375e+01 -2.521272e+01
     vertex -5.106942e-01 -1.585621e+01 -2.511122e+01
     vertex -5.862143e-01 -1.585998e+01 -2.509184e+01
   endloop
 endfacet
 facet normal -2.467573e-01 -1.506442e-01 -9.572968e-01
   outer loop
     vertex -5.117981e-01 -1.521375e+01 -2.521272e+01
     vertex -5.862143e-01 -1.585998e+01 -2.509184e+01
     vertex -6.229331e-01 -1.520932e+01 -2.518477e+01
   endloop
 endfacet
 facet normal -2.055023e-01 -1.530661e-01 -9.666124e-01
   outer loop
     vertex -4.344707e-01 -1.585295e+01 -2.512794e+01
     vertex -5.106942e-01 -1.585621e+01 -2.511122e+01
     vertex -5.117981e-01 -1.521375e+01 -2.521272e+01
   endloop
 endfacet
 facet normal -1.721924e-01 -1.546025e-01 -9.728555e-01
   outer loop
     vertex -3.993908e-01 -1.521730e+01 -2.523516e+01
     vertex -3.576454e-01 -1.585022e+01 -2.514197e+01
     vertex -4.344707e-01 -1.585295e+01 -2.512794e+01
   endloop
 endfacet
 facet normal -1.981461e-01 -1.523938e-01 -9.682532e-01
   outer loop
     vertex -3.993908e-01 -1.521730e+01 -2.523516e+01
     vertex -4.344707e-01 -1.585295e+01 -2.512794e+01
     vertex -5.117981e-01 -1.521375e+01 -2.521272e+01
   endloop
 endfacet
 facet normal -1.387015e-01 -1.550619e-01 -9.781195e-01
   outer loop
     vertex -2.859905e-01 -1.521998e+01 -2.525205e+01
     vertex -2.803219e-01 -1.584802e+01 -2.515328e+01
     vertex -3.576454e-01 -1.585022e+01 -2.514197e+01
   endloop
 endfacet
 facet normal -1.490422e-01 -1.536591e-01 -9.768190e-01
   outer loop
     vertex -2.859905e-01 -1.521998e+01 -2.525205e+01
     vertex -3.576454e-01 -1.585022e+01 -2.514197e+01
     vertex -3.993908e-01 -1.521730e+01 -2.523516e+01
   endloop
 endfacet
 facet normal -1.050057e-01 -1.554079e-01 -9.822536e-01
   outer loop
     vertex -2.026059e-01 -1.584636e+01 -2.516186e+01
     vertex -2.803219e-01 -1.584802e+01 -2.515328e+01
     vertex -2.859905e-01 -1.521998e+01 -2.525205e+01
   endloop
 endfacet
 facet normal -7.113017e-02 -1.565344e-01 -9.851079e-01
   outer loop
     vertex -1.718792e-01 -1.522176e+01 -2.526332e+01
     vertex -1.246053e-01 -1.584523e+01 -2.516767e+01
     vertex -2.026059e-01 -1.584636e+01 -2.516186e+01
   endloop
 endfacet
 facet normal -9.956781e-02 -1.547798e-01 -9.829188e-01
   outer loop
     vertex -1.718792e-01 -1.522176e+01 -2.526332e+01
     vertex -2.026059e-01 -1.584636e+01 -2.516186e+01
     vertex -2.859905e-01 -1.521998e+01 -2.525205e+01
   endloop
 endfacet
 facet normal -3.718356e-02 -1.565767e-01 -9.869656e-01
   outer loop
     vertex -5.734059e-02 -1.522266e+01 -2.526897e+01
     vertex -4.643003e-02 -1.584464e+01 -2.517071e+01
     vertex -1.246053e-01 -1.584523e+01 -2.516767e+01
   endloop
 endfacet
 facet normal -4.984586e-02 -1.551544e-01 -9.866319e-01
   outer loop
     vertex -5.734059e-02 -1.522266e+01 -2.526897e+01
     vertex -1.246053e-01 -1.584523e+01 -2.516767e+01
     vertex -1.718792e-01 -1.522176e+01 -2.526332e+01
   endloop
 endfacet
 facet normal -3.179399e-03 -1.561019e-01 -9.877358e-01
   outer loop
     vertex  3.180854e-02 -1.584459e+01 -2.517097e+01
     vertex -4.643003e-02 -1.584464e+01 -2.517071e+01
     vertex -5.734059e-02 -1.522266e+01 -2.526897e+01
   endloop
 endfacet
 facet normal  3.082782e-02 -1.568188e-01 -9.871461e-01
   outer loop
     vertex  5.734059e-02 -1.522266e+01 -2.526897e+01
     vertex  1.100024e-01 -1.584508e+01 -2.516845e+01
     vertex  3.180854e-02 -1.584459e+01 -2.517097e+01
   endloop
 endfacet
 facet normal -0.000000e+00 -1.556580e-01 -9.878110e-01
   outer loop
     vertex  5.734059e-02 -1.522266e+01 -2.526897e+01
     vertex  3.180854e-02 -1.584459e+01 -2.517097e+01
     vertex -5.734059e-02 -1.522266e+01 -2.526897e+01
   endloop
 endfacet
 facet normal  4.984585e-02 -1.551274e-01 -9.866361e-01
   outer loop
     vertex  1.718792e-01 -1.522176e+01 -2.526332e+01
     vertex  1.100024e-01 -1.584508e+01 -2.516845e+01
     vertex  5.734059e-02 -1.522266e+01 -2.526897e+01
   endloop
 endfacet
 facet normal  6.479331e-02 -1.564472e-01 -9.855588e-01
   outer loop
     vertex  1.718792e-01 -1.522176e+01 -2.526332e+01
     vertex  1.880418e-01 -1.584611e+01 -2.516315e+01
     vertex  1.100024e-01 -1.584508e+01 -2.516845e+01
   endloop
 endfacet
 facet normal  9.869790e-02 -1.551507e-01 -9.829481e-01
   outer loop
     vertex  2.658172e-01 -1.584767e+01 -2.515510e+01
     vertex  1.880418e-01 -1.584611e+01 -2.516315e+01
     vertex  1.718792e-01 -1.522176e+01 -2.526332e+01
   endloop
 endfacet
 facet normal  1.323995e-01 -1.554535e-01 -9.789303e-01
   outer loop
     vertex  2.859905e-01 -1.521998e+01 -2.525205e+01
     vertex  3.432208e-01 -1.584977e+01 -2.514429e+01
     vertex  2.658172e-01 -1.584767e+01 -2.515510e+01
   endloop
 endfacet
 facet normal  9.956783e-02 -1.550088e-01 -9.828828e-01
   outer loop
     vertex  2.859905e-01 -1.521998e+01 -2.525205e+01
     vertex  2.658172e-01 -1.584767e+01 -2.515510e+01
     vertex  1.718792e-01 -1.522176e+01 -2.526332e+01
   endloop
 endfacet
 facet normal  1.490422e-01 -1.535820e-01 -9.768311e-01
   outer loop
     vertex  3.993908e-01 -1.521730e+01 -2.523516e+01
     vertex  3.432208e-01 -1.584977e+01 -2.514429e+01
     vertex  2.859905e-01 -1.521998e+01 -2.525205e+01
   endloop
 endfacet
 facet normal  1.659492e-01 -1.546667e-01 -9.739297e-01
   outer loop
     vertex  3.993908e-01 -1.521730e+01 -2.523516e+01
     vertex  4.201464e-01 -1.585240e+01 -2.513077e+01
     vertex  3.432208e-01 -1.584977e+01 -2.514429e+01
   endloop
 endfacet
 facet normal  1.981461e-01 -1.526741e-01 -9.682090e-01
   outer loop
     vertex  5.117981e-01 -1.521375e+01 -2.521272e+01
     vertex  4.201464e-01 -1.585240e+01 -2.513077e+01
     vertex  3.993908e-01 -1.521730e+01 -2.523516e+01
   endloop
 endfacet
 facet normal  1.993320e-01 -1.528103e-01 -9.679441e-01
   outer loop
     vertex  5.117981e-01 -1.521375e+01 -2.521272e+01
     vertex  4.964891e-01 -1.585556e+01 -2.511455e+01
     vertex  4.201464e-01 -1.585240e+01 -2.513077e+01
   endloop
 endfacet
 facet normal  2.333747e-01 -1.524623e-01 -9.603601e-01
   outer loop
     vertex  5.769950e-01 -1.585949e+01 -2.509436e+01
     vertex  4.964891e-01 -1.585556e+01 -2.511455e+01
     vertex  5.117981e-01 -1.521375e+01 -2.521272e+01
   endloop
 endfacet
 facet normal  2.467573e-01 -1.505523e-01 -9.573113e-01
   outer loop
     vertex  6.229331e-01 -1.520932e+01 -2.518477e+01
     vertex  5.769950e-01 -1.585949e+01 -2.509436e+01
     vertex  5.117981e-01 -1.521375e+01 -2.521272e+01
   endloop
 endfacet
 facet normal  2.724970e-01 -1.513785e-01 -9.501736e-01
   outer loop
     vertex  6.229331e-01 -1.520932e+01 -2.518477e+01
     vertex  6.765597e-01 -1.586524e+01 -2.506489e+01
     vertex  5.769950e-01 -1.585949e+01 -2.509436e+01
   endloop
 endfacet
 facet normal  2.947550e-01 -1.484259e-01 -9.439752e-01
   outer loop
     vertex  7.325193e-01 -1.520403e+01 -2.515138e+01
     vertex  6.765597e-01 -1.586524e+01 -2.506489e+01
     vertex  6.229331e-01 -1.520932e+01 -2.518477e+01
   endloop
 endfacet
 facet normal  3.154330e-01 -1.492808e-01 -9.371325e-01
   outer loop
     vertex  7.325193e-01 -1.520403e+01 -2.515138e+01
     vertex  7.744912e-01 -1.587189e+01 -2.503087e+01
     vertex  6.765597e-01 -1.586524e+01 -2.506489e+01
   endloop
 endfacet
 facet normal  3.420200e-01 -1.460124e-01 -9.282794e-01
   outer loop
     vertex  8.402844e-01 -1.519790e+01 -2.511264e+01
     vertex  7.744912e-01 -1.587189e+01 -2.503087e+01
     vertex  7.325193e-01 -1.520403e+01 -2.515138e+01
   endloop
 endfacet
 facet normal  3.576240e-01 -1.468046e-01 -9.222546e-01
   outer loop
     vertex  8.402844e-01 -1.519790e+01 -2.511264e+01
     vertex  8.705729e-01 -1.587942e+01 -2.499241e+01
     vertex  7.744912e-01 -1.587189e+01 -2.503087e+01
   endloop
 endfacet
 facet normal  3.884347e-01 -1.433198e-01 -9.102626e-01
   outer loop
     vertex  9.459603e-01 -1.519093e+01 -2.506865e+01
     vertex  8.705729e-01 -1.587942e+01 -2.499241e+01
     vertex  8.402844e-01 -1.519790e+01 -2.511264e+01
   endloop
 endfacet
 facet normal  3.989798e-01 -1.439570e-01 -9.055890e-01
   outer loop
     vertex  9.459603e-01 -1.519093e+01 -2.506865e+01
     vertex  9.646002e-01 -1.588781e+01 -2.494965e+01
     vertex  8.705729e-01 -1.587942e+01 -2.499241e+01
   endloop
 endfacet
 facet normal  4.338837e-01 -1.403563e-01 -8.899691e-01
   outer loop
     vertex  1.049285e+00 -1.518314e+01 -2.501950e+01
     vertex  9.646002e-01 -1.588781e+01 -2.494965e+01
     vertex  9.459603e-01 -1.519093e+01 -2.506865e+01
   endloop
 endfacet
 facet normal  4.394189e-01 -1.407458e-01 -8.871875e-01
   outer loop
     vertex  1.049285e+00 -1.518314e+01 -2.501950e+01
     vertex  1.056380e+00 -1.589705e+01 -2.490273e+01
     vertex  9.646002e-01 -1.588781e+01 -2.494965e+01
   endloop
 endfacet
 facet normal  4.788619e-01 -1.371803e-01 -8.671060e-01
   outer loop
     vertex  1.150000e+00 -1.517456e+01 -2.496533e+01
     vertex  1.145734e+00 -1.590710e+01 -2.485179e+01
     vertex  1.056380e+00 -1.589705e+01 -2.490273e+01
   endloop
 endfacet
 facet normal  4.782540e-01 -1.371313e-01 -8.674492e-01
   outer loop
     vertex  1.150000e+00 -1.517456e+01 -2.496533e+01
     vertex  1.056380e+00 -1.589705e+01 -2.490273e+01
     vertex  1.049285e+00 -1.518314e+01 -2.501950e+01
   endloop
 endfacet
 facet normal  5.171091e-01 -1.340327e-01 -8.453599e-01
   outer loop
     vertex  1.232494e+00 -1.591794e+01 -2.479700e+01
     vertex  1.145734e+00 -1.590710e+01 -2.485179e+01
     vertex  1.150000e+00 -1.517456e+01 -2.496533e+01
   endloop
 endfacet
 facet normal  5.214351e-01 -1.329874e-01 -8.428640e-01
   outer loop
     vertex  1.247856e+00 -1.516521e+01 -2.490627e+01
     vertex  1.232494e+00 -1.591794e+01 -2.479700e+01
     vertex  1.150000e+00 -1.517456e+01 -2.496533e+01
   endloop
 endfacet
 facet normal  5.541911e-01 -1.306382e-01 -8.220741e-01
   outer loop
     vertex  1.316507e+00 -1.592955e+01 -2.473852e+01
     vertex  1.232494e+00 -1.591794e+01 -2.479700e+01
     vertex  1.247856e+00 -1.516521e+01 -2.490627e+01
   endloop
 endfacet
 facet normal  5.633199e-01 -1.285250e-01 -8.161814e-01
   outer loop
     vertex  1.342610e+00 -1.515510e+01 -2.484246e+01
     vertex  1.316507e+00 -1.592955e+01 -2.473852e+01
     vertex  1.247856e+00 -1.516521e+01 -2.490627e+01
   endloop
 endfacet
 facet normal  5.900651e-01 -1.268953e-01 -7.973210e-01
   outer loop
     vertex  1.342610e+00 -1.515510e+01 -2.484246e+01
     vertex  1.397634e+00 -1.594190e+01 -2.467652e+01
     vertex  1.316507e+00 -1.592955e+01 -2.473852e+01
   endloop
 endfacet
 facet normal  6.246757e-01 -1.228136e-01 -7.711661e-01
   outer loop
     vertex  1.434027e+00 -1.514427e+01 -2.477407e+01
     vertex  1.475746e+00 -1.595496e+01 -2.461116e+01
     vertex  1.397634e+00 -1.594190e+01 -2.467652e+01
   endloop
 endfacet
 facet normal  6.038042e-01 -1.238530e-01 -7.874522e-01
   outer loop
     vertex  1.434027e+00 -1.514427e+01 -2.477407e+01
     vertex  1.397634e+00 -1.594190e+01 -2.467652e+01
     vertex  1.342610e+00 -1.515510e+01 -2.484246e+01
   endloop
 endfacet
 facet normal  6.579716e-01 -1.184038e-01 -7.436759e-01
   outer loop
     vertex  1.521877e+00 -1.513274e+01 -2.470126e+01
     vertex  1.550729e+00 -1.596871e+01 -2.454263e+01
     vertex  1.475746e+00 -1.595496e+01 -2.461116e+01
   endloop
 endfacet
 facet normal  6.427874e-01 -1.189842e-01 -7.567477e-01
   outer loop
     vertex  1.521877e+00 -1.513274e+01 -2.470126e+01
     vertex  1.475746e+00 -1.595496e+01 -2.461116e+01
     vertex  1.434027e+00 -1.514427e+01 -2.477407e+01
   endloop
 endfacet
 facet normal  6.899063e-01 -1.136776e-01 -7.149173e-01
   outer loop
     vertex  1.605945e+00 -1.512054e+01 -2.462422e+01
     vertex  1.622480e+00 -1.598311e+01 -2.447110e+01
     vertex  1.550729e+00 -1.596871e+01 -2.454263e+01
   endloop
 endfacet
 facet normal  6.801725e-01 -1.139315e-01 -7.241443e-01
   outer loop
     vertex  1.605945e+00 -1.512054e+01 -2.462422e+01
     vertex  1.550729e+00 -1.596871e+01 -2.454263e+01
     vertex  1.521877e+00 -1.513274e+01 -2.470126e+01
   endloop
 endfacet
 facet normal  7.204373e-01 -1.086474e-01 -6.849568e-01
   outer loop
     vertex  1.686019e+00 -1.510769e+01 -2.454313e+01
     vertex  1.690905e+00 -1.599815e+01 -2.439675e+01
     vertex  1.622480e+00 -1.598311e+01 -2.447110e+01
   endloop
 endfacet
 facet normal  7.158667e-01 -1.087078e-01 -6.897227e-01
   outer loop
     vertex  1.686019e+00 -1.510769e+01 -2.454313e+01
     vertex  1.622480e+00 -1.598311e+01 -2.447110e+01
     vertex  1.605945e+00 -1.512054e+01 -2.462422e+01
   endloop
 endfacet
 facet normal  7.769659e-01 -9.867115e-02 -6.217620e-01
   outer loop
     vertex  1.761902e+00 -1.509424e+01 -2.445820e+01
     vertex  1.817471e+00 -1.603000e+01 -2.424026e+01
     vertex  1.755926e+00 -1.601379e+01 -2.431974e+01
   endloop
 endfacet
 facet normal  7.495250e-01 -1.033263e-01 -6.538623e-01
   outer loop
     vertex  1.761902e+00 -1.509424e+01 -2.445820e+01
     vertex  1.755926e+00 -1.601379e+01 -2.431974e+01
     vertex  1.690905e+00 -1.599815e+01 -2.439675e+01
   endloop
 endfacet
 facet normal  7.497812e-01 -1.033264e-01 -6.535685e-01
   outer loop
     vertex  1.761902e+00 -1.509424e+01 -2.445820e+01
     vertex  1.690905e+00 -1.599815e+01 -2.439675e+01
     vertex  1.686019e+00 -1.510769e+01 -2.454313e+01
   endloop
 endfacet
 facet normal  8.029197e-01 -9.366264e-02 -5.886827e-01
   outer loop
     vertex  1.833405e+00 -1.508022e+01 -2.436965e+01
     vertex  1.875479e+00 -1.604675e+01 -2.415848e+01
     vertex  1.817471e+00 -1.603000e+01 -2.424026e+01
   endloop
 endfacet
 facet normal  7.818314e-01 -9.701595e-02 -6.158958e-01
   outer loop
     vertex  1.833405e+00 -1.508022e+01 -2.436965e+01
     vertex  1.817471e+00 -1.603000e+01 -2.424026e+01
     vertex  1.761902e+00 -1.509424e+01 -2.445820e+01
   endloop
 endfacet
 facet normal  8.273511e-01 -8.836523e-02 -5.546907e-01
   outer loop
     vertex  1.900349e+00 -1.506565e+01 -2.427768e+01
     vertex  1.929897e+00 -1.606402e+01 -2.407456e+01
     vertex  1.875479e+00 -1.604675e+01 -2.415848e+01
   endloop
 endfacet
 facet normal  8.119378e-01 -9.064411e-02 -5.766634e-01
   outer loop
     vertex  1.900349e+00 -1.506565e+01 -2.427768e+01
     vertex  1.875479e+00 -1.604675e+01 -2.415848e+01
     vertex  1.833405e+00 -1.508022e+01 -2.436965e+01
   endloop
 endfacet
 facet normal  8.502362e-01 -8.279369e-02 -5.198496e-01
   outer loop
     vertex  1.962569e+00 -1.505058e+01 -2.418253e+01
     vertex  1.980680e+00 -1.608178e+01 -2.398867e+01
     vertex  1.929897e+00 -1.606402e+01 -2.407456e+01
   endloop
 endfacet
 facet normal  8.400257e-01 -8.418257e-02 -5.359758e-01
   outer loop
     vertex  1.962569e+00 -1.505058e+01 -2.418253e+01
     vertex  1.929897e+00 -1.606402e+01 -2.407456e+01
     vertex  1.900349e+00 -1.506565e+01 -2.427768e+01
   endloop
 endfacet
 facet normal  8.715536e-01 -7.696326e-02 -4.842220e-01
   outer loop
     vertex  2.019910e+00 -1.503504e+01 -2.408443e+01
     vertex  2.027790e+00 -1.610000e+01 -2.390098e+01
     vertex  1.980680e+00 -1.608178e+01 -2.398867e+01
   endloop
 endfacet
 facet normal  8.660253e-01 -7.764465e-02 -4.939348e-01
   outer loop
     vertex  2.019910e+00 -1.503504e+01 -2.408443e+01
     vertex  1.980680e+00 -1.608178e+01 -2.398867e+01
     vertex  1.962569e+00 -1.505058e+01 -2.418253e+01
   endloop
 endfacet
 facet normal  9.093329e-01 -6.513026e-02 -4.109399e-01
   outer loop
     vertex  2.072228e+00 -1.501908e+01 -2.398364e+01
     vertex  2.110867e+00 -1.613771e+01 -2.372085e+01
     vertex  2.071194e+00 -1.611865e+01 -2.381166e+01
   endloop
 endfacet
 facet normal  8.912835e-01 -7.088962e-02 -4.478709e-01
   outer loop
     vertex  2.072228e+00 -1.501908e+01 -2.398364e+01
     vertex  2.071194e+00 -1.611865e+01 -2.381166e+01
     vertex  2.027790e+00 -1.610000e+01 -2.390098e+01
   endloop
 endfacet
 facet normal  8.898718e-01 -7.104372e-02 -4.506451e-01
   outer loop
     vertex  2.072228e+00 -1.501908e+01 -2.398364e+01
     vertex  2.027790e+00 -1.610000e+01 -2.390098e+01
     vertex  2.019910e+00 -1.503504e+01 -2.408443e+01
   endloop
 endfacet
 facet normal  9.257354e-01 -5.945535e-02 -3.734689e-01
   outer loop
     vertex  2.119395e+00 -1.500273e+01 -2.388039e+01
     vertex  2.146792e+00 -1.615714e+01 -2.362871e+01
     vertex  2.110867e+00 -1.613771e+01 -2.372085e+01
   endloop
 endfacet
 facet normal  9.115058e-01 -6.396126e-02 -4.062833e-01
   outer loop
     vertex  2.119395e+00 -1.500273e+01 -2.388039e+01
     vertex  2.110867e+00 -1.613771e+01 -2.372085e+01
     vertex  2.072228e+00 -1.501908e+01 -2.398364e+01
   endloop
 endfacet
 facet normal  9.308736e-01 -5.659974e-02 -3.609305e-01
   outer loop
     vertex  2.161293e+00 -1.498603e+01 -2.377495e+01
     vertex  2.146792e+00 -1.615714e+01 -2.362871e+01
     vertex  2.119395e+00 -1.500273e+01 -2.388039e+01
   endloop
 endfacet
 facet normal  9.405291e-01 -5.353949e-02 -3.354676e-01
   outer loop
     vertex  2.161293e+00 -1.498603e+01 -2.377495e+01
     vertex  2.178952e+00 -1.617692e+01 -2.353538e+01
     vertex  2.146792e+00 -1.615714e+01 -2.362871e+01
   endloop
 endfacet
 facet normal  9.479272e-01 -4.924337e-02 -3.146572e-01
   outer loop
     vertex  2.197817e+00 -1.496902e+01 -2.366758e+01
     vertex  2.178952e+00 -1.617692e+01 -2.353538e+01
     vertex  2.161293e+00 -1.498603e+01 -2.377495e+01
   endloop
 endfacet
 facet normal  9.537024e-01 -4.740030e-02 -2.969931e-01
   outer loop
     vertex  2.197817e+00 -1.496902e+01 -2.366758e+01
     vertex  2.207336e+00 -1.619702e+01 -2.344103e+01
     vertex  2.178952e+00 -1.617692e+01 -2.353538e+01
   endloop
 endfacet
 facet normal  9.626241e-01 -4.190455e-02 -2.675795e-01
   outer loop
     vertex  2.228878e+00 -1.495175e+01 -2.355855e+01
     vertex  2.207336e+00 -1.619702e+01 -2.344103e+01
     vertex  2.197817e+00 -1.496902e+01 -2.366758e+01
   endloop
 endfacet
 facet normal  9.652448e-01 -4.105551e-02 -2.581025e-01
   outer loop
     vertex  2.228878e+00 -1.495175e+01 -2.355855e+01
     vertex  2.231937e+00 -1.621742e+01 -2.334578e+01
     vertex  2.207336e+00 -1.619702e+01 -2.344103e+01
   endloop
 endfacet
 facet normal  9.749279e-01 -3.459574e-02 -2.198153e-01
   outer loop
     vertex  2.254397e+00 -1.493426e+01 -2.344812e+01
     vertex  2.231937e+00 -1.621742e+01 -2.334578e+01
     vertex  2.228878e+00 -1.495175e+01 -2.355855e+01
   endloop
 endfacet
 facet normal  9.833532e-01 -2.853915e-02 -1.794491e-01
   outer loop
     vertex  2.254397e+00 -1.493426e+01 -2.344812e+01
     vertex  2.269773e+00 -1.625900e+01 -2.315318e+01
     vertex  2.252750e+00 -1.623809e+01 -2.324978e+01
   endloop
 endfacet
 facet normal  9.751469e-01 -3.452282e-02 -2.188529e-01
   outer loop
     vertex  2.254397e+00 -1.493426e+01 -2.344812e+01
     vertex  2.252750e+00 -1.623809e+01 -2.324978e+01
     vertex  2.231937e+00 -1.621742e+01 -2.334578e+01
   endloop
 endfacet
 facet normal  9.848077e-01 -2.676872e-02 -1.715730e-01
   outer loop
     vertex  2.274311e+00 -1.491659e+01 -2.333657e+01
     vertex  2.269773e+00 -1.625900e+01 -2.315318e+01
     vertex  2.254397e+00 -1.493426e+01 -2.344812e+01
   endloop
 endfacet
 facet normal  9.899227e-01 -2.244786e-02 -1.398185e-01
   outer loop
     vertex  2.274311e+00 -1.491659e+01 -2.333657e+01
     vertex  2.283006e+00 -1.628012e+01 -2.305610e+01
     vertex  2.269773e+00 -1.625900e+01 -2.315318e+01
   endloop
 endfacet
 facet normal  9.922391e-01 -1.895138e-02 -1.228920e-01
   outer loop
     vertex  2.288571e+00 -1.489879e+01 -2.322418e+01
     vertex  2.283006e+00 -1.628012e+01 -2.305610e+01
     vertex  2.274311e+00 -1.491659e+01 -2.333657e+01
   endloop
 endfacet
 facet normal  9.948562e-01 -1.617603e-02 -9.999713e-02
   outer loop
     vertex  2.288571e+00 -1.489879e+01 -2.322418e+01
     vertex  2.292451e+00 -1.630143e+01 -2.295868e+01
     vertex  2.283006e+00 -1.628012e+01 -2.305610e+01
   endloop
 endfacet
 facet normal  9.981485e-01 -9.742945e-03 -6.003932e-02
   outer loop
     vertex  2.297141e+00 -1.488090e+01 -2.311123e+01
     vertex  2.298114e+00 -1.632290e+01 -2.286105e+01
     vertex  2.292451e+00 -1.630143e+01 -2.295868e+01
   endloop
 endfacet
 facet normal  9.972037e-01 -1.122654e-02 -7.388350e-02
   outer loop
     vertex  2.297141e+00 -1.488090e+01 -2.311123e+01
     vertex  2.292451e+00 -1.630143e+01 -2.295868e+01
     vertex  2.288571e+00 -1.489879e+01 -2.322418e+01
   endloop
 endfacet
 facet normal  9.997950e-01 -3.167622e-03 -1.999958e-02
   outer loop
     vertex  2.300000e+00 -1.486297e+01 -2.299799e+01
     vertex  2.300000e+00 -1.634450e+01 -2.276334e+01
     vertex  2.298114e+00 -1.632290e+01 -2.286105e+01
   endloop
 endfacet
 facet normal  9.996891e-01 -3.605613e-03 -2.467038e-02
   outer loop
     vertex  2.300000e+00 -1.486297e+01 -2.299799e+01
     vertex  2.298114e+00 -1.632290e+01 -2.286105e+01
     vertex  2.297141e+00 -1.488090e+01 -2.311123e+01
   endloop
 endfacet
 facet normal  2.441281e-15  9.876883e-01 -1.564345e-01
   outer loop
     vertex -1.466104e+00 -1.465016e+01 -2.165440e+01
     vertex -1.686019e+00 -1.461824e+01 -2.145286e+01
     vertex -1.605945e+00 -1.460540e+01 -2.137177e+01
   endloop
 endfacet
 facet normal -8.682459e-15  9.876883e-01 -1.564345e-01
   outer loop
     vertex -1.466104e+00 -1.465016e+01 -2.165440e+01
     vertex -1.605945e+00 -1.460540e+01 -2.137177e+01
     vertex -1.396474e+00 -1.463900e+01 -2.158389e+01
   endloop
 endfacet
 facet normal  1.278543e-16  9.876883e-01 -1.564345e-01
   outer loop
     vertex -1.323372e+00 -1.462838e+01 -2.151689e+01
     vertex -1.605945e+00 -1.460540e+01 -2.137177e+01
     vertex -1.521877e+00 -1.459320e+01 -2.129473e+01
   endloop
 endfacet
 facet normal  6.904776e-15  9.876883e-01 -1.564345e-01
   outer loop
     vertex -1.323372e+00 -1.462838e+01 -2.151689e+01
     vertex -1.396474e+00 -1.463900e+01 -2.158389e+01
     vertex -1.605945e+00 -1.460540e+01 -2.137177e+01
   endloop
 endfacet
 facet normal -3.057058e-15  9.876883e-01 -1.564345e-01
   outer loop
     vertex -1.532089e+00 -1.466186e+01 -2.172825e+01
     vertex -1.686019e+00 -1.461824e+01 -2.145286e+01
     vertex -1.466104e+00 -1.465016e+01 -2.165440e+01
   endloop
 endfacet
 facet normal  2.479747e-15  9.876883e-01 -1.564345e-01
   outer loop
     vertex -1.532089e+00 -1.466186e+01 -2.172825e+01
     vertex -1.761902e+00 -1.463169e+01 -2.153778e+01
     vertex -1.686019e+00 -1.461824e+01 -2.145286e+01
   endloop
 endfacet
 facet normal -2.237935e-15  9.876883e-01 -1.564345e-01
   outer loop
     vertex -1.246980e+00 -1.461836e+01 -2.145358e+01
     vertex -1.521877e+00 -1.459320e+01 -2.129473e+01
     vertex -1.434027e+00 -1.458167e+01 -2.122192e+01
   endloop
 endfacet
 facet normal -2.254235e-15  9.876883e-01 -1.564345e-01
   outer loop
     vertex -1.246980e+00 -1.461836e+01 -2.145358e+01
     vertex -1.323372e+00 -1.462838e+01 -2.151689e+01
     vertex -1.521877e+00 -1.459320e+01 -2.129473e+01
   endloop
 endfacet
 facet normal  9.735944e-15  9.876883e-01 -1.564345e-01
   outer loop
     vertex -1.594265e+00 -1.467406e+01 -2.180525e+01
     vertex -1.761902e+00 -1.463169e+01 -2.153778e+01
     vertex -1.532089e+00 -1.466186e+01 -2.172825e+01
   endloop
 endfacet
 facet normal -4.029990e-15  9.876883e-01 -1.564345e-01
   outer loop
     vertex -1.594265e+00 -1.467406e+01 -2.180525e+01
     vertex -1.833405e+00 -1.464572e+01 -2.162634e+01
     vertex -1.761902e+00 -1.463169e+01 -2.153778e+01
   endloop
 endfacet
 facet normal  3.638538e-15  9.876883e-01 -1.564345e-01
   outer loop
     vertex -1.167487e+00 -1.460894e+01 -2.139411e+01
     vertex -1.246980e+00 -1.461836e+01 -2.145358e+01
     vertex -1.434027e+00 -1.458167e+01 -2.122192e+01
   endloop
 endfacet
 facet normal  2.394704e-15  9.876883e-01 -1.564345e-01
   outer loop
     vertex -1.167487e+00 -1.460894e+01 -2.139411e+01
     vertex -1.434027e+00 -1.458167e+01 -2.122192e+01
     vertex -1.342610e+00 -1.457083e+01 -2.115353e+01
   endloop
 endfacet
 facet normal -3.547980e-15  9.876883e-01 -1.564345e-01
   outer loop
     vertex -1.652478e+00 -1.468672e+01 -2.188522e+01
     vertex -1.833405e+00 -1.464572e+01 -2.162634e+01
     vertex -1.594265e+00 -1.467406e+01 -2.180525e+01
   endloop
 endfacet
 facet normal -3.934892e-15  9.876883e-01 -1.564345e-01
   outer loop
     vertex -1.652478e+00 -1.468672e+01 -2.188522e+01
     vertex -1.900349e+00 -1.466029e+01 -2.171831e+01
     vertex -1.833405e+00 -1.464572e+01 -2.162634e+01
   endloop
 endfacet
 facet normal -1.694923e-15  9.876883e-01 -1.564345e-01
   outer loop
     vertex -1.085093e+00 -1.460015e+01 -2.133863e+01
     vertex -1.342610e+00 -1.457083e+01 -2.115353e+01
     vertex -1.247856e+00 -1.456073e+01 -2.108972e+01
   endloop
 endfacet
 facet normal -5.596420e-15  9.876883e-01 -1.564345e-01
   outer loop
     vertex -1.085093e+00 -1.460015e+01 -2.133863e+01
     vertex -1.167487e+00 -1.460894e+01 -2.139411e+01
     vertex -1.342610e+00 -1.457083e+01 -2.115353e+01
   endloop
 endfacet
 facet normal -4.770585e-15  9.876883e-01 -1.564345e-01
   outer loop
     vertex -1.706582e+00 -1.469983e+01 -2.196796e+01
     vertex -1.900349e+00 -1.466029e+01 -2.171831e+01
     vertex -1.652478e+00 -1.468672e+01 -2.188522e+01
   endloop
 endfacet
 facet normal  7.113612e-16  9.876883e-01 -1.564345e-01
   outer loop
     vertex -1.706582e+00 -1.469983e+01 -2.196796e+01
     vertex -2.019910e+00 -1.469089e+01 -2.191155e+01
     vertex -1.962569e+00 -1.467536e+01 -2.181346e+01
   endloop
 endfacet
 facet normal  1.711837e-15  9.876883e-01 -1.564345e-01
   outer loop
     vertex -1.706582e+00 -1.469983e+01 -2.196796e+01
     vertex -1.962569e+00 -1.467536e+01 -2.181346e+01
     vertex -1.900349e+00 -1.466029e+01 -2.171831e+01
   endloop
 endfacet
 facet normal  6.151891e-15  9.876883e-01 -1.564345e-01
   outer loop
     vertex -1.000000e+00 -1.459202e+01 -2.128727e+01
     vertex -1.247856e+00 -1.456073e+01 -2.108972e+01
     vertex -1.150000e+00 -1.455137e+01 -2.103066e+01
   endloop
 endfacet
 facet normal -4.111166e-15  9.876883e-01 -1.564345e-01
   outer loop
     vertex -1.000000e+00 -1.459202e+01 -2.128727e+01
     vertex -1.085093e+00 -1.460015e+01 -2.133863e+01
     vertex -1.247856e+00 -1.456073e+01 -2.108972e+01
   endloop
 endfacet
 facet normal -7.324617e-16  9.876883e-01 -1.564345e-01
   outer loop
     vertex -1.756443e+00 -1.471334e+01 -2.205326e+01
     vertex -2.019910e+00 -1.469089e+01 -2.191155e+01
     vertex -1.706582e+00 -1.469983e+01 -2.196796e+01
   endloop
 endfacet
 facet normal -1.134523e-15  9.876883e-01 -1.564345e-01
   outer loop
     vertex -9.124213e-01 -1.458455e+01 -2.124016e+01
     vertex -1.000000e+00 -1.459202e+01 -2.128727e+01
     vertex -1.150000e+00 -1.455137e+01 -2.103066e+01
   endloop
 endfacet
 facet normal -5.467664e-15  9.876883e-01 -1.564345e-01
   outer loop
     vertex -9.124213e-01 -1.458455e+01 -2.124016e+01
     vertex -1.150000e+00 -1.455137e+01 -2.103066e+01
     vertex -1.049285e+00 -1.454279e+01 -2.097649e+01
   endloop
 endfacet
 facet normal  3.938215e-15  9.876883e-01 -1.564345e-01
   outer loop
     vertex -1.801938e+00 -1.472722e+01 -2.214091e+01
     vertex -2.019910e+00 -1.469089e+01 -2.191155e+01
     vertex -1.756443e+00 -1.471334e+01 -2.205326e+01
   endloop
 endfacet
 facet normal  4.023581e-15  9.876883e-01 -1.564345e-01
   outer loop
     vertex -1.801938e+00 -1.472722e+01 -2.214091e+01
     vertex -2.072228e+00 -1.470686e+01 -2.201235e+01
     vertex -2.019910e+00 -1.469089e+01 -2.191155e+01
   endloop
 endfacet
 facet normal -1.902357e-15  9.876883e-01 -1.564345e-01
   outer loop
     vertex -8.225742e-01 -1.457779e+01 -2.119743e+01
     vertex -1.049285e+00 -1.454279e+01 -2.097649e+01
     vertex -9.459603e-01 -1.453501e+01 -2.092734e+01
   endloop
 endfacet
 facet normal  7.076151e-16  9.876883e-01 -1.564345e-01
   outer loop
     vertex -8.225742e-01 -1.457779e+01 -2.119743e+01
     vertex -9.124213e-01 -1.458455e+01 -2.124016e+01
     vertex -1.049285e+00 -1.454279e+01 -2.097649e+01
   endloop
 endfacet
 facet normal  6.931935e-15  9.876883e-01 -1.564345e-01
   outer loop
     vertex -1.842952e+00 -1.474144e+01 -2.223069e+01
     vertex -2.072228e+00 -1.470686e+01 -2.201235e+01
     vertex -1.801938e+00 -1.472722e+01 -2.214091e+01
   endloop
 endfacet
 facet normal -3.767708e-15  9.876883e-01 -1.564345e-01
   outer loop
     vertex -1.842952e+00 -1.474144e+01 -2.223069e+01
     vertex -2.161293e+00 -1.473991e+01 -2.222103e+01
     vertex -2.119395e+00 -1.472321e+01 -2.211559e+01
   endloop
 endfacet
 facet normal -4.222755e-15  9.876883e-01 -1.564345e-01
   outer loop
     vertex -1.842952e+00 -1.474144e+01 -2.223069e+01
     vertex -2.119395e+00 -1.472321e+01 -2.211559e+01
     vertex -2.072228e+00 -1.470686e+01 -2.201235e+01
   endloop
 endfacet
 facet normal  7.545896e-15  9.876883e-01 -1.564345e-01
   outer loop
     vertex -7.306820e-01 -1.457173e+01 -2.115917e+01
     vertex -8.225742e-01 -1.457779e+01 -2.119743e+01
     vertex -9.459603e-01 -1.453501e+01 -2.092734e+01
   endloop
 endfacet
 facet normal -4.261653e-15  9.876883e-01 -1.564345e-01
   outer loop
     vertex -7.306820e-01 -1.457173e+01 -2.115917e+01
     vertex -9.459603e-01 -1.453501e+01 -2.092734e+01
     vertex -8.402844e-01 -1.452804e+01 -2.088334e+01
   endloop
 endfacet
 facet normal -4.060911e-15  9.876883e-01 -1.564345e-01
   outer loop
     vertex -1.879385e+00 -1.475596e+01 -2.232237e+01
     vertex -2.161293e+00 -1.473991e+01 -2.222103e+01
     vertex -1.842952e+00 -1.474144e+01 -2.223069e+01
   endloop
 endfacet
 facet normal -5.063927e-16  9.876883e-01 -1.564345e-01
   outer loop
     vertex -6.369733e-01 -1.456639e+01 -2.112548e+01
     vertex -7.306820e-01 -1.457173e+01 -2.115917e+01
     vertex -8.402844e-01 -1.452804e+01 -2.088334e+01
   endloop
 endfacet
 facet normal  8.764065e-16  9.876883e-01 -1.564345e-01
   outer loop
     vertex -6.369733e-01 -1.456639e+01 -2.112548e+01
     vertex -8.402844e-01 -1.452804e+01 -2.088334e+01
     vertex -7.325193e-01 -1.452190e+01 -2.084460e+01
   endloop
 endfacet
 facet normal  5.475727e-15  9.876883e-01 -1.564345e-01
   outer loop
     vertex -1.911146e+00 -1.477075e+01 -2.241574e+01
     vertex -2.161293e+00 -1.473991e+01 -2.222103e+01
     vertex -1.879385e+00 -1.475596e+01 -2.232237e+01
   endloop
 endfacet
 facet normal -6.810094e-16  9.876883e-01 -1.564345e-01
   outer loop
     vertex -1.911146e+00 -1.477075e+01 -2.241574e+01
     vertex -2.228878e+00 -1.477419e+01 -2.243744e+01
     vertex -2.197817e+00 -1.475692e+01 -2.232840e+01
   endloop
 endfacet
 facet normal -2.993370e-15  9.876883e-01 -1.564345e-01
   outer loop
     vertex -1.911146e+00 -1.477075e+01 -2.241574e+01
     vertex -2.197817e+00 -1.475692e+01 -2.232840e+01
     vertex -2.161293e+00 -1.473991e+01 -2.222103e+01
   endloop
 endfacet
 facet normal  6.809050e-15  9.876883e-01 -1.564345e-01
   outer loop
     vertex -5.416809e-01 -1.456179e+01 -2.109645e+01
     vertex -6.369733e-01 -1.456639e+01 -2.112548e+01
     vertex -7.325193e-01 -1.452190e+01 -2.084460e+01
   endloop
 endfacet
 facet normal  1.491287e-14  9.876883e-01 -1.564345e-01
   outer loop
     vertex -5.416809e-01 -1.456179e+01 -2.109645e+01
     vertex -7.325193e-01 -1.452190e+01 -2.084460e+01
     vertex -6.229331e-01 -1.451662e+01 -2.081122e+01
   endloop
 endfacet
 facet normal -7.800268e-15  9.876883e-01 -1.564345e-01
   outer loop
     vertex -5.416809e-01 -1.456179e+01 -2.109645e+01
     vertex -6.229331e-01 -1.451662e+01 -2.081122e+01
     vertex -5.117981e-01 -1.451219e+01 -2.078327e+01
   endloop
 endfacet
 facet normal  5.446661e-16  9.876883e-01 -1.564345e-01
   outer loop
     vertex -1.938155e+00 -1.478577e+01 -2.251055e+01
     vertex -2.228878e+00 -1.477419e+01 -2.243744e+01
     vertex -1.911146e+00 -1.477075e+01 -2.241574e+01
   endloop
 endfacet
 facet normal  2.015872e-15  9.876883e-01 -1.564345e-01
   outer loop
     vertex -1.938155e+00 -1.478577e+01 -2.251055e+01
     vertex -2.254397e+00 -1.479168e+01 -2.254787e+01
     vertex -2.228878e+00 -1.477419e+01 -2.243744e+01
   endloop
 endfacet
 facet normal -1.559070e-14  9.876883e-01 -1.564345e-01
   outer loop
     vertex -4.450419e-01 -1.455794e+01 -2.107214e+01
     vertex -5.416809e-01 -1.456179e+01 -2.109645e+01
     vertex -5.117981e-01 -1.451219e+01 -2.078327e+01
   endloop
 endfacet
 facet normal  1.053693e-15  9.876883e-01 -1.564345e-01
   outer loop
     vertex -1.960345e+00 -1.480097e+01 -2.260658e+01
     vertex -2.254397e+00 -1.479168e+01 -2.254787e+01
     vertex -1.938155e+00 -1.478577e+01 -2.251055e+01
   endloop
 endfacet
 facet normal -3.238514e-15  9.876883e-01 -1.564345e-01
   outer loop
     vertex -3.472964e-01 -1.455485e+01 -2.105263e+01
     vertex -4.450419e-01 -1.455794e+01 -2.107214e+01
     vertex -5.117981e-01 -1.451219e+01 -2.078327e+01
   endloop
 endfacet
 facet normal -8.103344e-15  9.876883e-01 -1.564345e-01
   outer loop
     vertex -3.472964e-01 -1.455485e+01 -2.105263e+01
     vertex -5.117981e-01 -1.451219e+01 -2.078327e+01
     vertex -3.993908e-01 -1.450864e+01 -2.076082e+01
   endloop
 endfacet
 facet normal -2.629021e-15  9.876883e-01 -1.564345e-01
   outer loop
     vertex -1.977662e+00 -1.481634e+01 -2.270358e+01
     vertex -2.254397e+00 -1.479168e+01 -2.254787e+01
     vertex -1.960345e+00 -1.480097e+01 -2.260658e+01
   endloop
 endfacet
 facet normal  1.195652e-15  9.876883e-01 -1.564345e-01
   outer loop
     vertex -1.977662e+00 -1.481634e+01 -2.270358e+01
     vertex -2.274311e+00 -1.480934e+01 -2.265942e+01
     vertex -2.254397e+00 -1.479168e+01 -2.254787e+01
   endloop
 endfacet
 facet normal  1.040315e-14  9.876883e-01 -1.564345e-01
   outer loop
     vertex -2.486874e-01 -1.455253e+01 -2.103795e+01
     vertex -3.472964e-01 -1.455485e+01 -2.105263e+01
     vertex -3.993908e-01 -1.450864e+01 -2.076082e+01
   endloop
 endfacet
 facet normal  4.773540e-15  9.876883e-01 -1.564345e-01
   outer loop
     vertex -2.486874e-01 -1.455253e+01 -2.103795e+01
     vertex -3.993908e-01 -1.450864e+01 -2.076082e+01
     vertex -2.859905e-01 -1.450596e+01 -2.074394e+01
   endloop
 endfacet
 facet normal -9.894769e-17  9.876883e-01 -1.564345e-01
   outer loop
     vertex -1.990062e+00 -1.483182e+01 -2.280131e+01
     vertex -2.288571e+00 -1.482714e+01 -2.277181e+01
     vertex -2.274311e+00 -1.480934e+01 -2.265942e+01
   endloop
 endfacet
 facet normal  2.753013e-15  9.876883e-01 -1.564345e-01
   outer loop
     vertex -1.990062e+00 -1.483182e+01 -2.280131e+01
     vertex -2.274311e+00 -1.480934e+01 -2.265942e+01
     vertex -1.977662e+00 -1.481634e+01 -2.270358e+01
   endloop
 endfacet
 facet normal -4.726471e-15  9.876883e-01 -1.564345e-01
   outer loop
     vertex -1.494602e-01 -1.455097e+01 -2.102814e+01
     vertex -2.486874e-01 -1.455253e+01 -2.103795e+01
     vertex -2.859905e-01 -1.450596e+01 -2.074394e+01
   endloop
 endfacet
 facet normal  8.110124e-15  9.876883e-01 -1.564345e-01
   outer loop
     vertex -1.494602e-01 -1.455097e+01 -2.102814e+01
     vertex -2.859905e-01 -1.450596e+01 -2.074394e+01
     vertex -1.718792e-01 -1.450417e+01 -2.073266e+01
   endloop
 endfacet
 facet normal  1.161044e-15  9.876883e-01 -1.564345e-01
   outer loop
     vertex -1.997514e+00 -1.484737e+01 -2.289953e+01
     vertex -2.300000e+00 -1.486297e+01 -2.299799e+01
     vertex -2.297141e+00 -1.484503e+01 -2.288476e+01
   endloop
 endfacet
 facet normal  4.553519e-16  9.876883e-01 -1.564345e-01
   outer loop
     vertex -1.997514e+00 -1.484737e+01 -2.289953e+01
     vertex -2.297141e+00 -1.484503e+01 -2.288476e+01
     vertex -2.288571e+00 -1.482714e+01 -2.277181e+01
   endloop
 endfacet
 facet normal -7.199271e-16  9.876883e-01 -1.564345e-01
   outer loop
     vertex -1.997514e+00 -1.484737e+01 -2.289953e+01
     vertex -2.288571e+00 -1.482714e+01 -2.277181e+01
     vertex -1.990062e+00 -1.483182e+01 -2.280131e+01
   endloop
 endfacet
 facet normal  2.067554e-15  9.876883e-01 -1.564345e-01
   outer loop
     vertex -4.986138e-02 -1.455020e+01 -2.102323e+01
     vertex -1.494602e-01 -1.455097e+01 -2.102814e+01
     vertex -1.718792e-01 -1.450417e+01 -2.073266e+01
   endloop
 endfacet
 facet normal  8.853331e-17  9.876883e-01 -1.564345e-01
   outer loop
     vertex -4.986138e-02 -1.455020e+01 -2.102323e+01
     vertex -1.718792e-01 -1.450417e+01 -2.073266e+01
     vertex -5.734059e-02 -1.450328e+01 -2.072702e+01
   endloop
 endfacet
 facet normal  0.000000e+00  9.876883e-01 -1.564345e-01
   outer loop
     vertex -2.000000e+00 -1.486297e+01 -2.299799e+01
     vertex -2.300000e+00 -1.486297e+01 -2.299799e+01
     vertex -1.997514e+00 -1.484737e+01 -2.289953e+01
   endloop
 endfacet
 facet normal  0.000000e+00  9.876883e-01 -1.564345e-01
   outer loop
     vertex -2.000000e+00 -1.486297e+01 -2.299799e+01
     vertex -2.297141e+00 -1.488090e+01 -2.311123e+01
     vertex -2.300000e+00 -1.486297e+01 -2.299799e+01
   endloop
 endfacet
 facet normal  0.000000e+00  9.876883e-01 -1.564345e-01
   outer loop
     vertex  4.986138e-02 -1.455020e+01 -2.102323e+01
     vertex -4.986138e-02 -1.455020e+01 -2.102323e+01
     vertex -5.734059e-02 -1.450328e+01 -2.072702e+01
   endloop
 endfacet
 facet normal  1.182374e-17  9.876883e-01 -1.564345e-01
   outer loop
     vertex  4.986138e-02 -1.455020e+01 -2.102323e+01
     vertex -5.734059e-02 -1.450328e+01 -2.072702e+01
     vertex  5.734059e-02 -1.450328e+01 -2.072702e+01
   endloop
 endfacet
 facet normal -2.309887e-15  9.876883e-01 -1.564345e-01
   outer loop
     vertex -1.997514e+00 -1.487856e+01 -2.309646e+01
     vertex -2.297141e+00 -1.488090e+01 -2.311123e+01
     vertex -2.000000e+00 -1.486297e+01 -2.299799e+01
   endloop
 endfacet
 facet normal  9.914389e-15  9.876883e-01 -1.564345e-01
   outer loop
     vertex  1.494602e-01 -1.455097e+01 -2.102814e+01
     vertex  4.986138e-02 -1.455020e+01 -2.102323e+01
     vertex  5.734059e-02 -1.450328e+01 -2.072702e+01
   endloop
 endfacet
 facet normal -5.181557e-15  9.876883e-01 -1.564345e-01
   outer loop
     vertex  1.494602e-01 -1.455097e+01 -2.102814e+01
     vertex  5.734059e-02 -1.450328e+01 -2.072702e+01
     vertex  1.718792e-01 -1.450417e+01 -2.073266e+01
   endloop
 endfacet
 facet normal -3.466647e-17  9.876883e-01 -1.564345e-01
   outer loop
     vertex -1.990062e+00 -1.489412e+01 -2.319468e+01
     vertex -2.288571e+00 -1.489879e+01 -2.322418e+01
     vertex -2.297141e+00 -1.488090e+01 -2.311123e+01
   endloop
 endfacet
 facet normal -2.166189e-15  9.876883e-01 -1.564345e-01
   outer loop
     vertex -1.990062e+00 -1.489412e+01 -2.319468e+01
     vertex -2.297141e+00 -1.488090e+01 -2.311123e+01
     vertex -1.997514e+00 -1.487856e+01 -2.309646e+01
   endloop
 endfacet
 facet normal -1.289726e-14  9.876883e-01 -1.564345e-01
   outer loop
     vertex  2.486874e-01 -1.455253e+01 -2.103795e+01
     vertex  1.494602e-01 -1.455097e+01 -2.102814e+01
     vertex  1.718792e-01 -1.450417e+01 -2.073266e+01
   endloop
 endfacet
 facet normal  7.228526e-15  9.876883e-01 -1.564345e-01
   outer loop
     vertex  2.486874e-01 -1.455253e+01 -2.103795e+01
     vertex  1.718792e-01 -1.450417e+01 -2.073266e+01
     vertex  2.859905e-01 -1.450596e+01 -2.074394e+01
   endloop
 endfacet
 facet normal -4.948837e-16  9.876883e-01 -1.564345e-01
   outer loop
     vertex -1.977662e+00 -1.490960e+01 -2.329241e+01
     vertex -2.288571e+00 -1.489879e+01 -2.322418e+01
     vertex -1.990062e+00 -1.489412e+01 -2.319468e+01
   endloop
 endfacet
 facet normal -2.982742e-15  9.876883e-01 -1.564345e-01
   outer loop
     vertex -1.977662e+00 -1.490960e+01 -2.329241e+01
     vertex -2.274311e+00 -1.491659e+01 -2.333657e+01
     vertex -2.288571e+00 -1.489879e+01 -2.322418e+01
   endloop
 endfacet
 facet normal  7.588543e-15  9.876883e-01 -1.564345e-01
   outer loop
     vertex  3.472964e-01 -1.455485e+01 -2.105263e+01
     vertex  2.486874e-01 -1.455253e+01 -2.103795e+01
     vertex  2.859905e-01 -1.450596e+01 -2.074394e+01
   endloop
 endfacet
 facet normal -9.487037e-15  9.876883e-01 -1.564345e-01
   outer loop
     vertex  3.472964e-01 -1.455485e+01 -2.105263e+01
     vertex  2.859905e-01 -1.450596e+01 -2.074394e+01
     vertex  3.993908e-01 -1.450864e+01 -2.076082e+01
   endloop
 endfacet
 facet normal  1.133479e-15  9.876883e-01 -1.564345e-01
   outer loop
     vertex -1.960345e+00 -1.492496e+01 -2.338941e+01
     vertex -2.254397e+00 -1.493426e+01 -2.344812e+01
     vertex -2.274311e+00 -1.491659e+01 -2.333657e+01
   endloop
 endfacet
 facet normal -2.767576e-15  9.876883e-01 -1.564345e-01
   outer loop
     vertex -1.960345e+00 -1.492496e+01 -2.338941e+01
     vertex -2.274311e+00 -1.491659e+01 -2.333657e+01
     vertex -1.977662e+00 -1.490960e+01 -2.329241e+01
   endloop
 endfacet
 facet normal -3.026370e-15  9.876883e-01 -1.564345e-01
   outer loop
     vertex  4.450419e-01 -1.455794e+01 -2.107214e+01
     vertex  3.472964e-01 -1.455485e+01 -2.105263e+01
     vertex  3.993908e-01 -1.450864e+01 -2.076082e+01
   endloop
 endfacet
 facet normal  3.368989e-15  9.876883e-01 -1.564345e-01
   outer loop
     vertex  4.450419e-01 -1.455794e+01 -2.107214e+01
     vertex  3.993908e-01 -1.450864e+01 -2.076082e+01
     vertex  5.117981e-01 -1.451219e+01 -2.078327e+01
   endloop
 endfacet
 facet normal  4.723302e-15  9.876883e-01 -1.564345e-01
   outer loop
     vertex -1.938155e+00 -1.494017e+01 -2.348543e+01
     vertex -2.197817e+00 -1.496902e+01 -2.366758e+01
     vertex -2.228878e+00 -1.495175e+01 -2.355855e+01
   endloop
 endfacet
 facet normal  3.688262e-15  9.876883e-01 -1.564345e-01
   outer loop
     vertex -1.938155e+00 -1.494017e+01 -2.348543e+01
     vertex -2.228878e+00 -1.495175e+01 -2.355855e+01
     vertex -2.254397e+00 -1.493426e+01 -2.344812e+01
   endloop
 endfacet
 facet normal  3.944874e-15  9.876883e-01 -1.564345e-01
   outer loop
     vertex -1.938155e+00 -1.494017e+01 -2.348543e+01
     vertex -2.254397e+00 -1.493426e+01 -2.344812e+01
     vertex -1.960345e+00 -1.492496e+01 -2.338941e+01
   endloop
 endfacet
 facet normal  9.696273e-15  9.876883e-01 -1.564345e-01
   outer loop
     vertex  5.416809e-01 -1.456179e+01 -2.109645e+01
     vertex  4.450419e-01 -1.455794e+01 -2.107214e+01
     vertex  5.117981e-01 -1.451219e+01 -2.078327e+01
   endloop
 endfacet
 facet normal  2.694599e-15  9.876883e-01 -1.564345e-01
   outer loop
     vertex  5.416809e-01 -1.456179e+01 -2.109645e+01
     vertex  5.117981e-01 -1.451219e+01 -2.078327e+01
     vertex  6.229331e-01 -1.451662e+01 -2.081122e+01
   endloop
 endfacet
 facet normal -5.196278e-15  9.876883e-01 -1.564345e-01
   outer loop
     vertex -1.911146e+00 -1.495519e+01 -2.358025e+01
     vertex -2.197817e+00 -1.496902e+01 -2.366758e+01
     vertex -1.938155e+00 -1.494017e+01 -2.348543e+01
   endloop
 endfacet
 facet normal -1.131055e-15  9.876883e-01 -1.564345e-01
   outer loop
     vertex -1.911146e+00 -1.495519e+01 -2.358025e+01
     vertex -2.161293e+00 -1.498603e+01 -2.377495e+01
     vertex -2.197817e+00 -1.496902e+01 -2.366758e+01
   endloop
 endfacet
 facet normal  5.561223e-15  9.876883e-01 -1.564345e-01
   outer loop
     vertex  6.369733e-01 -1.456639e+01 -2.112548e+01
     vertex  6.229331e-01 -1.451662e+01 -2.081122e+01
     vertex  7.325193e-01 -1.452190e+01 -2.084460e+01
   endloop
 endfacet
 facet normal -1.165234e-14  9.876883e-01 -1.564345e-01
   outer loop
     vertex  6.369733e-01 -1.456639e+01 -2.112548e+01
     vertex  5.416809e-01 -1.456179e+01 -2.109645e+01
     vertex  6.229331e-01 -1.451662e+01 -2.081122e+01
   endloop
 endfacet
 facet normal -1.212252e-15  9.876883e-01 -1.564345e-01
   outer loop
     vertex -1.879385e+00 -1.496998e+01 -2.367361e+01
     vertex -2.161293e+00 -1.498603e+01 -2.377495e+01
     vertex -1.911146e+00 -1.495519e+01 -2.358025e+01
   endloop
 endfacet
 facet normal -3.586238e-15  9.876883e-01 -1.564345e-01
   outer loop
     vertex  7.306820e-01 -1.457173e+01 -2.115917e+01
     vertex  7.325193e-01 -1.452190e+01 -2.084460e+01
     vertex  8.402844e-01 -1.452804e+01 -2.088334e+01
   endloop
 endfacet
 facet normal  3.358444e-15  9.876883e-01 -1.564345e-01
   outer loop
     vertex  7.306820e-01 -1.457173e+01 -2.115917e+01
     vertex  6.369733e-01 -1.456639e+01 -2.112548e+01
     vertex  7.325193e-01 -1.452190e+01 -2.084460e+01
   endloop
 endfacet
 facet normal  2.337200e-15  9.876883e-01 -1.564345e-01
   outer loop
     vertex -1.842952e+00 -1.498450e+01 -2.376530e+01
     vertex -2.161293e+00 -1.498603e+01 -2.377495e+01
     vertex -1.879385e+00 -1.496998e+01 -2.367361e+01
   endloop
 endfacet
 facet normal  1.884510e-15  9.876883e-01 -1.564345e-01
   outer loop
     vertex -1.842952e+00 -1.498450e+01 -2.376530e+01
     vertex -2.119395e+00 -1.500273e+01 -2.388039e+01
     vertex -2.161293e+00 -1.498603e+01 -2.377495e+01
   endloop
 endfacet
 facet normal  1.066068e-15  9.876883e-01 -1.564345e-01
   outer loop
     vertex  8.225742e-01 -1.457779e+01 -2.119743e+01
     vertex  8.402844e-01 -1.452804e+01 -2.088334e+01
     vertex  9.459603e-01 -1.453501e+01 -2.092734e+01
   endloop
 endfacet
 facet normal  8.873495e-15  9.876883e-01 -1.564345e-01
   outer loop
     vertex  8.225742e-01 -1.457779e+01 -2.119743e+01
     vertex  7.306820e-01 -1.457173e+01 -2.115917e+01
     vertex  8.402844e-01 -1.452804e+01 -2.088334e+01
   endloop
 endfacet
 facet normal -1.662209e-15  9.876883e-01 -1.564345e-01
   outer loop
     vertex -1.801938e+00 -1.499872e+01 -2.385508e+01
     vertex -2.119395e+00 -1.500273e+01 -2.388039e+01
     vertex -1.842952e+00 -1.498450e+01 -2.376530e+01
   endloop
 endfacet
 facet normal -3.681540e-16  9.876883e-01 -1.564345e-01
   outer loop
     vertex -1.801938e+00 -1.499872e+01 -2.385508e+01
     vertex -2.072228e+00 -1.501908e+01 -2.398364e+01
     vertex -2.119395e+00 -1.500273e+01 -2.388039e+01
   endloop
 endfacet
 facet normal  2.416051e-15  9.876883e-01 -1.564345e-01
   outer loop
     vertex  9.124213e-01 -1.458455e+01 -2.124016e+01
     vertex  9.459603e-01 -1.453501e+01 -2.092734e+01
     vertex  1.049285e+00 -1.454279e+01 -2.097649e+01
   endloop
 endfacet
 facet normal -7.169740e-15  9.876883e-01 -1.564345e-01
   outer loop
     vertex  9.124213e-01 -1.458455e+01 -2.124016e+01
     vertex  8.225742e-01 -1.457779e+01 -2.119743e+01
     vertex  9.459603e-01 -1.453501e+01 -2.092734e+01
   endloop
 endfacet
 facet normal -3.991272e-15  9.876883e-01 -1.564345e-01
   outer loop
     vertex -1.756443e+00 -1.501260e+01 -2.394272e+01
     vertex -2.019910e+00 -1.503504e+01 -2.408443e+01
     vertex -2.072228e+00 -1.501908e+01 -2.398364e+01
   endloop
 endfacet
 facet normal -3.973196e-15  9.876883e-01 -1.564345e-01
   outer loop
     vertex -1.756443e+00 -1.501260e+01 -2.394272e+01
     vertex -2.072228e+00 -1.501908e+01 -2.398364e+01
     vertex -1.801938e+00 -1.499872e+01 -2.385508e+01
   endloop
 endfacet
 facet normal -3.728540e-15  9.876883e-01 -1.564345e-01
   outer loop
     vertex  1.000000e+00 -1.459202e+01 -2.128727e+01
     vertex  1.049285e+00 -1.454279e+01 -2.097649e+01
     vertex  1.150000e+00 -1.455137e+01 -2.103066e+01
   endloop
 endfacet
 facet normal  2.157468e-17  9.876883e-01 -1.564345e-01
   outer loop
     vertex  1.000000e+00 -1.459202e+01 -2.128727e+01
     vertex  9.124213e-01 -1.458455e+01 -2.124016e+01
     vertex  1.049285e+00 -1.454279e+01 -2.097649e+01
   endloop
 endfacet
 facet normal -1.935934e-15  9.876883e-01 -1.564345e-01
   outer loop
     vertex -1.706582e+00 -1.502611e+01 -2.402802e+01
     vertex -2.019910e+00 -1.503504e+01 -2.408443e+01
     vertex -1.756443e+00 -1.501260e+01 -2.394272e+01
   endloop
 endfacet
 facet normal -2.314576e-15  9.876883e-01 -1.564345e-01
   outer loop
     vertex -1.706582e+00 -1.502611e+01 -2.402802e+01
     vertex -1.962569e+00 -1.505058e+01 -2.418253e+01
     vertex -2.019910e+00 -1.503504e+01 -2.408443e+01
   endloop
 endfacet
 facet normal -5.706566e-15  9.876883e-01 -1.564345e-01
   outer loop
     vertex  1.085093e+00 -1.460015e+01 -2.133863e+01
     vertex  1.150000e+00 -1.455137e+01 -2.103066e+01
     vertex  1.247856e+00 -1.456073e+01 -2.108972e+01
   endloop
 endfacet
 facet normal  5.240122e-15  9.876883e-01 -1.564345e-01
   outer loop
     vertex  1.085093e+00 -1.460015e+01 -2.133863e+01
     vertex  1.000000e+00 -1.459202e+01 -2.128727e+01
     vertex  1.150000e+00 -1.455137e+01 -2.103066e+01
   endloop
 endfacet
 facet normal -2.285570e-15  9.876883e-01 -1.564345e-01
   outer loop
     vertex -1.652478e+00 -1.503921e+01 -2.411076e+01
     vertex -1.900349e+00 -1.506565e+01 -2.427768e+01
     vertex -1.962569e+00 -1.505058e+01 -2.418253e+01
   endloop
 endfacet
 facet normal  7.530387e-16  9.876883e-01 -1.564345e-01
   outer loop
     vertex -1.652478e+00 -1.503921e+01 -2.411076e+01
     vertex -1.962569e+00 -1.505058e+01 -2.418253e+01
     vertex -1.706582e+00 -1.502611e+01 -2.402802e+01
   endloop
 endfacet
 facet normal  5.370914e-15  9.876883e-01 -1.564345e-01
   outer loop
     vertex  1.342610e+00 -1.457083e+01 -2.115353e+01
     vertex  1.085093e+00 -1.460015e+01 -2.133863e+01
     vertex  1.247856e+00 -1.456073e+01 -2.108972e+01
   endloop
 endfacet
 facet normal  2.276079e-15  9.876883e-01 -1.564345e-01
   outer loop
     vertex  1.167487e+00 -1.460894e+01 -2.139411e+01
     vertex  1.085093e+00 -1.460015e+01 -2.133863e+01
     vertex  1.342610e+00 -1.457083e+01 -2.115353e+01
   endloop
 endfacet
 facet normal  3.691840e-15  9.876883e-01 -1.564345e-01
   outer loop
     vertex -1.594265e+00 -1.505188e+01 -2.419073e+01
     vertex -1.900349e+00 -1.506565e+01 -2.427768e+01
     vertex -1.652478e+00 -1.503921e+01 -2.411076e+01
   endloop
 endfacet
 facet normal  3.818871e-15  9.876883e-01 -1.564345e-01
   outer loop
     vertex -1.594265e+00 -1.505188e+01 -2.419073e+01
     vertex -1.833405e+00 -1.508022e+01 -2.436965e+01
     vertex -1.900349e+00 -1.506565e+01 -2.427768e+01
   endloop
 endfacet
 facet normal  4.540710e-16  9.876883e-01 -1.564345e-01
   outer loop
     vertex  1.246980e+00 -1.461836e+01 -2.145358e+01
     vertex  1.342610e+00 -1.457083e+01 -2.115353e+01
     vertex  1.434027e+00 -1.458167e+01 -2.122192e+01
   endloop
 endfacet
 facet normal -7.363633e-15  9.876883e-01 -1.564345e-01
   outer loop
     vertex  1.246980e+00 -1.461836e+01 -2.145358e+01
     vertex  1.167487e+00 -1.460894e+01 -2.139411e+01
     vertex  1.342610e+00 -1.457083e+01 -2.115353e+01
   endloop
 endfacet
 facet normal  6.953643e-15  9.876883e-01 -1.564345e-01
   outer loop
     vertex -1.761902e+00 -1.509424e+01 -2.445820e+01
     vertex -1.833405e+00 -1.508022e+01 -2.436965e+01
     vertex -1.594265e+00 -1.505188e+01 -2.419073e+01
   endloop
 endfacet
 facet normal -1.118098e-14  9.876883e-01 -1.564345e-01
   outer loop
     vertex -1.532089e+00 -1.506408e+01 -2.426774e+01
     vertex -1.761902e+00 -1.509424e+01 -2.445820e+01
     vertex -1.594265e+00 -1.505188e+01 -2.419073e+01
   endloop
 endfacet
 facet normal -1.045587e-14  9.876883e-01 -1.564345e-01
   outer loop
     vertex  1.323372e+00 -1.462838e+01 -2.151689e+01
     vertex  1.434027e+00 -1.458167e+01 -2.122192e+01
     vertex  1.521877e+00 -1.459320e+01 -2.129473e+01
   endloop
 endfacet
 facet normal  4.826173e-15  9.876883e-01 -1.564345e-01
   outer loop
     vertex  1.323372e+00 -1.462838e+01 -2.151689e+01
     vertex  1.246980e+00 -1.461836e+01 -2.145358e+01
     vertex  1.434027e+00 -1.458167e+01 -2.122192e+01
   endloop
 endfacet
 facet normal -4.297594e-15  9.876883e-01 -1.564345e-01
   outer loop
     vertex -1.466104e+00 -1.507577e+01 -2.434159e+01
     vertex -1.686019e+00 -1.510769e+01 -2.454313e+01
     vertex -1.761902e+00 -1.509424e+01 -2.445820e+01
   endloop
 endfacet
 facet normal -3.884288e-17  9.876883e-01 -1.564345e-01
   outer loop
     vertex -1.466104e+00 -1.507577e+01 -2.434159e+01
     vertex -1.761902e+00 -1.509424e+01 -2.445820e+01
     vertex -1.532089e+00 -1.506408e+01 -2.426774e+01
   endloop
 endfacet
 facet normal  9.244882e-15  9.876883e-01 -1.564345e-01
   outer loop
     vertex  1.396474e+00 -1.463900e+01 -2.158389e+01
     vertex  1.521877e+00 -1.459320e+01 -2.129473e+01
     vertex  1.605945e+00 -1.460540e+01 -2.137177e+01
   endloop
 endfacet
 facet normal -2.750417e-15  9.876883e-01 -1.564345e-01
   outer loop
     vertex  1.396474e+00 -1.463900e+01 -2.158389e+01
     vertex  1.323372e+00 -1.462838e+01 -2.151689e+01
     vertex  1.521877e+00 -1.459320e+01 -2.129473e+01
   endloop
 endfacet
 facet normal  7.360780e-15  9.876883e-01 -1.564345e-01
   outer loop
     vertex -1.605945e+00 -1.512054e+01 -2.462422e+01
     vertex -1.466104e+00 -1.507577e+01 -2.434159e+01
     vertex -1.396474e+00 -1.508694e+01 -2.441210e+01
   endloop
 endfacet
 facet normal  8.289344e-16  9.876883e-01 -1.564345e-01
   outer loop
     vertex -1.605945e+00 -1.512054e+01 -2.462422e+01
     vertex -1.686019e+00 -1.510769e+01 -2.454313e+01
     vertex -1.466104e+00 -1.507577e+01 -2.434159e+01
   endloop
 endfacet
 facet normal -1.260967e-15  9.876883e-01 -1.564345e-01
   outer loop
     vertex  1.466104e+00 -1.465016e+01 -2.165440e+01
     vertex  1.396474e+00 -1.463900e+01 -2.158389e+01
     vertex  1.605945e+00 -1.460540e+01 -2.137177e+01
   endloop
 endfacet
 facet normal -9.257228e-16  9.876883e-01 -1.564345e-01
   outer loop
     vertex  1.686019e+00 -1.461824e+01 -2.145286e+01
     vertex  1.466104e+00 -1.465016e+01 -2.165440e+01
     vertex  1.605945e+00 -1.460540e+01 -2.137177e+01
   endloop
 endfacet
 facet normal -8.165705e-15  9.876883e-01 -1.564345e-01
   outer loop
     vertex -1.323372e+00 -1.509755e+01 -2.447909e+01
     vertex -1.605945e+00 -1.512054e+01 -2.462422e+01
     vertex -1.396474e+00 -1.508694e+01 -2.441210e+01
   endloop
 endfacet
 facet normal -3.751136e-15  9.876883e-01 -1.564345e-01
   outer loop
     vertex -1.521877e+00 -1.513274e+01 -2.470126e+01
     vertex -1.605945e+00 -1.512054e+01 -2.462422e+01
     vertex -1.323372e+00 -1.509755e+01 -2.447909e+01
   endloop
 endfacet
 facet normal -2.683147e-15  9.876883e-01 -1.564345e-01
   outer loop
     vertex  1.761902e+00 -1.463169e+01 -2.153778e+01
     vertex  1.466104e+00 -1.465016e+01 -2.165440e+01
     vertex  1.686019e+00 -1.461824e+01 -2.145286e+01
   endloop
 endfacet
 facet normal -6.320330e-16  9.876883e-01 -1.564345e-01
   outer loop
     vertex  1.761902e+00 -1.463169e+01 -2.153778e+01
     vertex  1.532089e+00 -1.466186e+01 -2.172825e+01
     vertex  1.466104e+00 -1.465016e+01 -2.165440e+01
   endloop
 endfacet
 facet normal  2.228740e-15  9.876883e-01 -1.564345e-01
   outer loop
     vertex -1.434027e+00 -1.514427e+01 -2.477407e+01
     vertex -1.521877e+00 -1.513274e+01 -2.470126e+01
     vertex -1.323372e+00 -1.509755e+01 -2.447909e+01
   endloop
 endfacet
 facet normal  2.260255e-15  9.876883e-01 -1.564345e-01
   outer loop
     vertex -1.434027e+00 -1.514427e+01 -2.477407e+01
     vertex -1.323372e+00 -1.509755e+01 -2.447909e+01
     vertex -1.246980e+00 -1.510758e+01 -2.454240e+01
   endloop
 endfacet
 facet normal  4.861117e-15  9.876883e-01 -1.564345e-01
   outer loop
     vertex  1.833405e+00 -1.464572e+01 -2.162634e+01
     vertex  1.532089e+00 -1.466186e+01 -2.172825e+01
     vertex  1.761902e+00 -1.463169e+01 -2.153778e+01
   endloop
 endfacet
 facet normal  2.077351e-15  9.876883e-01 -1.564345e-01
   outer loop
     vertex  1.833405e+00 -1.464572e+01 -2.162634e+01
     vertex  1.594265e+00 -1.467406e+01 -2.180525e+01
     vertex  1.532089e+00 -1.466186e+01 -2.172825e+01
   endloop
 endfacet
 facet normal  5.760460e-15  9.876883e-01 -1.564345e-01
   outer loop
     vertex -1.167487e+00 -1.511700e+01 -2.460188e+01
     vertex -1.434027e+00 -1.514427e+01 -2.477407e+01
     vertex -1.246980e+00 -1.510758e+01 -2.454240e+01
   endloop
 endfacet
 facet normal  3.248721e-17  9.876883e-01 -1.564345e-01
   outer loop
     vertex -1.342610e+00 -1.515510e+01 -2.484246e+01
     vertex -1.434027e+00 -1.514427e+01 -2.477407e+01
     vertex -1.167487e+00 -1.511700e+01 -2.460188e+01
   endloop
 endfacet
 facet normal  3.558072e-15  9.876883e-01 -1.564345e-01
   outer loop
     vertex  1.652478e+00 -1.468672e+01 -2.188522e+01
     vertex  1.594265e+00 -1.467406e+01 -2.180525e+01
     vertex  1.833405e+00 -1.464572e+01 -2.162634e+01
   endloop
 endfacet
 facet normal -2.973826e-16  9.876883e-01 -1.564345e-01
   outer loop
     vertex  1.900349e+00 -1.466029e+01 -2.171831e+01
     vertex  1.652478e+00 -1.468672e+01 -2.188522e+01
     vertex  1.833405e+00 -1.464572e+01 -2.162634e+01
   endloop
 endfacet
 facet normal  3.221110e-15  9.876883e-01 -1.564345e-01
   outer loop
     vertex  1.706582e+00 -1.469983e+01 -2.196796e+01
     vertex  1.652478e+00 -1.468672e+01 -2.188522e+01
     vertex  1.900349e+00 -1.466029e+01 -2.171831e+01
   endloop
 endfacet
 facet normal -7.812725e-15  9.876883e-01 -1.564345e-01
   outer loop
     vertex -1.247856e+00 -1.516521e+01 -2.490627e+01
     vertex -1.167487e+00 -1.511700e+01 -2.460188e+01
     vertex -1.085093e+00 -1.512579e+01 -2.465736e+01
   endloop
 endfacet
 facet normal -1.152342e-15  9.876883e-01 -1.564345e-01
   outer loop
     vertex -1.247856e+00 -1.516521e+01 -2.490627e+01
     vertex -1.342610e+00 -1.515510e+01 -2.484246e+01
     vertex -1.167487e+00 -1.511700e+01 -2.460188e+01
   endloop
 endfacet
 facet normal -5.723252e-16  9.876883e-01 -1.564345e-01
   outer loop
     vertex -1.000000e+00 -1.513392e+01 -2.470872e+01
     vertex -1.247856e+00 -1.516521e+01 -2.490627e+01
     vertex -1.085093e+00 -1.512579e+01 -2.465736e+01
   endloop
 endfacet
 facet normal -7.344955e-15  9.876883e-01 -1.564345e-01
   outer loop
     vertex  1.962569e+00 -1.467536e+01 -2.181346e+01
     vertex  1.706582e+00 -1.469983e+01 -2.196796e+01
     vertex  1.900349e+00 -1.466029e+01 -2.171831e+01
   endloop
 endfacet
 facet normal  6.319011e-15  9.876883e-01 -1.564345e-01
   outer loop
     vertex -1.150000e+00 -1.517456e+01 -2.496533e+01
     vertex -1.247856e+00 -1.516521e+01 -2.490627e+01
     vertex -1.000000e+00 -1.513392e+01 -2.470872e+01
   endloop
 endfacet
 facet normal -6.889564e-15  9.876883e-01 -1.564345e-01
   outer loop
     vertex  2.019910e+00 -1.469089e+01 -2.191155e+01
     vertex  1.756443e+00 -1.471334e+01 -2.205326e+01
     vertex  1.706582e+00 -1.469983e+01 -2.196796e+01
   endloop
 endfacet
 facet normal -3.923156e-15  9.876883e-01 -1.564345e-01
   outer loop
     vertex  2.019910e+00 -1.469089e+01 -2.191155e+01
     vertex  1.706582e+00 -1.469983e+01 -2.196796e+01
     vertex  1.962569e+00 -1.467536e+01 -2.181346e+01
   endloop
 endfacet
 facet normal -1.556731e-14  9.876883e-01 -1.564345e-01
   outer loop
     vertex -1.049285e+00 -1.518314e+01 -2.501950e+01
     vertex -1.150000e+00 -1.517456e+01 -2.496533e+01
     vertex -1.000000e+00 -1.513392e+01 -2.470872e+01
   endloop
 endfacet
 facet normal -8.528648e-16  9.876883e-01 -1.564345e-01
   outer loop
     vertex -1.049285e+00 -1.518314e+01 -2.501950e+01
     vertex -1.000000e+00 -1.513392e+01 -2.470872e+01
     vertex -9.124213e-01 -1.514138e+01 -2.475582e+01
   endloop
 endfacet
 facet normal  7.218304e-15  9.876883e-01 -1.564345e-01
   outer loop
     vertex  2.072228e+00 -1.470686e+01 -2.201235e+01
     vertex  1.801938e+00 -1.472722e+01 -2.214091e+01
     vertex  1.756443e+00 -1.471334e+01 -2.205326e+01
   endloop
 endfacet
 facet normal -3.280492e-15  9.876883e-01 -1.564345e-01
   outer loop
     vertex  2.072228e+00 -1.470686e+01 -2.201235e+01
     vertex  1.842952e+00 -1.474144e+01 -2.223069e+01
     vertex  1.801938e+00 -1.472722e+01 -2.214091e+01
   endloop
 endfacet
 facet normal  6.885514e-15  9.876883e-01 -1.564345e-01
   outer loop
     vertex  2.072228e+00 -1.470686e+01 -2.201235e+01
     vertex  1.756443e+00 -1.471334e+01 -2.205326e+01
     vertex  2.019910e+00 -1.469089e+01 -2.191155e+01
   endloop
 endfacet
 facet normal  3.812304e-15  9.876883e-01 -1.564345e-01
   outer loop
     vertex -9.459603e-01 -1.519093e+01 -2.506865e+01
     vertex -9.124213e-01 -1.514138e+01 -2.475582e+01
     vertex -8.225742e-01 -1.514815e+01 -2.479856e+01
   endloop
 endfacet
 facet normal  1.606743e-15  9.876883e-01 -1.564345e-01
   outer loop
     vertex -9.459603e-01 -1.519093e+01 -2.506865e+01
     vertex -1.049285e+00 -1.518314e+01 -2.501950e+01
     vertex -9.124213e-01 -1.514138e+01 -2.475582e+01
   endloop
 endfacet
 facet normal -3.417371e-15  9.876883e-01 -1.564345e-01
   outer loop
     vertex  2.119395e+00 -1.472321e+01 -2.211559e+01
     vertex  1.842952e+00 -1.474144e+01 -2.223069e+01
     vertex  2.072228e+00 -1.470686e+01 -2.201235e+01
   endloop
 endfacet
 facet normal  3.705715e-15  9.876883e-01 -1.564345e-01
   outer loop
     vertex -8.402844e-01 -1.519790e+01 -2.511264e+01
     vertex -8.225742e-01 -1.514815e+01 -2.479856e+01
     vertex -7.306820e-01 -1.515421e+01 -2.483682e+01
   endloop
 endfacet
 facet normal  1.804557e-15  9.876883e-01 -1.564345e-01
   outer loop
     vertex -8.402844e-01 -1.519790e+01 -2.511264e+01
     vertex -9.459603e-01 -1.519093e+01 -2.506865e+01
     vertex -8.225742e-01 -1.514815e+01 -2.479856e+01
   endloop
 endfacet
 facet normal  6.126983e-16  9.876883e-01 -1.564345e-01
   outer loop
     vertex  2.161293e+00 -1.473991e+01 -2.222103e+01
     vertex  1.879385e+00 -1.475596e+01 -2.232237e+01
     vertex  1.842952e+00 -1.474144e+01 -2.223069e+01
   endloop
 endfacet
 facet normal  1.595840e-16  9.876883e-01 -1.564345e-01
   outer loop
     vertex  2.161293e+00 -1.473991e+01 -2.222103e+01
     vertex  1.842952e+00 -1.474144e+01 -2.223069e+01
     vertex  2.119395e+00 -1.472321e+01 -2.211559e+01
   endloop
 endfacet
 facet normal  2.714800e-15  9.876883e-01 -1.564345e-01
   outer loop
     vertex -7.325193e-01 -1.520403e+01 -2.515138e+01
     vertex -7.306820e-01 -1.515421e+01 -2.483682e+01
     vertex -6.369733e-01 -1.515955e+01 -2.487051e+01
   endloop
 endfacet
 facet normal  9.405850e-16  9.876883e-01 -1.564345e-01
   outer loop
     vertex -7.325193e-01 -1.520403e+01 -2.515138e+01
     vertex -8.402844e-01 -1.519790e+01 -2.511264e+01
     vertex -7.306820e-01 -1.515421e+01 -2.483682e+01
   endloop
 endfacet
 facet normal -4.583701e-15  9.876883e-01 -1.564345e-01
   outer loop
     vertex  2.197817e+00 -1.475692e+01 -2.232840e+01
     vertex  1.879385e+00 -1.475596e+01 -2.232237e+01
     vertex  2.161293e+00 -1.473991e+01 -2.222103e+01
   endloop
 endfacet
 facet normal -4.566389e-15  9.876883e-01 -1.564345e-01
   outer loop
     vertex  2.197817e+00 -1.475692e+01 -2.232840e+01
     vertex  1.911146e+00 -1.477075e+01 -2.241574e+01
     vertex  1.879385e+00 -1.475596e+01 -2.232237e+01
   endloop
 endfacet
 facet normal -6.984869e-15  9.876883e-01 -1.564345e-01
   outer loop
     vertex  2.197817e+00 -1.475692e+01 -2.232840e+01
     vertex  1.938155e+00 -1.478577e+01 -2.251055e+01
     vertex  1.911146e+00 -1.477075e+01 -2.241574e+01
   endloop
 endfacet
 facet normal -6.312441e-15  9.876883e-01 -1.564345e-01
   outer loop
     vertex -6.229331e-01 -1.520932e+01 -2.518477e+01
     vertex -6.369733e-01 -1.515955e+01 -2.487051e+01
     vertex -5.416809e-01 -1.516414e+01 -2.489954e+01
   endloop
 endfacet
 facet normal  4.996898e-15  9.876883e-01 -1.564345e-01
   outer loop
     vertex -6.229331e-01 -1.520932e+01 -2.518477e+01
     vertex -7.325193e-01 -1.520403e+01 -2.515138e+01
     vertex -6.369733e-01 -1.515955e+01 -2.487051e+01
   endloop
 endfacet
 facet normal  5.920666e-15  9.876883e-01 -1.564345e-01
   outer loop
     vertex  2.228878e+00 -1.477419e+01 -2.243744e+01
     vertex  1.938155e+00 -1.478577e+01 -2.251055e+01
     vertex  2.197817e+00 -1.475692e+01 -2.232840e+01
   endloop
 endfacet
 facet normal -3.741814e-15  9.876883e-01 -1.564345e-01
   outer loop
     vertex -5.117981e-01 -1.521375e+01 -2.521272e+01
     vertex -4.450419e-01 -1.516799e+01 -2.492384e+01
     vertex -3.472964e-01 -1.517108e+01 -2.494336e+01
   endloop
 endfacet
 facet normal -3.458846e-15  9.876883e-01 -1.564345e-01
   outer loop
     vertex -5.117981e-01 -1.521375e+01 -2.521272e+01
     vertex -5.416809e-01 -1.516414e+01 -2.489954e+01
     vertex -4.450419e-01 -1.516799e+01 -2.492384e+01
   endloop
 endfacet
 facet normal  7.345938e-15  9.876883e-01 -1.564345e-01
   outer loop
     vertex -5.117981e-01 -1.521375e+01 -2.521272e+01
     vertex -6.229331e-01 -1.520932e+01 -2.518477e+01
     vertex -5.416809e-01 -1.516414e+01 -2.489954e+01
   endloop
 endfacet
 facet normal  2.140408e-15  9.876883e-01 -1.564345e-01
   outer loop
     vertex  2.254397e+00 -1.479168e+01 -2.254787e+01
     vertex  1.960345e+00 -1.480097e+01 -2.260658e+01
     vertex  1.938155e+00 -1.478577e+01 -2.251055e+01
   endloop
 endfacet
 facet normal  2.492714e-15  9.876883e-01 -1.564345e-01
   outer loop
     vertex  2.254397e+00 -1.479168e+01 -2.254787e+01
     vertex  1.938155e+00 -1.478577e+01 -2.251055e+01
     vertex  2.228878e+00 -1.477419e+01 -2.243744e+01
   endloop
 endfacet
 facet normal -1.210373e-14  9.876883e-01 -1.564345e-01
   outer loop
     vertex -3.993908e-01 -1.521730e+01 -2.523516e+01
     vertex -5.117981e-01 -1.521375e+01 -2.521272e+01
     vertex -3.472964e-01 -1.517108e+01 -2.494336e+01
   endloop
 endfacet
 facet normal  1.169383e-15  9.876883e-01 -1.564345e-01
   outer loop
     vertex  2.274311e+00 -1.480934e+01 -2.265942e+01
     vertex  1.977662e+00 -1.481634e+01 -2.270358e+01
     vertex  1.960345e+00 -1.480097e+01 -2.260658e+01
   endloop
 endfacet
 facet normal  2.338774e-15  9.876883e-01 -1.564345e-01
   outer loop
     vertex  2.274311e+00 -1.480934e+01 -2.265942e+01
     vertex  1.960345e+00 -1.480097e+01 -2.260658e+01
     vertex  2.254397e+00 -1.479168e+01 -2.254787e+01
   endloop
 endfacet
 facet normal  6.717382e-15  9.876883e-01 -1.564345e-01
   outer loop
     vertex -2.859905e-01 -1.521998e+01 -2.525205e+01
     vertex -3.472964e-01 -1.517108e+01 -2.494336e+01
     vertex -2.486874e-01 -1.517341e+01 -2.495804e+01
   endloop
 endfacet
 facet normal  5.573033e-15  9.876883e-01 -1.564345e-01
   outer loop
     vertex -2.859905e-01 -1.521998e+01 -2.525205e+01
     vertex -3.993908e-01 -1.521730e+01 -2.523516e+01
     vertex -3.472964e-01 -1.517108e+01 -2.494336e+01
   endloop
 endfacet
 facet normal  9.814683e-16  9.876883e-01 -1.564345e-01
   outer loop
     vertex  2.288571e+00 -1.482714e+01 -2.277181e+01
     vertex  1.977662e+00 -1.481634e+01 -2.270358e+01
     vertex  2.274311e+00 -1.480934e+01 -2.265942e+01
   endloop
 endfacet
 facet normal  2.188003e-15  9.876883e-01 -1.564345e-01
   outer loop
     vertex  2.288571e+00 -1.482714e+01 -2.277181e+01
     vertex  1.990062e+00 -1.483182e+01 -2.280131e+01
     vertex  1.977662e+00 -1.481634e+01 -2.270358e+01
   endloop
 endfacet
 facet normal -8.534929e-15  9.876883e-01 -1.564345e-01
   outer loop
     vertex -1.718792e-01 -1.522176e+01 -2.526332e+01
     vertex -2.859905e-01 -1.521998e+01 -2.525205e+01
     vertex -2.486874e-01 -1.517341e+01 -2.495804e+01
   endloop
 endfacet
 facet normal  5.210646e-15  9.876883e-01 -1.564345e-01
   outer loop
     vertex -1.718792e-01 -1.522176e+01 -2.526332e+01
     vertex -2.486874e-01 -1.517341e+01 -2.495804e+01
     vertex -1.494602e-01 -1.517496e+01 -2.496785e+01
   endloop
 endfacet
 facet normal  2.586720e-15  9.876883e-01 -1.564345e-01
   outer loop
     vertex  2.297141e+00 -1.484503e+01 -2.288476e+01
     vertex  1.990062e+00 -1.483182e+01 -2.280131e+01
     vertex  2.288571e+00 -1.482714e+01 -2.277181e+01
   endloop
 endfacet
 facet normal  1.817381e-15  9.876883e-01 -1.564345e-01
   outer loop
     vertex  2.297141e+00 -1.484503e+01 -2.288476e+01
     vertex  1.997514e+00 -1.484737e+01 -2.289953e+01
     vertex  1.990062e+00 -1.483182e+01 -2.280131e+01
   endloop
 endfacet
 facet normal -7.271321e-17  9.876883e-01 -1.564345e-01
   outer loop
     vertex -5.734059e-02 -1.522266e+01 -2.526897e+01
     vertex -1.718792e-01 -1.522176e+01 -2.526332e+01
     vertex -1.494602e-01 -1.517496e+01 -2.496785e+01
   endloop
 endfacet
 facet normal -2.117394e-15  9.876883e-01 -1.564345e-01
   outer loop
     vertex -5.734059e-02 -1.522266e+01 -2.526897e+01
     vertex -1.494602e-01 -1.517496e+01 -2.496785e+01
     vertex -4.986138e-02 -1.517574e+01 -2.497276e+01
   endloop
 endfacet
 facet normal  1.107383e-15  9.876883e-01 -1.564345e-01
   outer loop
     vertex  2.300000e+00 -1.486297e+01 -2.299799e+01
     vertex  1.997514e+00 -1.484737e+01 -2.289953e+01
     vertex  2.297141e+00 -1.484503e+01 -2.288476e+01
   endloop
 endfacet
 facet normal  0.000000e+00  9.876883e-01 -1.564345e-01
   outer loop
     vertex  2.300000e+00 -1.486297e+01 -2.299799e+01
     vertex  2.000000e+00 -1.486297e+01 -2.299799e+01
     vertex  1.997514e+00 -1.484737e+01 -2.289953e+01
   endloop
 endfacet
 facet normal  0.000000e+00  9.876883e-01 -1.564345e-01
   outer loop
     vertex  5.734059e-02 -1.522266e+01 -2.526897e+01
     vertex -5.734059e-02 -1.522266e+01 -2.526897e+01
     vertex -4.986138e-02 -1.517574e+01 -2.497276e+01
   endloop
 endfacet
 facet normal  1.359730e-17  9.876883e-01 -1.564345e-01
   outer loop
     vertex  5.734059e-02 -1.522266e+01 -2.526897e+01
     vertex -4.986138e-02 -1.517574e+01 -2.497276e+01
     vertex  4.986138e-02 -1.517574e+01 -2.497276e+01
   endloop
 endfacet
 facet normal  2.755635e-19  9.876883e-01 -1.564345e-01
   outer loop
     vertex  2.297141e+00 -1.488090e+01 -2.311123e+01
     vertex  2.000000e+00 -1.486297e+01 -2.299799e+01
     vertex  2.300000e+00 -1.486297e+01 -2.299799e+01
   endloop
 endfacet
 facet normal  2.310678e-15  9.876883e-01 -1.564345e-01
   outer loop
     vertex  2.297141e+00 -1.488090e+01 -2.311123e+01
     vertex  1.997514e+00 -1.487856e+01 -2.309646e+01
     vertex  2.000000e+00 -1.486297e+01 -2.299799e+01
   endloop
 endfacet
 facet normal  1.055218e-16  9.876883e-01 -1.564345e-01
   outer loop
     vertex  1.718792e-01 -1.522176e+01 -2.526332e+01
     vertex  5.734059e-02 -1.522266e+01 -2.526897e+01
     vertex  4.986138e-02 -1.517574e+01 -2.497276e+01
   endloop
 endfacet
 facet normal  7.538148e-15  9.876883e-01 -1.564345e-01
   outer loop
     vertex  1.718792e-01 -1.522176e+01 -2.526332e+01
     vertex  4.986138e-02 -1.517574e+01 -2.497276e+01
     vertex  1.494602e-01 -1.517496e+01 -2.496785e+01
   endloop
 endfacet
 facet normal  1.033200e-15  9.876883e-01 -1.564345e-01
   outer loop
     vertex  2.288571e+00 -1.489879e+01 -2.322418e+01
     vertex  1.990062e+00 -1.489412e+01 -2.319468e+01
     vertex  1.997514e+00 -1.487856e+01 -2.309646e+01
   endloop
 endfacet
 facet normal  3.311422e-15  9.876883e-01 -1.564345e-01
   outer loop
     vertex  2.288571e+00 -1.489879e+01 -2.322418e+01
     vertex  1.997514e+00 -1.487856e+01 -2.309646e+01
     vertex  2.297141e+00 -1.488090e+01 -2.311123e+01
   endloop
 endfacet
 facet normal -1.028204e-14  9.876883e-01 -1.564345e-01
   outer loop
     vertex  2.859905e-01 -1.521998e+01 -2.525205e+01
     vertex  1.494602e-01 -1.517496e+01 -2.496785e+01
     vertex  2.486874e-01 -1.517341e+01 -2.495804e+01
   endloop
 endfacet
 facet normal  7.907288e-15  9.876883e-01 -1.564345e-01
   outer loop
     vertex  2.859905e-01 -1.521998e+01 -2.525205e+01
     vertex  1.718792e-01 -1.522176e+01 -2.526332e+01
     vertex  1.494602e-01 -1.517496e+01 -2.496785e+01
   endloop
 endfacet
 facet normal -6.506493e-15  9.876883e-01 -1.564345e-01
   outer loop
     vertex  2.274311e+00 -1.491659e+01 -2.333657e+01
     vertex  1.977662e+00 -1.490960e+01 -2.329241e+01
     vertex  1.990062e+00 -1.489412e+01 -2.319468e+01
   endloop
 endfacet
 facet normal -2.196014e-15  9.876883e-01 -1.564345e-01
   outer loop
     vertex  2.274311e+00 -1.491659e+01 -2.333657e+01
     vertex  1.960345e+00 -1.492496e+01 -2.338941e+01
     vertex  1.977662e+00 -1.490960e+01 -2.329241e+01
   endloop
 endfacet
 facet normal -5.867875e-16  9.876883e-01 -1.564345e-01
   outer loop
     vertex  2.274311e+00 -1.491659e+01 -2.333657e+01
     vertex  1.990062e+00 -1.489412e+01 -2.319468e+01
     vertex  2.288571e+00 -1.489879e+01 -2.322418e+01
   endloop
 endfacet
 facet normal  3.028948e-15  9.876883e-01 -1.564345e-01
   outer loop
     vertex  3.993908e-01 -1.521730e+01 -2.523516e+01
     vertex  3.472964e-01 -1.517108e+01 -2.494336e+01
     vertex  4.450419e-01 -1.516799e+01 -2.492384e+01
   endloop
 endfacet
 facet normal -6.665657e-15  9.876883e-01 -1.564345e-01
   outer loop
     vertex  3.993908e-01 -1.521730e+01 -2.523516e+01
     vertex  2.486874e-01 -1.517341e+01 -2.495804e+01
     vertex  3.472964e-01 -1.517108e+01 -2.494336e+01
   endloop
 endfacet
 facet normal -5.627163e-15  9.876883e-01 -1.564345e-01
   outer loop
     vertex  3.993908e-01 -1.521730e+01 -2.523516e+01
     vertex  2.859905e-01 -1.521998e+01 -2.525205e+01
     vertex  2.486874e-01 -1.517341e+01 -2.495804e+01
   endloop
 endfacet
 facet normal  6.324656e-16  9.876883e-01 -1.564345e-01
   outer loop
     vertex  2.254397e+00 -1.493426e+01 -2.344812e+01
     vertex  1.960345e+00 -1.492496e+01 -2.338941e+01
     vertex  2.274311e+00 -1.491659e+01 -2.333657e+01
   endloop
 endfacet
 facet normal  1.270891e-14  9.876883e-01 -1.564345e-01
   outer loop
     vertex  5.117981e-01 -1.521375e+01 -2.521272e+01
     vertex  3.993908e-01 -1.521730e+01 -2.523516e+01
     vertex  4.450419e-01 -1.516799e+01 -2.492384e+01
   endloop
 endfacet
 facet normal  7.207631e-16  9.876883e-01 -1.564345e-01
   outer loop
     vertex  2.228878e+00 -1.495175e+01 -2.355855e+01
     vertex  1.938155e+00 -1.494017e+01 -2.348543e+01
     vertex  1.960345e+00 -1.492496e+01 -2.338941e+01
   endloop
 endfacet
 facet normal  2.314923e-15  9.876883e-01 -1.564345e-01
   outer loop
     vertex  2.228878e+00 -1.495175e+01 -2.355855e+01
     vertex  1.960345e+00 -1.492496e+01 -2.338941e+01
     vertex  2.254397e+00 -1.493426e+01 -2.344812e+01
   endloop
 endfacet
 facet normal -6.507177e-15  9.876883e-01 -1.564345e-01
   outer loop
     vertex  6.229331e-01 -1.520932e+01 -2.518477e+01
     vertex  5.117981e-01 -1.521375e+01 -2.521272e+01
     vertex  4.450419e-01 -1.516799e+01 -2.492384e+01
   endloop
 endfacet
 facet normal  5.746570e-15  9.876883e-01 -1.564345e-01
   outer loop
     vertex  6.229331e-01 -1.520932e+01 -2.518477e+01
     vertex  5.416809e-01 -1.516414e+01 -2.489954e+01
     vertex  6.369733e-01 -1.515955e+01 -2.487051e+01
   endloop
 endfacet
 facet normal  7.407088e-15  9.876883e-01 -1.564345e-01
   outer loop
     vertex  6.229331e-01 -1.520932e+01 -2.518477e+01
     vertex  4.450419e-01 -1.516799e+01 -2.492384e+01
     vertex  5.416809e-01 -1.516414e+01 -2.489954e+01
   endloop
 endfacet
 facet normal -5.626094e-15  9.876883e-01 -1.564345e-01
   outer loop
     vertex  2.197817e+00 -1.496902e+01 -2.366758e+01
     vertex  1.911146e+00 -1.495519e+01 -2.358025e+01
     vertex  1.938155e+00 -1.494017e+01 -2.348543e+01
   endloop
 endfacet
 facet normal -4.379145e-15  9.876883e-01 -1.564345e-01
   outer loop
     vertex  2.197817e+00 -1.496902e+01 -2.366758e+01
     vertex  1.879385e+00 -1.496998e+01 -2.367361e+01
     vertex  1.911146e+00 -1.495519e+01 -2.358025e+01
   endloop
 endfacet
 facet normal  1.699430e-15  9.876883e-01 -1.564345e-01
   outer loop
     vertex  2.197817e+00 -1.496902e+01 -2.366758e+01
     vertex  1.938155e+00 -1.494017e+01 -2.348543e+01
     vertex  2.228878e+00 -1.495175e+01 -2.355855e+01
   endloop
 endfacet
 facet normal -5.539234e-15  9.876883e-01 -1.564345e-01
   outer loop
     vertex  7.325193e-01 -1.520403e+01 -2.515138e+01
     vertex  6.229331e-01 -1.520932e+01 -2.518477e+01
     vertex  6.369733e-01 -1.515955e+01 -2.487051e+01
   endloop
 endfacet
 facet normal -3.489004e-15  9.876883e-01 -1.564345e-01
   outer loop
     vertex  2.161293e+00 -1.498603e+01 -2.377495e+01
     vertex  1.842952e+00 -1.498450e+01 -2.376530e+01
     vertex  1.879385e+00 -1.496998e+01 -2.367361e+01
   endloop
 endfacet
 facet normal -4.477975e-15  9.876883e-01 -1.564345e-01
   outer loop
     vertex  2.161293e+00 -1.498603e+01 -2.377495e+01
     vertex  1.879385e+00 -1.496998e+01 -2.367361e+01
     vertex  2.197817e+00 -1.496902e+01 -2.366758e+01
   endloop
 endfacet
 facet normal -8.876451e-15  9.876883e-01 -1.564345e-01
   outer loop
     vertex  8.402844e-01 -1.519790e+01 -2.511264e+01
     vertex  7.306820e-01 -1.515421e+01 -2.483682e+01
     vertex  8.225742e-01 -1.514815e+01 -2.479856e+01
   endloop
 endfacet
 facet normal -2.508786e-15  9.876883e-01 -1.564345e-01
   outer loop
     vertex  8.402844e-01 -1.519790e+01 -2.511264e+01
     vertex  6.369733e-01 -1.515955e+01 -2.487051e+01
     vertex  7.306820e-01 -1.515421e+01 -2.483682e+01
   endloop
 endfacet
 facet normal  2.826095e-15  9.876883e-01 -1.564345e-01
   outer loop
     vertex  8.402844e-01 -1.519790e+01 -2.511264e+01
     vertex  7.325193e-01 -1.520403e+01 -2.515138e+01
     vertex  6.369733e-01 -1.515955e+01 -2.487051e+01
   endloop
 endfacet
 facet normal -3.767187e-15  9.876883e-01 -1.564345e-01
   outer loop
     vertex  2.119395e+00 -1.500273e+01 -2.388039e+01
     vertex  1.842952e+00 -1.498450e+01 -2.376530e+01
     vertex  2.161293e+00 -1.498603e+01 -2.377495e+01
   endloop
 endfacet
 facet normal -6.218309e-15  9.876883e-01 -1.564345e-01
   outer loop
     vertex  9.459603e-01 -1.519093e+01 -2.506865e+01
     vertex  8.402844e-01 -1.519790e+01 -2.511264e+01
     vertex  8.225742e-01 -1.514815e+01 -2.479856e+01
   endloop
 endfacet
 facet normal -4.222865e-15  9.876883e-01 -1.564345e-01
   outer loop
     vertex  2.072228e+00 -1.501908e+01 -2.398364e+01
     vertex  1.842952e+00 -1.498450e+01 -2.376530e+01
     vertex  2.119395e+00 -1.500273e+01 -2.388039e+01
   endloop
 endfacet
 facet normal  6.931625e-15  9.876883e-01 -1.564345e-01
   outer loop
     vertex  2.072228e+00 -1.501908e+01 -2.398364e+01
     vertex  1.801938e+00 -1.499872e+01 -2.385508e+01
     vertex  1.842952e+00 -1.498450e+01 -2.376530e+01
   endloop
 endfacet
 facet normal -1.907183e-15  9.876883e-01 -1.564345e-01
   outer loop
     vertex  1.049285e+00 -1.518314e+01 -2.501950e+01
     vertex  9.459603e-01 -1.519093e+01 -2.506865e+01
     vertex  8.225742e-01 -1.514815e+01 -2.479856e+01
   endloop
 endfacet
 facet normal  6.841126e-16  9.876883e-01 -1.564345e-01
   outer loop
     vertex  1.049285e+00 -1.518314e+01 -2.501950e+01
     vertex  8.225742e-01 -1.514815e+01 -2.479856e+01
     vertex  9.124213e-01 -1.514138e+01 -2.475582e+01
   endloop
 endfacet
 facet normal -9.691527e-15  9.876883e-01 -1.564345e-01
   outer loop
     vertex  2.019910e+00 -1.503504e+01 -2.408443e+01
     vertex  1.756443e+00 -1.501260e+01 -2.394272e+01
     vertex  1.801938e+00 -1.499872e+01 -2.385508e+01
   endloop
 endfacet
 facet normal  4.026295e-15  9.876883e-01 -1.564345e-01
   outer loop
     vertex  2.019910e+00 -1.503504e+01 -2.408443e+01
     vertex  1.801938e+00 -1.499872e+01 -2.385508e+01
     vertex  2.072228e+00 -1.501908e+01 -2.398364e+01
   endloop
 endfacet
 facet normal -1.162275e-15  9.876883e-01 -1.564345e-01
   outer loop
     vertex  1.150000e+00 -1.517456e+01 -2.496533e+01
     vertex  1.049285e+00 -1.518314e+01 -2.501950e+01
     vertex  9.124213e-01 -1.514138e+01 -2.475582e+01
   endloop
 endfacet
 facet normal -2.590714e-16  9.876883e-01 -1.564345e-01
   outer loop
     vertex  1.150000e+00 -1.517456e+01 -2.496533e+01
     vertex  9.124213e-01 -1.514138e+01 -2.475582e+01
     vertex  1.000000e+00 -1.513392e+01 -2.470872e+01
   endloop
 endfacet
 facet normal -2.171455e-15  9.876883e-01 -1.564345e-01
   outer loop
     vertex  1.962569e+00 -1.505058e+01 -2.418253e+01
     vertex  1.756443e+00 -1.501260e+01 -2.394272e+01
     vertex  2.019910e+00 -1.503504e+01 -2.408443e+01
   endloop
 endfacet
 facet normal  5.946711e-15  9.876883e-01 -1.564345e-01
   outer loop
     vertex  1.962569e+00 -1.505058e+01 -2.418253e+01
     vertex  1.706582e+00 -1.502611e+01 -2.402802e+01
     vertex  1.756443e+00 -1.501260e+01 -2.394272e+01
   endloop
 endfacet
 facet normal  7.122517e-15  9.876883e-01 -1.564345e-01
   outer loop
     vertex  1.247856e+00 -1.516521e+01 -2.490627e+01
     vertex  1.150000e+00 -1.517456e+01 -2.496533e+01
     vertex  1.000000e+00 -1.513392e+01 -2.470872e+01
   endloop
 endfacet
 facet normal -3.140949e-15  9.876883e-01 -1.564345e-01
   outer loop
     vertex  1.247856e+00 -1.516521e+01 -2.490627e+01
     vertex  1.000000e+00 -1.513392e+01 -2.470872e+01
     vertex  1.085093e+00 -1.512579e+01 -2.465736e+01
   endloop
 endfacet
 facet normal -4.790133e-15  9.876883e-01 -1.564345e-01
   outer loop
     vertex  1.900349e+00 -1.506565e+01 -2.427768e+01
     vertex  1.652478e+00 -1.503921e+01 -2.411076e+01
     vertex  1.706582e+00 -1.502611e+01 -2.402802e+01
   endloop
 endfacet
 facet normal  1.706343e-15  9.876883e-01 -1.564345e-01
   outer loop
     vertex  1.900349e+00 -1.506565e+01 -2.427768e+01
     vertex  1.706582e+00 -1.502611e+01 -2.402802e+01
     vertex  1.962569e+00 -1.505058e+01 -2.418253e+01
   endloop
 endfacet
 facet normal -6.614088e-16  9.876883e-01 -1.564345e-01
   outer loop
     vertex  1.342610e+00 -1.515510e+01 -2.484246e+01
     vertex  1.247856e+00 -1.516521e+01 -2.490627e+01
     vertex  1.085093e+00 -1.512579e+01 -2.465736e+01
   endloop
 endfacet
 facet normal  6.425628e-15  9.876883e-01 -1.564345e-01
   outer loop
     vertex  1.342610e+00 -1.515510e+01 -2.484246e+01
     vertex  1.085093e+00 -1.512579e+01 -2.465736e+01
     vertex  1.167487e+00 -1.511700e+01 -2.460188e+01
   endloop
 endfacet
 facet normal -3.939175e-15  9.876883e-01 -1.564345e-01
   outer loop
     vertex  1.833405e+00 -1.508022e+01 -2.436965e+01
     vertex  1.652478e+00 -1.503921e+01 -2.411076e+01
     vertex  1.900349e+00 -1.506565e+01 -2.427768e+01
   endloop
 endfacet
 facet normal -3.553772e-15  9.876883e-01 -1.564345e-01
   outer loop
     vertex  1.833405e+00 -1.508022e+01 -2.436965e+01
     vertex  1.594265e+00 -1.505188e+01 -2.419073e+01
     vertex  1.652478e+00 -1.503921e+01 -2.411076e+01
   endloop
 endfacet
 facet normal -5.442086e-15  9.876883e-01 -1.564345e-01
   outer loop
     vertex  1.833405e+00 -1.508022e+01 -2.436965e+01
     vertex  1.532089e+00 -1.506408e+01 -2.426774e+01
     vertex  1.594265e+00 -1.505188e+01 -2.419073e+01
   endloop
 endfacet
 facet normal -2.807719e-17  9.876883e-01 -1.564345e-01
   outer loop
     vertex  1.434027e+00 -1.514427e+01 -2.477407e+01
     vertex  1.342610e+00 -1.515510e+01 -2.484246e+01
     vertex  1.167487e+00 -1.511700e+01 -2.460188e+01
   endloop
 endfacet
 facet normal -5.753320e-15  9.876883e-01 -1.564345e-01
   outer loop
     vertex  1.434027e+00 -1.514427e+01 -2.477407e+01
     vertex  1.167487e+00 -1.511700e+01 -2.460188e+01
     vertex  1.246980e+00 -1.510758e+01 -2.454240e+01
   endloop
 endfacet
 facet normal -4.643517e-15  9.876883e-01 -1.564345e-01
   outer loop
     vertex  1.761902e+00 -1.509424e+01 -2.445820e+01
     vertex  1.532089e+00 -1.506408e+01 -2.426774e+01
     vertex  1.833405e+00 -1.508022e+01 -2.436965e+01
   endloop
 endfacet
 facet normal  1.053856e-14  9.876883e-01 -1.564345e-01
   outer loop
     vertex  1.521877e+00 -1.513274e+01 -2.470126e+01
     vertex  1.323372e+00 -1.509755e+01 -2.447909e+01
     vertex  1.396474e+00 -1.508694e+01 -2.441210e+01
   endloop
 endfacet
 facet normal -2.256999e-15  9.876883e-01 -1.564345e-01
   outer loop
     vertex  1.521877e+00 -1.513274e+01 -2.470126e+01
     vertex  1.246980e+00 -1.510758e+01 -2.454240e+01
     vertex  1.323372e+00 -1.509755e+01 -2.447909e+01
   endloop
 endfacet
 facet normal -2.235848e-15  9.876883e-01 -1.564345e-01
   outer loop
     vertex  1.521877e+00 -1.513274e+01 -2.470126e+01
     vertex  1.434027e+00 -1.514427e+01 -2.477407e+01
     vertex  1.246980e+00 -1.510758e+01 -2.454240e+01
   endloop
 endfacet
 facet normal  1.409594e-14  9.876883e-01 -1.564345e-01
   outer loop
     vertex  1.686019e+00 -1.510769e+01 -2.454313e+01
     vertex  1.466104e+00 -1.507577e+01 -2.434159e+01
     vertex  1.532089e+00 -1.506408e+01 -2.426774e+01
   endloop
 endfacet
 facet normal -1.902945e-15  9.876883e-01 -1.564345e-01
   outer loop
     vertex  1.686019e+00 -1.510769e+01 -2.454313e+01
     vertex  1.532089e+00 -1.506408e+01 -2.426774e+01
     vertex  1.761902e+00 -1.509424e+01 -2.445820e+01
   endloop
 endfacet
 facet normal -3.019784e-15  9.876883e-01 -1.564345e-01
   outer loop
     vertex  1.605945e+00 -1.512054e+01 -2.462422e+01
     vertex  1.521877e+00 -1.513274e+01 -2.470126e+01
     vertex  1.396474e+00 -1.508694e+01 -2.441210e+01
   endloop
 endfacet
 facet normal -1.269256e-14  9.876883e-01 -1.564345e-01
   outer loop
     vertex  1.605945e+00 -1.512054e+01 -2.462422e+01
     vertex  1.396474e+00 -1.508694e+01 -2.441210e+01
     vertex  1.466104e+00 -1.507577e+01 -2.434159e+01
   endloop
 endfacet
 facet normal  3.788674e-15  9.876883e-01 -1.564345e-01
   outer loop
     vertex  1.605945e+00 -1.512054e+01 -2.462422e+01
     vertex  1.466104e+00 -1.507577e+01 -2.434159e+01
     vertex  1.686019e+00 -1.510769e+01 -2.454313e+01
   endloop
 endfacet
 facet normal  9.996892e-01  3.900019e-03  2.462375e-02
   outer loop
     vertex  2.000000e+00 -1.436912e+01 -2.307621e+01
     vertex  1.997514e+00 -1.484737e+01 -2.289953e+01
     vertex  2.000000e+00 -1.486297e+01 -2.299799e+01
   endloop
 endfacet
 facet normal  9.972038e-01  1.169036e-02  7.381004e-02
   outer loop
     vertex  1.997514e+00 -1.435353e+01 -2.297775e+01
     vertex  1.990062e+00 -1.483182e+01 -2.280131e+01
     vertex  1.997514e+00 -1.484737e+01 -2.289953e+01
   endloop
 endfacet
 facet normal  9.996892e-01  3.900019e-03  2.462375e-02
   outer loop
     vertex  1.997514e+00 -1.435353e+01 -2.297775e+01
     vertex  1.997514e+00 -1.484737e+01 -2.289953e+01
     vertex  2.000000e+00 -1.436912e+01 -2.307621e+01
   endloop
 endfacet
 facet normal  9.922392e-01  1.945164e-02  1.228128e-01
   outer loop
     vertex  1.990062e+00 -1.433797e+01 -2.287953e+01
     vertex  1.977662e+00 -1.481634e+01 -2.270358e+01
     vertex  1.990062e+00 -1.483182e+01 -2.280131e+01
   endloop
 endfacet
 facet normal  9.972038e-01  1.169036e-02  7.381004e-02
   outer loop
     vertex  1.990062e+00 -1.433797e+01 -2.287953e+01
     vertex  1.990062e+00 -1.483182e+01 -2.280131e+01
     vertex  1.997514e+00 -1.435353e+01 -2.297775e+01
   endloop
 endfacet
 facet normal  9.848078e-01  2.716456e-02  1.715103e-01
   outer loop
     vertex  1.977662e+00 -1.432249e+01 -2.278180e+01
     vertex  1.960345e+00 -1.480097e+01 -2.260658e+01
     vertex  1.977662e+00 -1.481634e+01 -2.270358e+01
   endloop
 endfacet
 facet normal  9.922392e-01  1.945164e-02  1.228128e-01
   outer loop
     vertex  1.977662e+00 -1.432249e+01 -2.278180e+01
     vertex  1.977662e+00 -1.481634e+01 -2.270358e+01
     vertex  1.990062e+00 -1.433797e+01 -2.287953e+01
   endloop
 endfacet
 facet normal  9.749279e-01  3.480994e-02  2.197813e-01
   outer loop
     vertex  1.960345e+00 -1.430713e+01 -2.268480e+01
     vertex  1.938155e+00 -1.478577e+01 -2.251055e+01
     vertex  1.960345e+00 -1.480097e+01 -2.260658e+01
   endloop
 endfacet
 facet normal  9.848078e-01  2.716456e-02  1.715103e-01
   outer loop
     vertex  1.960345e+00 -1.430713e+01 -2.268480e+01
     vertex  1.960345e+00 -1.480097e+01 -2.260658e+01
     vertex  1.977662e+00 -1.432249e+01 -2.278180e+01
   endloop
 endfacet
 facet normal  9.626242e-01  4.236878e-02  2.675060e-01
   outer loop
     vertex  1.938155e+00 -1.429192e+01 -2.258877e+01
     vertex  1.911146e+00 -1.477075e+01 -2.241574e+01
     vertex  1.938155e+00 -1.478577e+01 -2.251055e+01
   endloop
 endfacet
 facet normal  9.749279e-01  3.480994e-02  2.197813e-01
   outer loop
     vertex  1.938155e+00 -1.429192e+01 -2.258877e+01
     vertex  1.938155e+00 -1.478577e+01 -2.251055e+01
     vertex  1.960345e+00 -1.430713e+01 -2.268480e+01
   endloop
 endfacet
 facet normal  9.479273e-01  4.982229e-02  3.145656e-01
   outer loop
     vertex  1.911146e+00 -1.427690e+01 -2.249396e+01
     vertex  1.879385e+00 -1.475596e+01 -2.232237e+01
     vertex  1.911146e+00 -1.477075e+01 -2.241574e+01
   endloop
 endfacet
 facet normal  9.626242e-01  4.236878e-02  2.675060e-01
   outer loop
     vertex  1.911146e+00 -1.427690e+01 -2.249396e+01
     vertex  1.911146e+00 -1.477075e+01 -2.241574e+01
     vertex  1.938155e+00 -1.429192e+01 -2.258877e+01
   endloop
 endfacet
 facet normal  9.308737e-01  5.715193e-02  3.608431e-01
   outer loop
     vertex  1.879385e+00 -1.426212e+01 -2.240059e+01
     vertex  1.842952e+00 -1.474144e+01 -2.223069e+01
     vertex  1.879385e+00 -1.475596e+01 -2.232237e+01
   endloop
 endfacet
 facet normal  9.479273e-01  4.982229e-02  3.145656e-01
   outer loop
     vertex  1.879385e+00 -1.426212e+01 -2.240059e+01
     vertex  1.879385e+00 -1.475596e+01 -2.232237e+01
     vertex  1.911146e+00 -1.427690e+01 -2.249396e+01
   endloop
 endfacet
 facet normal  9.115059e-01  6.433948e-02  4.062235e-01
   outer loop
     vertex  1.842952e+00 -1.424759e+01 -2.230890e+01
     vertex  1.801938e+00 -1.472722e+01 -2.214091e+01
     vertex  1.842952e+00 -1.474144e+01 -2.223069e+01
   endloop
 endfacet
 facet normal  9.308737e-01  5.715193e-02  3.608431e-01
   outer loop
     vertex  1.842952e+00 -1.424759e+01 -2.230890e+01
     vertex  1.842952e+00 -1.474144e+01 -2.223069e+01
     vertex  1.879385e+00 -1.426212e+01 -2.240059e+01
   endloop
 endfacet
 facet normal  8.898718e-01  7.136707e-02  4.505939e-01
   outer loop
     vertex  1.801938e+00 -1.423338e+01 -2.221913e+01
     vertex  1.756443e+00 -1.471334e+01 -2.205326e+01
     vertex  1.801938e+00 -1.472722e+01 -2.214091e+01
   endloop
 endfacet
 facet normal  9.115059e-01  6.433948e-02  4.062235e-01
   outer loop
     vertex  1.801938e+00 -1.423338e+01 -2.221913e+01
     vertex  1.801938e+00 -1.472722e+01 -2.214091e+01
     vertex  1.842952e+00 -1.424759e+01 -2.230890e+01
   endloop
 endfacet
 facet normal  8.660254e-01  7.821723e-02  4.938442e-01
   outer loop
     vertex  1.756443e+00 -1.421949e+01 -2.213148e+01
     vertex  1.706582e+00 -1.469983e+01 -2.196796e+01
     vertex  1.756443e+00 -1.471334e+01 -2.205326e+01
   endloop
 endfacet
 facet normal  8.898718e-01  7.136707e-02  4.505939e-01
   outer loop
     vertex  1.756443e+00 -1.421949e+01 -2.213148e+01
     vertex  1.756443e+00 -1.471334e+01 -2.205326e+01
     vertex  1.801938e+00 -1.423338e+01 -2.221913e+01
   endloop
 endfacet
 facet normal  8.660254e-01  7.821723e-02  4.938442e-01
   outer loop
     vertex  1.706582e+00 -1.420598e+01 -2.204618e+01
     vertex  1.706582e+00 -1.469983e+01 -2.196796e+01
     vertex  1.756443e+00 -1.421949e+01 -2.213148e+01
   endloop
 endfacet
 facet normal  8.400259e-01  8.487293e-02  5.358666e-01
   outer loop
     vertex  1.706582e+00 -1.420598e+01 -2.204618e+01
     vertex  1.652478e+00 -1.468672e+01 -2.188522e+01
     vertex  1.706582e+00 -1.469983e+01 -2.196796e+01
   endloop
 endfacet
 facet normal  8.400259e-01  8.487293e-02  5.358666e-01
   outer loop
     vertex  1.652478e+00 -1.419288e+01 -2.196344e+01
     vertex  1.652478e+00 -1.468672e+01 -2.188522e+01
     vertex  1.706582e+00 -1.420598e+01 -2.204618e+01
   endloop
 endfacet
 facet normal  8.119380e-01  9.131763e-02  5.765568e-01
   outer loop
     vertex  1.652478e+00 -1.419288e+01 -2.196344e+01
     vertex  1.594265e+00 -1.467406e+01 -2.180525e+01
     vertex  1.652478e+00 -1.468672e+01 -2.188522e+01
   endloop
 endfacet
 facet normal  8.119380e-01  9.131763e-02  5.765568e-01
   outer loop
     vertex  1.594265e+00 -1.418021e+01 -2.188347e+01
     vertex  1.594265e+00 -1.467406e+01 -2.180525e+01
     vertex  1.652478e+00 -1.419288e+01 -2.196344e+01
   endloop
 endfacet
 facet normal  7.818315e-01  9.753529e-02  6.158136e-01
   outer loop
     vertex  1.594265e+00 -1.418021e+01 -2.188347e+01
     vertex  1.532089e+00 -1.466186e+01 -2.172825e+01
     vertex  1.594265e+00 -1.467406e+01 -2.180525e+01
   endloop
 endfacet
 facet normal  7.818315e-01  9.753529e-02  6.158136e-01
   outer loop
     vertex  1.532089e+00 -1.416802e+01 -2.180646e+01
     vertex  1.532089e+00 -1.466186e+01 -2.172825e+01
     vertex  1.594265e+00 -1.418021e+01 -2.188347e+01
   endloop
 endfacet
 facet normal  7.497812e-01  1.035105e-01  6.535394e-01
   outer loop
     vertex  1.532089e+00 -1.416802e+01 -2.180646e+01
     vertex  1.466104e+00 -1.465016e+01 -2.165440e+01
     vertex  1.532089e+00 -1.466186e+01 -2.172825e+01
   endloop
 endfacet
 facet normal  7.497812e-01  1.035105e-01  6.535394e-01
   outer loop
     vertex  1.466104e+00 -1.415632e+01 -2.173261e+01
     vertex  1.466104e+00 -1.465016e+01 -2.165440e+01
     vertex  1.532089e+00 -1.416802e+01 -2.180646e+01
   endloop
 endfacet
 facet normal  7.158668e-01  1.092283e-01  6.896404e-01
   outer loop
     vertex  1.466104e+00 -1.415632e+01 -2.173261e+01
     vertex  1.396474e+00 -1.463900e+01 -2.158389e+01
     vertex  1.466104e+00 -1.465016e+01 -2.165440e+01
   endloop
 endfacet
 facet normal  7.158668e-01  1.092283e-01  6.896404e-01
   outer loop
     vertex  1.396474e+00 -1.414515e+01 -2.166210e+01
     vertex  1.396474e+00 -1.463900e+01 -2.158389e+01
     vertex  1.466104e+00 -1.415632e+01 -2.173261e+01
   endloop
 endfacet
 facet normal  6.801727e-01  1.146746e-01  7.240268e-01
   outer loop
     vertex  1.396474e+00 -1.414515e+01 -2.166210e+01
     vertex  1.323372e+00 -1.462838e+01 -2.151689e+01
     vertex  1.396474e+00 -1.463900e+01 -2.158389e+01
   endloop
 endfacet
 facet normal  6.801727e-01  1.146746e-01  7.240268e-01
   outer loop
     vertex  1.323372e+00 -1.413454e+01 -2.159511e+01
     vertex  1.323372e+00 -1.462838e+01 -2.151689e+01
     vertex  1.396474e+00 -1.414515e+01 -2.166210e+01
   endloop
 endfacet
 facet normal  6.427876e-01  1.198358e-01  7.566132e-01
   outer loop
     vertex  1.323372e+00 -1.413454e+01 -2.159511e+01
     vertex  1.246980e+00 -1.461836e+01 -2.145358e+01
     vertex  1.323372e+00 -1.462838e+01 -2.151689e+01
   endloop
 endfacet
 facet normal  6.427876e-01  1.198358e-01  7.566132e-01
   outer loop
     vertex  1.246980e+00 -1.412451e+01 -2.153180e+01
     vertex  1.246980e+00 -1.461836e+01 -2.145358e+01
     vertex  1.323372e+00 -1.413454e+01 -2.159511e+01
   endloop
 endfacet
 facet normal  6.038044e-01  1.246990e-01  7.873185e-01
   outer loop
     vertex  1.246980e+00 -1.412451e+01 -2.153180e+01
     vertex  1.167487e+00 -1.460894e+01 -2.139411e+01
     vertex  1.246980e+00 -1.461836e+01 -2.145358e+01
   endloop
 endfacet
 facet normal  5.633201e-01  1.292522e-01  8.160664e-01
   outer loop
     vertex  1.167487e+00 -1.411509e+01 -2.147233e+01
     vertex  1.085093e+00 -1.460015e+01 -2.133863e+01
     vertex  1.167487e+00 -1.460894e+01 -2.139411e+01
   endloop
 endfacet
 facet normal  6.038044e-01  1.246990e-01  7.873185e-01
   outer loop
     vertex  1.167487e+00 -1.411509e+01 -2.147233e+01
     vertex  1.167487e+00 -1.460894e+01 -2.139411e+01
     vertex  1.246980e+00 -1.412451e+01 -2.153180e+01
   endloop
 endfacet
 facet normal  5.633201e-01  1.292522e-01  8.160664e-01
   outer loop
     vertex  1.085093e+00 -1.410631e+01 -2.141684e+01
     vertex  1.085093e+00 -1.460015e+01 -2.133863e+01
     vertex  1.167487e+00 -1.411509e+01 -2.147233e+01
   endloop
 endfacet
 facet normal  5.214352e-01  1.334841e-01  8.427855e-01
   outer loop
     vertex  1.085093e+00 -1.410631e+01 -2.141684e+01
     vertex  1.000000e+00 -1.459202e+01 -2.128727e+01
     vertex  1.085093e+00 -1.460015e+01 -2.133863e+01
   endloop
 endfacet
 facet normal  4.782540e-01  1.373841e-01  8.674092e-01
   outer loop
     vertex  1.000000e+00 -1.409817e+01 -2.136548e+01
     vertex  9.124213e-01 -1.458455e+01 -2.124016e+01
     vertex  1.000000e+00 -1.459202e+01 -2.128727e+01
   endloop
 endfacet
 facet normal  5.214352e-01  1.334841e-01  8.427855e-01
   outer loop
     vertex  1.000000e+00 -1.409817e+01 -2.136548e+01
     vertex  1.000000e+00 -1.459202e+01 -2.128727e+01
     vertex  1.085093e+00 -1.410631e+01 -2.141684e+01
   endloop
 endfacet
 facet normal  4.338837e-01  1.409426e-01  8.898764e-01
   outer loop
     vertex  9.124213e-01 -1.409071e+01 -2.131838e+01
     vertex  8.225742e-01 -1.457779e+01 -2.119743e+01
     vertex  9.124213e-01 -1.458455e+01 -2.124016e+01
   endloop
 endfacet
 facet normal  4.782540e-01  1.373841e-01  8.674092e-01
   outer loop
     vertex  9.124213e-01 -1.409071e+01 -2.131838e+01
     vertex  9.124213e-01 -1.458455e+01 -2.124016e+01
     vertex  1.000000e+00 -1.409817e+01 -2.136548e+01
   endloop
 endfacet
 facet normal  3.884348e-01  1.441506e-01  9.101313e-01
   outer loop
     vertex  8.225742e-01 -1.408394e+01 -2.127564e+01
     vertex  7.306820e-01 -1.457173e+01 -2.115917e+01
     vertex  8.225742e-01 -1.457779e+01 -2.119743e+01
   endloop
 endfacet
 facet normal  4.338837e-01  1.409426e-01  8.898764e-01
   outer loop
     vertex  8.225742e-01 -1.408394e+01 -2.127564e+01
     vertex  8.225742e-01 -1.457779e+01 -2.119743e+01
     vertex  9.124213e-01 -1.409071e+01 -2.131838e+01
   endloop
 endfacet
 facet normal  3.420201e-01  1.470003e-01  9.281234e-01
   outer loop
     vertex  7.306820e-01 -1.407788e+01 -2.123738e+01
     vertex  6.369733e-01 -1.456639e+01 -2.112548e+01
     vertex  7.306820e-01 -1.457173e+01 -2.115917e+01
   endloop
 endfacet
 facet normal  3.884348e-01  1.441506e-01  9.101313e-01
   outer loop
     vertex  7.306820e-01 -1.407788e+01 -2.123738e+01
     vertex  7.306820e-01 -1.457173e+01 -2.115917e+01
     vertex  8.225742e-01 -1.408394e+01 -2.127564e+01
   endloop
 endfacet
 facet normal  2.947552e-01  1.494845e-01  9.438081e-01
   outer loop
     vertex  6.369733e-01 -1.407255e+01 -2.120370e+01
     vertex  5.416809e-01 -1.456179e+01 -2.109645e+01
     vertex  6.369733e-01 -1.456639e+01 -2.112548e+01
   endloop
 endfacet
 facet normal  3.420201e-01  1.470003e-01  9.281234e-01
   outer loop
     vertex  6.369733e-01 -1.407255e+01 -2.120370e+01
     vertex  6.369733e-01 -1.456639e+01 -2.112548e+01
     vertex  7.306820e-01 -1.407788e+01 -2.123738e+01
   endloop
 endfacet
 facet normal  2.467574e-01  1.515971e-01  9.571463e-01
   outer loop
     vertex  5.416809e-01 -1.406795e+01 -2.117466e+01
     vertex  4.450419e-01 -1.455794e+01 -2.107214e+01
     vertex  5.416809e-01 -1.456179e+01 -2.109645e+01
   endloop
 endfacet
 facet normal  2.947552e-01  1.494845e-01  9.438081e-01
   outer loop
     vertex  5.416809e-01 -1.406795e+01 -2.117466e+01
     vertex  5.416809e-01 -1.456179e+01 -2.109645e+01
     vertex  6.369733e-01 -1.407255e+01 -2.120370e+01
   endloop
 endfacet
 facet normal  1.981461e-01  1.533328e-01  9.681049e-01
   outer loop
     vertex  4.450419e-01 -1.406410e+01 -2.115036e+01
     vertex  3.472964e-01 -1.455485e+01 -2.105263e+01
     vertex  4.450419e-01 -1.455794e+01 -2.107214e+01
   endloop
 endfacet
 facet normal  2.467574e-01  1.515971e-01  9.571463e-01
   outer loop
     vertex  4.450419e-01 -1.406410e+01 -2.115036e+01
     vertex  4.450419e-01 -1.455794e+01 -2.107214e+01
     vertex  5.416809e-01 -1.406795e+01 -2.117466e+01
   endloop
 endfacet
 facet normal  1.490423e-01  1.546872e-01  9.766567e-01
   outer loop
     vertex  3.472964e-01 -1.406101e+01 -2.113084e+01
     vertex  2.486874e-01 -1.455253e+01 -2.103795e+01
     vertex  3.472964e-01 -1.455485e+01 -2.105263e+01
   endloop
 endfacet
 facet normal  1.981461e-01  1.533328e-01  9.681049e-01
   outer loop
     vertex  3.472964e-01 -1.406101e+01 -2.113084e+01
     vertex  3.472964e-01 -1.455485e+01 -2.105263e+01
     vertex  4.450419e-01 -1.406410e+01 -2.115036e+01
   endloop
 endfacet
 facet normal  9.956785e-02  1.556571e-01  9.827803e-01
   outer loop
     vertex  2.486874e-01 -1.405868e+01 -2.111616e+01
     vertex  1.494602e-01 -1.455097e+01 -2.102814e+01
     vertex  2.486874e-01 -1.455253e+01 -2.103795e+01
   endloop
 endfacet
 facet normal  1.490423e-01  1.546872e-01  9.766567e-01
   outer loop
     vertex  2.486874e-01 -1.405868e+01 -2.111616e+01
     vertex  2.486874e-01 -1.455253e+01 -2.103795e+01
     vertex  3.472964e-01 -1.406101e+01 -2.113084e+01
   endloop
 endfacet
 facet normal  4.984589e-02  1.562400e-01  9.864606e-01
   outer loop
     vertex  1.494602e-01 -1.405713e+01 -2.110636e+01
     vertex  4.986138e-02 -1.455020e+01 -2.102323e+01
     vertex  1.494602e-01 -1.455097e+01 -2.102814e+01
   endloop
 endfacet
 facet normal  9.956785e-02  1.556571e-01  9.827803e-01
   outer loop
     vertex  1.494602e-01 -1.405713e+01 -2.110636e+01
     vertex  1.494602e-01 -1.455097e+01 -2.102814e+01
     vertex  2.486874e-01 -1.405868e+01 -2.111616e+01
   endloop
 endfacet
 facet normal  5.941486e-17  1.564345e-01  9.876883e-01
   outer loop
     vertex  4.986138e-02 -1.405635e+01 -2.110145e+01
     vertex -4.986138e-02 -1.455020e+01 -2.102323e+01
     vertex  4.986138e-02 -1.455020e+01 -2.102323e+01
   endloop
 endfacet
 facet normal  4.984589e-02  1.562400e-01  9.864606e-01
   outer loop
     vertex  4.986138e-02 -1.405635e+01 -2.110145e+01
     vertex  4.986138e-02 -1.455020e+01 -2.102323e+01
     vertex  1.494602e-01 -1.405713e+01 -2.110636e+01
   endloop
 endfacet
 facet normal -4.984589e-02  1.562400e-01  9.864606e-01
   outer loop
     vertex -4.986138e-02 -1.405635e+01 -2.110145e+01
     vertex -1.494602e-01 -1.455097e+01 -2.102814e+01
     vertex -4.986138e-02 -1.455020e+01 -2.102323e+01
   endloop
 endfacet
 facet normal -0.000000e+00  1.564345e-01  9.876883e-01
   outer loop
     vertex -4.986138e-02 -1.405635e+01 -2.110145e+01
     vertex -4.986138e-02 -1.455020e+01 -2.102323e+01
     vertex  4.986138e-02 -1.405635e+01 -2.110145e+01
   endloop
 endfacet
 facet normal -9.956785e-02  1.556571e-01  9.827803e-01
   outer loop
     vertex -1.494602e-01 -1.405713e+01 -2.110636e+01
     vertex -2.486874e-01 -1.455253e+01 -2.103795e+01
     vertex -1.494602e-01 -1.455097e+01 -2.102814e+01
   endloop
 endfacet
 facet normal -4.984589e-02  1.562400e-01  9.864606e-01
   outer loop
     vertex -1.494602e-01 -1.405713e+01 -2.110636e+01
     vertex -1.494602e-01 -1.455097e+01 -2.102814e+01
     vertex -4.986138e-02 -1.405635e+01 -2.110145e+01
   endloop
 endfacet
 facet normal -1.490423e-01  1.546872e-01  9.766567e-01
   outer loop
     vertex -2.486874e-01 -1.405868e+01 -2.111616e+01
     vertex -3.472964e-01 -1.455485e+01 -2.105263e+01
     vertex -2.486874e-01 -1.455253e+01 -2.103795e+01
   endloop
 endfacet
 facet normal -9.956785e-02  1.556571e-01  9.827803e-01
   outer loop
     vertex -2.486874e-01 -1.405868e+01 -2.111616e+01
     vertex -2.486874e-01 -1.455253e+01 -2.103795e+01
     vertex -1.494602e-01 -1.405713e+01 -2.110636e+01
   endloop
 endfacet
 facet normal -1.981461e-01  1.533328e-01  9.681049e-01
   outer loop
     vertex -3.472964e-01 -1.406101e+01 -2.113084e+01
     vertex -4.450419e-01 -1.455794e+01 -2.107214e+01
     vertex -3.472964e-01 -1.455485e+01 -2.105263e+01
   endloop
 endfacet
 facet normal -1.490423e-01  1.546872e-01  9.766567e-01
   outer loop
     vertex -3.472964e-01 -1.406101e+01 -2.113084e+01
     vertex -3.472964e-01 -1.455485e+01 -2.105263e+01
     vertex -2.486874e-01 -1.405868e+01 -2.111616e+01
   endloop
 endfacet
 facet normal -1.981461e-01  1.533328e-01  9.681049e-01
   outer loop
     vertex -4.450419e-01 -1.406410e+01 -2.115036e+01
     vertex -4.450419e-01 -1.455794e+01 -2.107214e+01
     vertex -3.472964e-01 -1.406101e+01 -2.113084e+01
   endloop
 endfacet
 facet normal -2.467574e-01  1.515971e-01  9.571463e-01
   outer loop
     vertex -4.450419e-01 -1.406410e+01 -2.115036e+01
     vertex -5.416809e-01 -1.456179e+01 -2.109645e+01
     vertex -4.450419e-01 -1.455794e+01 -2.107214e+01
   endloop
 endfacet
 facet normal -2.467574e-01  1.515971e-01  9.571463e-01
   outer loop
     vertex -5.416809e-01 -1.406795e+01 -2.117466e+01
     vertex -5.416809e-01 -1.456179e+01 -2.109645e+01
     vertex -4.450419e-01 -1.406410e+01 -2.115036e+01
   endloop
 endfacet
 facet normal -2.947552e-01  1.494845e-01  9.438081e-01
   outer loop
     vertex -5.416809e-01 -1.406795e+01 -2.117466e+01
     vertex -6.369733e-01 -1.456639e+01 -2.112548e+01
     vertex -5.416809e-01 -1.456179e+01 -2.109645e+01
   endloop
 endfacet
 facet normal -2.947552e-01  1.494845e-01  9.438081e-01
   outer loop
     vertex -6.369733e-01 -1.407255e+01 -2.120370e+01
     vertex -6.369733e-01 -1.456639e+01 -2.112548e+01
     vertex -5.416809e-01 -1.406795e+01 -2.117466e+01
   endloop
 endfacet
 facet normal -3.420201e-01  1.470003e-01  9.281234e-01
   outer loop
     vertex -6.369733e-01 -1.407255e+01 -2.120370e+01
     vertex -7.306820e-01 -1.457173e+01 -2.115917e+01
     vertex -6.369733e-01 -1.456639e+01 -2.112548e+01
   endloop
 endfacet
 facet normal -3.884348e-01  1.441506e-01  9.101313e-01
   outer loop
     vertex -7.306820e-01 -1.407788e+01 -2.123738e+01
     vertex -8.225742e-01 -1.457779e+01 -2.119743e+01
     vertex -7.306820e-01 -1.457173e+01 -2.115917e+01
   endloop
 endfacet
 facet normal -3.420201e-01  1.470003e-01  9.281234e-01
   outer loop
     vertex -7.306820e-01 -1.407788e+01 -2.123738e+01
     vertex -7.306820e-01 -1.457173e+01 -2.115917e+01
     vertex -6.369733e-01 -1.407255e+01 -2.120370e+01
   endloop
 endfacet
 facet normal -4.338837e-01  1.409426e-01  8.898764e-01
   outer loop
     vertex -8.225742e-01 -1.408394e+01 -2.127564e+01
     vertex -9.124213e-01 -1.458455e+01 -2.124016e+01
     vertex -8.225742e-01 -1.457779e+01 -2.119743e+01
   endloop
 endfacet
 facet normal -3.884348e-01  1.441506e-01  9.101313e-01
   outer loop
     vertex -8.225742e-01 -1.408394e+01 -2.127564e+01
     vertex -8.225742e-01 -1.457779e+01 -2.119743e+01
     vertex -7.306820e-01 -1.407788e+01 -2.123738e+01
   endloop
 endfacet
 facet normal -4.782540e-01  1.373841e-01  8.674092e-01
   outer loop
     vertex -9.124213e-01 -1.409071e+01 -2.131838e+01
     vertex -1.000000e+00 -1.459202e+01 -2.128727e+01
     vertex -9.124213e-01 -1.458455e+01 -2.124016e+01
   endloop
 endfacet
 facet normal -4.338837e-01  1.409426e-01  8.898764e-01
   outer loop
     vertex -9.124213e-01 -1.409071e+01 -2.131838e+01
     vertex -9.124213e-01 -1.458455e+01 -2.124016e+01
     vertex -8.225742e-01 -1.408394e+01 -2.127564e+01
   endloop
 endfacet
 facet normal -5.214352e-01  1.334841e-01  8.427855e-01
   outer loop
     vertex -1.000000e+00 -1.409817e+01 -2.136548e+01
     vertex -1.085093e+00 -1.460015e+01 -2.133863e+01
     vertex -1.000000e+00 -1.459202e+01 -2.128727e+01
   endloop
 endfacet
 facet normal -4.782540e-01  1.373841e-01  8.674092e-01
   outer loop
     vertex -1.000000e+00 -1.409817e+01 -2.136548e+01
     vertex -1.000000e+00 -1.459202e+01 -2.128727e+01
     vertex -9.124213e-01 -1.409071e+01 -2.131838e+01
   endloop
 endfacet
 facet normal -5.633201e-01  1.292522e-01  8.160664e-01
   outer loop
     vertex -1.085093e+00 -1.410631e+01 -2.141684e+01
     vertex -1.167487e+00 -1.460894e+01 -2.139411e+01
     vertex -1.085093e+00 -1.460015e+01 -2.133863e+01
   endloop
 endfacet
 facet normal -5.214352e-01  1.334841e-01  8.427855e-01
   outer loop
     vertex -1.085093e+00 -1.410631e+01 -2.141684e+01
     vertex -1.085093e+00 -1.460015e+01 -2.133863e+01
     vertex -1.000000e+00 -1.409817e+01 -2.136548e+01
   endloop
 endfacet
 facet normal -6.038044e-01  1.246990e-01  7.873185e-01
   outer loop
     vertex -1.167487e+00 -1.411509e+01 -2.147233e+01
     vertex -1.246980e+00 -1.461836e+01 -2.145358e+01
     vertex -1.167487e+00 -1.460894e+01 -2.139411e+01
   endloop
 endfacet
 facet normal -5.633201e-01  1.292522e-01  8.160664e-01
   outer loop
     vertex -1.167487e+00 -1.411509e+01 -2.147233e+01
     vertex -1.167487e+00 -1.460894e+01 -2.139411e+01
     vertex -1.085093e+00 -1.410631e+01 -2.141684e+01
   endloop
 endfacet
 facet normal -6.427876e-01  1.198358e-01  7.566132e-01
   outer loop
     vertex -1.246980e+00 -1.412451e+01 -2.153180e+01
     vertex -1.323372e+00 -1.462838e+01 -2.151689e+01
     vertex -1.246980e+00 -1.461836e+01 -2.145358e+01
   endloop
 endfacet
 facet normal -6.038044e-01  1.246990e-01  7.873185e-01
   outer loop
     vertex -1.246980e+00 -1.412451e+01 -2.153180e+01
     vertex -1.246980e+00 -1.461836e+01 -2.145358e+01
     vertex -1.167487e+00 -1.411509e+01 -2.147233e+01
   endloop
 endfacet
 facet normal -6.427876e-01  1.198358e-01  7.566132e-01
   outer loop
     vertex -1.323372e+00 -1.413454e+01 -2.159511e+01
     vertex -1.323372e+00 -1.462838e+01 -2.151689e+01
     vertex -1.246980e+00 -1.412451e+01 -2.153180e+01
   endloop
 endfacet
 facet normal -7.158668e-01  1.092283e-01  6.896404e-01
   outer loop
     vertex -1.396474e+00 -1.414515e+01 -2.166210e+01
     vertex -1.466104e+00 -1.465016e+01 -2.165440e+01
     vertex -1.396474e+00 -1.463900e+01 -2.158389e+01
   endloop
 endfacet
 facet normal -6.801727e-01  1.146746e-01  7.240268e-01
   outer loop
     vertex -1.396474e+00 -1.414515e+01 -2.166210e+01
     vertex -1.396474e+00 -1.463900e+01 -2.158389e+01
     vertex -1.323372e+00 -1.462838e+01 -2.151689e+01
   endloop
 endfacet
 facet normal -6.801727e-01  1.146746e-01  7.240268e-01
   outer loop
     vertex -1.396474e+00 -1.414515e+01 -2.166210e+01
     vertex -1.323372e+00 -1.462838e+01 -2.151689e+01
     vertex -1.323372e+00 -1.413454e+01 -2.159511e+01
   endloop
 endfacet
 facet normal -7.497812e-01  1.035105e-01  6.535394e-01
   outer loop
     vertex -1.466104e+00 -1.415632e+01 -2.173261e+01
     vertex -1.532089e+00 -1.466186e+01 -2.172825e+01
     vertex -1.466104e+00 -1.465016e+01 -2.165440e+01
   endloop
 endfacet
 facet normal -7.158668e-01  1.092283e-01  6.896404e-01
   outer loop
     vertex -1.466104e+00 -1.415632e+01 -2.173261e+01
     vertex -1.466104e+00 -1.465016e+01 -2.165440e+01
     vertex -1.396474e+00 -1.414515e+01 -2.166210e+01
   endloop
 endfacet
 facet normal -7.818315e-01  9.753529e-02  6.158136e-01
   outer loop
     vertex -1.532089e+00 -1.416802e+01 -2.180646e+01
     vertex -1.594265e+00 -1.467406e+01 -2.180525e+01
     vertex -1.532089e+00 -1.466186e+01 -2.172825e+01
   endloop
 endfacet
 facet normal -7.497812e-01  1.035105e-01  6.535394e-01
   outer loop
     vertex -1.532089e+00 -1.416802e+01 -2.180646e+01
     vertex -1.532089e+00 -1.466186e+01 -2.172825e+01
     vertex -1.466104e+00 -1.415632e+01 -2.173261e+01
   endloop
 endfacet
 facet normal -8.119380e-01  9.131763e-02  5.765568e-01
   outer loop
     vertex -1.594265e+00 -1.418021e+01 -2.188347e+01
     vertex -1.652478e+00 -1.468672e+01 -2.188522e+01
     vertex -1.594265e+00 -1.467406e+01 -2.180525e+01
   endloop
 endfacet
 facet normal -7.818315e-01  9.753529e-02  6.158136e-01
   outer loop
     vertex -1.594265e+00 -1.418021e+01 -2.188347e+01
     vertex -1.594265e+00 -1.467406e+01 -2.180525e+01
     vertex -1.532089e+00 -1.416802e+01 -2.180646e+01
   endloop
 endfacet
 facet normal -8.400259e-01  8.487293e-02  5.358666e-01
   outer loop
     vertex -1.652478e+00 -1.419288e+01 -2.196344e+01
     vertex -1.706582e+00 -1.469983e+01 -2.196796e+01
     vertex -1.652478e+00 -1.468672e+01 -2.188522e+01
   endloop
 endfacet
 facet normal -8.119380e-01  9.131763e-02  5.765568e-01
   outer loop
     vertex -1.652478e+00 -1.419288e+01 -2.196344e+01
     vertex -1.652478e+00 -1.468672e+01 -2.188522e+01
     vertex -1.594265e+00 -1.418021e+01 -2.188347e+01
   endloop
 endfacet
 facet normal -8.400259e-01  8.487293e-02  5.358666e-01
   outer loop
     vertex -1.706582e+00 -1.420598e+01 -2.204618e+01
     vertex -1.706582e+00 -1.469983e+01 -2.196796e+01
     vertex -1.652478e+00 -1.419288e+01 -2.196344e+01
   endloop
 endfacet
 facet normal -8.660254e-01  7.821723e-02  4.938442e-01
   outer loop
     vertex -1.756443e+00 -1.421949e+01 -2.213148e+01
     vertex -1.706582e+00 -1.469983e+01 -2.196796e+01
     vertex -1.706582e+00 -1.420598e+01 -2.204618e+01
   endloop
 endfacet
 facet normal -8.898718e-01  7.136707e-02  4.505939e-01
   outer loop
     vertex -1.756443e+00 -1.421949e+01 -2.213148e+01
     vertex -1.801938e+00 -1.472722e+01 -2.214091e+01
     vertex -1.756443e+00 -1.471334e+01 -2.205326e+01
   endloop
 endfacet
 facet normal -8.660254e-01  7.821723e-02  4.938442e-01
   outer loop
     vertex -1.756443e+00 -1.421949e+01 -2.213148e+01
     vertex -1.756443e+00 -1.471334e+01 -2.205326e+01
     vertex -1.706582e+00 -1.469983e+01 -2.196796e+01
   endloop
 endfacet
 facet normal -8.898718e-01  7.136707e-02  4.505939e-01
   outer loop
     vertex -1.801938e+00 -1.423338e+01 -2.221913e+01
     vertex -1.801938e+00 -1.472722e+01 -2.214091e+01
     vertex -1.756443e+00 -1.421949e+01 -2.213148e+01
   endloop
 endfacet
 facet normal -9.115059e-01  6.433948e-02  4.062235e-01
   outer loop
     vertex -1.842952e+00 -1.424759e+01 -2.230890e+01
     vertex -1.801938e+00 -1.472722e+01 -2.214091e+01
     vertex -1.801938e+00 -1.423338e+01 -2.221913e+01
   endloop
 endfacet
 facet normal -9.308737e-01  5.715193e-02  3.608431e-01
   outer loop
     vertex -1.842952e+00 -1.424759e+01 -2.230890e+01
     vertex -1.879385e+00 -1.475596e+01 -2.232237e+01
     vertex -1.842952e+00 -1.474144e+01 -2.223069e+01
   endloop
 endfacet
 facet normal -9.115059e-01  6.433948e-02  4.062235e-01
   outer loop
     vertex -1.842952e+00 -1.424759e+01 -2.230890e+01
     vertex -1.842952e+00 -1.474144e+01 -2.223069e+01
     vertex -1.801938e+00 -1.472722e+01 -2.214091e+01
   endloop
 endfacet
 facet normal -9.308737e-01  5.715193e-02  3.608431e-01
   outer loop
     vertex -1.879385e+00 -1.426212e+01 -2.240059e+01
     vertex -1.879385e+00 -1.475596e+01 -2.232237e+01
     vertex -1.842952e+00 -1.424759e+01 -2.230890e+01
   endloop
 endfacet
 facet normal -9.479273e-01  4.982229e-02  3.145656e-01
   outer loop
     vertex -1.879385e+00 -1.426212e+01 -2.240059e+01
     vertex -1.911146e+00 -1.477075e+01 -2.241574e+01
     vertex -1.879385e+00 -1.475596e+01 -2.232237e+01
   endloop
 endfacet
 facet normal -9.479273e-01  4.982229e-02  3.145656e-01
   outer loop
     vertex -1.911146e+00 -1.427690e+01 -2.249396e+01
     vertex -1.911146e+00 -1.477075e+01 -2.241574e+01
     vertex -1.879385e+00 -1.426212e+01 -2.240059e+01
   endloop
 endfacet
 facet normal -9.626242e-01  4.236878e-02  2.675060e-01
   outer loop
     vertex -1.938155e+00 -1.429192e+01 -2.258877e+01
     vertex -1.911146e+00 -1.477075e+01 -2.241574e+01
     vertex -1.911146e+00 -1.427690e+01 -2.249396e+01
   endloop
 endfacet
 facet normal -9.749279e-01  3.480994e-02  2.197813e-01
   outer loop
     vertex -1.938155e+00 -1.429192e+01 -2.258877e+01
     vertex -1.960345e+00 -1.480097e+01 -2.260658e+01
     vertex -1.938155e+00 -1.478577e+01 -2.251055e+01
   endloop
 endfacet
 facet normal -9.626242e-01  4.236878e-02  2.675060e-01
   outer loop
     vertex -1.938155e+00 -1.429192e+01 -2.258877e+01
     vertex -1.938155e+00 -1.478577e+01 -2.251055e+01
     vertex -1.911146e+00 -1.477075e+01 -2.241574e+01
   endloop
 endfacet
 facet normal -9.848078e-01  2.716456e-02  1.715103e-01
   outer loop
     vertex -1.960345e+00 -1.430713e+01 -2.268480e+01
     vertex -1.977662e+00 -1.481634e+01 -2.270358e+01
     vertex -1.960345e+00 -1.480097e+01 -2.260658e+01
   endloop
 endfacet
 facet normal -9.749279e-01  3.480994e-02  2.197813e-01
   outer loop
     vertex -1.960345e+00 -1.430713e+01 -2.268480e+01
     vertex -1.960345e+00 -1.480097e+01 -2.260658e+01
     vertex -1.938155e+00 -1.429192e+01 -2.258877e+01
   endloop
 endfacet
 facet normal -9.848078e-01  2.716456e-02  1.715103e-01
   outer loop
     vertex -1.977662e+00 -1.432249e+01 -2.278180e+01
     vertex -1.977662e+00 -1.481634e+01 -2.270358e+01
     vertex -1.960345e+00 -1.430713e+01 -2.268480e+01
   endloop
 endfacet
 facet normal -9.922392e-01  1.945164e-02  1.228128e-01
   outer loop
     vertex -1.977662e+00 -1.432249e+01 -2.278180e+01
     vertex -1.990062e+00 -1.483182e+01 -2.280131e+01
     vertex -1.977662e+00 -1.481634e+01 -2.270358e+01
   endloop
 endfacet
 facet normal -9.972038e-01  1.169036e-02  7.381004e-02
   outer loop
     vertex -1.990062e+00 -1.433797e+01 -2.287953e+01
     vertex -1.997514e+00 -1.484737e+01 -2.289953e+01
     vertex -1.990062e+00 -1.483182e+01 -2.280131e+01
   endloop
 endfacet
 facet normal -9.922392e-01  1.945164e-02  1.228128e-01
   outer loop
     vertex -1.990062e+00 -1.433797e+01 -2.287953e+01
     vertex -1.990062e+00 -1.483182e+01 -2.280131e+01
     vertex -1.977662e+00 -1.432249e+01 -2.278180e+01
   endloop
 endfacet
 facet normal -9.972038e-01  1.169036e-02  7.381004e-02
   outer loop
     vertex -1.997514e+00 -1.435353e+01 -2.297775e+01
     vertex -1.997514e+00 -1.484737e+01 -2.289953e+01
     vertex -1.990062e+00 -1.433797e+01 -2.287953e+01
   endloop
 endfacet
 facet normal -9.996892e-01  3.900019e-03  2.462375e-02
   outer loop
     vertex -1.997514e+00 -1.435353e+01 -2.297775e+01
     vertex -2.000000e+00 -1.486297e+01 -2.299799e+01
     vertex -1.997514e+00 -1.484737e+01 -2.289953e+01
   endloop
 endfacet
 facet normal -9.996892e-01  3.900019e-03  2.462375e-02
   outer loop
     vertex -2.000000e+00 -1.436912e+01 -2.307621e+01
     vertex -2.000000e+00 -1.486297e+01 -2.299799e+01
     vertex -1.997514e+00 -1.435353e+01 -2.297775e+01
   endloop
 endfacet
 facet normal -9.996892e-01 -3.900019e-03 -2.462375e-02
   outer loop
     vertex -2.000000e+00 -1.436912e+01 -2.307621e+01
     vertex -1.997514e+00 -1.487856e+01 -2.309646e+01
     vertex -2.000000e+00 -1.486297e+01 -2.299799e+01
   endloop
 endfacet
 facet normal -9.996892e-01 -3.900019e-03 -2.462375e-02
   outer loop
     vertex -1.997514e+00 -1.438472e+01 -2.317467e+01
     vertex -1.997514e+00 -1.487856e+01 -2.309646e+01
     vertex -2.000000e+00 -1.436912e+01 -2.307621e+01
   endloop
 endfacet
 facet normal -9.972038e-01 -1.169036e-02 -7.381004e-02
   outer loop
     vertex -1.997514e+00 -1.438472e+01 -2.317467e+01
     vertex -1.990062e+00 -1.489412e+01 -2.319468e+01
     vertex -1.997514e+00 -1.487856e+01 -2.309646e+01
   endloop
 endfacet
 facet normal -9.972038e-01 -1.169036e-02 -7.381004e-02
   outer loop
     vertex -1.990062e+00 -1.440028e+01 -2.327289e+01
     vertex -1.990062e+00 -1.489412e+01 -2.319468e+01
     vertex -1.997514e+00 -1.438472e+01 -2.317467e+01
   endloop
 endfacet
 facet normal -9.922392e-01 -1.945164e-02 -1.228128e-01
   outer loop
     vertex -1.977662e+00 -1.441575e+01 -2.337062e+01
     vertex -1.990062e+00 -1.489412e+01 -2.319468e+01
     vertex -1.990062e+00 -1.440028e+01 -2.327289e+01
   endloop
 endfacet
 facet normal -9.922392e-01 -1.945164e-02 -1.228128e-01
   outer loop
     vertex -1.977662e+00 -1.441575e+01 -2.337062e+01
     vertex -1.977662e+00 -1.490960e+01 -2.329241e+01
     vertex -1.990062e+00 -1.489412e+01 -2.319468e+01
   endloop
 endfacet
 facet normal -9.848078e-01 -2.716456e-02 -1.715103e-01
   outer loop
     vertex -1.960345e+00 -1.443112e+01 -2.346762e+01
     vertex -1.977662e+00 -1.490960e+01 -2.329241e+01
     vertex -1.977662e+00 -1.441575e+01 -2.337062e+01
   endloop
 endfacet
 facet normal -9.848078e-01 -2.716456e-02 -1.715103e-01
   outer loop
     vertex -1.960345e+00 -1.443112e+01 -2.346762e+01
     vertex -1.960345e+00 -1.492496e+01 -2.338941e+01
     vertex -1.977662e+00 -1.490960e+01 -2.329241e+01
   endloop
 endfacet
 facet normal -9.749279e-01 -3.480994e-02 -2.197813e-01
   outer loop
     vertex -1.938155e+00 -1.444633e+01 -2.356365e+01
     vertex -1.960345e+00 -1.492496e+01 -2.338941e+01
     vertex -1.960345e+00 -1.443112e+01 -2.346762e+01
   endloop
 endfacet
 facet normal -9.626242e-01 -4.236878e-02 -2.675060e-01
   outer loop
     vertex -1.938155e+00 -1.444633e+01 -2.356365e+01
     vertex -1.911146e+00 -1.495519e+01 -2.358025e+01
     vertex -1.938155e+00 -1.494017e+01 -2.348543e+01
   endloop
 endfacet
 facet normal -9.749279e-01 -3.480994e-02 -2.197813e-01
   outer loop
     vertex -1.938155e+00 -1.444633e+01 -2.356365e+01
     vertex -1.938155e+00 -1.494017e+01 -2.348543e+01
     vertex -1.960345e+00 -1.492496e+01 -2.338941e+01
   endloop
 endfacet
 facet normal -9.626242e-01 -4.236878e-02 -2.675060e-01
   outer loop
     vertex -1.911146e+00 -1.446134e+01 -2.365846e+01
     vertex -1.911146e+00 -1.495519e+01 -2.358025e+01
     vertex -1.938155e+00 -1.444633e+01 -2.356365e+01
   endloop
 endfacet
 facet normal -9.479273e-01 -4.982229e-02 -3.145656e-01
   outer loop
     vertex -1.879385e+00 -1.447613e+01 -2.375183e+01
     vertex -1.911146e+00 -1.495519e+01 -2.358025e+01
     vertex -1.911146e+00 -1.446134e+01 -2.365846e+01
   endloop
 endfacet
 facet normal -9.308737e-01 -5.715193e-02 -3.608431e-01
   outer loop
     vertex -1.879385e+00 -1.447613e+01 -2.375183e+01
     vertex -1.842952e+00 -1.498450e+01 -2.376530e+01
     vertex -1.879385e+00 -1.496998e+01 -2.367361e+01
   endloop
 endfacet
 facet normal -9.479273e-01 -4.982229e-02 -3.145656e-01
   outer loop
     vertex -1.879385e+00 -1.447613e+01 -2.375183e+01
     vertex -1.879385e+00 -1.496998e+01 -2.367361e+01
     vertex -1.911146e+00 -1.495519e+01 -2.358025e+01
   endloop
 endfacet
 facet normal -9.308737e-01 -5.715193e-02 -3.608431e-01
   outer loop
     vertex -1.842952e+00 -1.449065e+01 -2.384351e+01
     vertex -1.842952e+00 -1.498450e+01 -2.376530e+01
     vertex -1.879385e+00 -1.447613e+01 -2.375183e+01
   endloop
 endfacet
 facet normal -9.115059e-01 -6.433948e-02 -4.062235e-01
   outer loop
     vertex -1.842952e+00 -1.449065e+01 -2.384351e+01
     vertex -1.801938e+00 -1.499872e+01 -2.385508e+01
     vertex -1.842952e+00 -1.498450e+01 -2.376530e+01
   endloop
 endfacet
 facet normal -9.115059e-01 -6.433948e-02 -4.062235e-01
   outer loop
     vertex -1.801938e+00 -1.450487e+01 -2.393329e+01
     vertex -1.801938e+00 -1.499872e+01 -2.385508e+01
     vertex -1.842952e+00 -1.449065e+01 -2.384351e+01
   endloop
 endfacet
 facet normal -8.898718e-01 -7.136707e-02 -4.505939e-01
   outer loop
     vertex -1.801938e+00 -1.450487e+01 -2.393329e+01
     vertex -1.756443e+00 -1.501260e+01 -2.394272e+01
     vertex -1.801938e+00 -1.499872e+01 -2.385508e+01
   endloop
 endfacet
 facet normal -8.898718e-01 -7.136707e-02 -4.505939e-01
   outer loop
     vertex -1.756443e+00 -1.451875e+01 -2.402094e+01
     vertex -1.756443e+00 -1.501260e+01 -2.394272e+01
     vertex -1.801938e+00 -1.450487e+01 -2.393329e+01
   endloop
 endfacet
 facet normal -8.660254e-01 -7.821723e-02 -4.938442e-01
   outer loop
     vertex -1.756443e+00 -1.451875e+01 -2.402094e+01
     vertex -1.706582e+00 -1.502611e+01 -2.402802e+01
     vertex -1.756443e+00 -1.501260e+01 -2.394272e+01
   endloop
 endfacet
 facet normal -8.660254e-01 -7.821723e-02 -4.938442e-01
   outer loop
     vertex -1.706582e+00 -1.453226e+01 -2.410624e+01
     vertex -1.706582e+00 -1.502611e+01 -2.402802e+01
     vertex -1.756443e+00 -1.451875e+01 -2.402094e+01
   endloop
 endfacet
 facet normal -8.400259e-01 -8.487293e-02 -5.358666e-01
   outer loop
     vertex -1.706582e+00 -1.453226e+01 -2.410624e+01
     vertex -1.652478e+00 -1.503921e+01 -2.411076e+01
     vertex -1.706582e+00 -1.502611e+01 -2.402802e+01
   endloop
 endfacet
 facet normal -8.400259e-01 -8.487293e-02 -5.358666e-01
   outer loop
     vertex -1.652478e+00 -1.454537e+01 -2.418898e+01
     vertex -1.652478e+00 -1.503921e+01 -2.411076e+01
     vertex -1.706582e+00 -1.453226e+01 -2.410624e+01
   endloop
 endfacet
 facet normal -8.119380e-01 -9.131763e-02 -5.765568e-01
   outer loop
     vertex -1.652478e+00 -1.454537e+01 -2.418898e+01
     vertex -1.594265e+00 -1.505188e+01 -2.419073e+01
     vertex -1.652478e+00 -1.503921e+01 -2.411076e+01
   endloop
 endfacet
 facet normal -8.119380e-01 -9.131763e-02 -5.765568e-01
   outer loop
     vertex -1.594265e+00 -1.455804e+01 -2.426895e+01
     vertex -1.594265e+00 -1.505188e+01 -2.419073e+01
     vertex -1.652478e+00 -1.454537e+01 -2.418898e+01
   endloop
 endfacet
 facet normal -7.818315e-01 -9.753529e-02 -6.158136e-01
   outer loop
     vertex -1.594265e+00 -1.455804e+01 -2.426895e+01
     vertex -1.532089e+00 -1.506408e+01 -2.426774e+01
     vertex -1.594265e+00 -1.505188e+01 -2.419073e+01
   endloop
 endfacet
 facet normal -7.818315e-01 -9.753529e-02 -6.158136e-01
   outer loop
     vertex -1.532089e+00 -1.457023e+01 -2.434596e+01
     vertex -1.532089e+00 -1.506408e+01 -2.426774e+01
     vertex -1.594265e+00 -1.455804e+01 -2.426895e+01
   endloop
 endfacet
 facet normal -7.497812e-01 -1.035105e-01 -6.535394e-01
   outer loop
     vertex -1.532089e+00 -1.457023e+01 -2.434596e+01
     vertex -1.466104e+00 -1.507577e+01 -2.434159e+01
     vertex -1.532089e+00 -1.506408e+01 -2.426774e+01
   endloop
 endfacet
 facet normal -7.497812e-01 -1.035105e-01 -6.535394e-01
   outer loop
     vertex -1.466104e+00 -1.458193e+01 -2.441981e+01
     vertex -1.466104e+00 -1.507577e+01 -2.434159e+01
     vertex -1.532089e+00 -1.457023e+01 -2.434596e+01
   endloop
 endfacet
 facet normal -7.158668e-01 -1.092283e-01 -6.896404e-01
   outer loop
     vertex -1.466104e+00 -1.458193e+01 -2.441981e+01
     vertex -1.396474e+00 -1.508694e+01 -2.441210e+01
     vertex -1.466104e+00 -1.507577e+01 -2.434159e+01
   endloop
 endfacet
 facet normal -7.158668e-01 -1.092283e-01 -6.896404e-01
   outer loop
     vertex -1.396474e+00 -1.459310e+01 -2.449032e+01
     vertex -1.396474e+00 -1.508694e+01 -2.441210e+01
     vertex -1.466104e+00 -1.458193e+01 -2.441981e+01
   endloop
 endfacet
 facet normal -6.427876e-01 -1.198358e-01 -7.566132e-01
   outer loop
     vertex -1.323372e+00 -1.460371e+01 -2.455731e+01
     vertex -1.246980e+00 -1.510758e+01 -2.454240e+01
     vertex -1.323372e+00 -1.509755e+01 -2.447909e+01
   endloop
 endfacet
 facet normal -6.801727e-01 -1.146746e-01 -7.240268e-01
   outer loop
     vertex -1.323372e+00 -1.460371e+01 -2.455731e+01
     vertex -1.323372e+00 -1.509755e+01 -2.447909e+01
     vertex -1.396474e+00 -1.508694e+01 -2.441210e+01
   endloop
 endfacet
 facet normal -6.801727e-01 -1.146746e-01 -7.240268e-01
   outer loop
     vertex -1.323372e+00 -1.460371e+01 -2.455731e+01
     vertex -1.396474e+00 -1.508694e+01 -2.441210e+01
     vertex -1.396474e+00 -1.459310e+01 -2.449032e+01
   endloop
 endfacet
 facet normal -6.038044e-01 -1.246990e-01 -7.873185e-01
   outer loop
     vertex -1.246980e+00 -1.461373e+01 -2.462062e+01
     vertex -1.167487e+00 -1.511700e+01 -2.460188e+01
     vertex -1.246980e+00 -1.510758e+01 -2.454240e+01
   endloop
 endfacet
 facet normal -6.427876e-01 -1.198358e-01 -7.566132e-01
   outer loop
     vertex -1.246980e+00 -1.461373e+01 -2.462062e+01
     vertex -1.246980e+00 -1.510758e+01 -2.454240e+01
     vertex -1.323372e+00 -1.460371e+01 -2.455731e+01
   endloop
 endfacet
 facet normal -5.633201e-01 -1.292522e-01 -8.160664e-01
   outer loop
     vertex -1.167487e+00 -1.462315e+01 -2.468009e+01
     vertex -1.085093e+00 -1.512579e+01 -2.465736e+01
     vertex -1.167487e+00 -1.511700e+01 -2.460188e+01
   endloop
 endfacet
 facet normal -6.038044e-01 -1.246990e-01 -7.873185e-01
   outer loop
     vertex -1.167487e+00 -1.462315e+01 -2.468009e+01
     vertex -1.167487e+00 -1.511700e+01 -2.460188e+01
     vertex -1.246980e+00 -1.461373e+01 -2.462062e+01
   endloop
 endfacet
 facet normal -5.214352e-01 -1.334841e-01 -8.427855e-01
   outer loop
     vertex -1.085093e+00 -1.463194e+01 -2.473558e+01
     vertex -1.000000e+00 -1.513392e+01 -2.470872e+01
     vertex -1.085093e+00 -1.512579e+01 -2.465736e+01
   endloop
 endfacet
 facet normal -5.633201e-01 -1.292522e-01 -8.160664e-01
   outer loop
     vertex -1.085093e+00 -1.463194e+01 -2.473558e+01
     vertex -1.085093e+00 -1.512579e+01 -2.465736e+01
     vertex -1.167487e+00 -1.462315e+01 -2.468009e+01
   endloop
 endfacet
 facet normal -5.214352e-01 -1.334841e-01 -8.427855e-01
   outer loop
     vertex -1.000000e+00 -1.464008e+01 -2.478694e+01
     vertex -1.000000e+00 -1.513392e+01 -2.470872e+01
     vertex -1.085093e+00 -1.463194e+01 -2.473558e+01
   endloop
 endfacet
 facet normal -4.782540e-01 -1.373841e-01 -8.674092e-01
   outer loop
     vertex -9.124213e-01 -1.464754e+01 -2.483404e+01
     vertex -9.124213e-01 -1.514138e+01 -2.475582e+01
     vertex -1.000000e+00 -1.513392e+01 -2.470872e+01
   endloop
 endfacet
 facet normal -4.782540e-01 -1.373841e-01 -8.674092e-01
   outer loop
     vertex -9.124213e-01 -1.464754e+01 -2.483404e+01
     vertex -1.000000e+00 -1.513392e+01 -2.470872e+01
     vertex -1.000000e+00 -1.464008e+01 -2.478694e+01
   endloop
 endfacet
 facet normal -3.884348e-01 -1.441506e-01 -9.101313e-01
   outer loop
     vertex -8.225742e-01 -1.465431e+01 -2.487678e+01
     vertex -7.306820e-01 -1.515421e+01 -2.483682e+01
     vertex -8.225742e-01 -1.514815e+01 -2.479856e+01
   endloop
 endfacet
 facet normal -4.338837e-01 -1.409426e-01 -8.898764e-01
   outer loop
     vertex -8.225742e-01 -1.465431e+01 -2.487678e+01
     vertex -8.225742e-01 -1.514815e+01 -2.479856e+01
     vertex -9.124213e-01 -1.514138e+01 -2.475582e+01
   endloop
 endfacet
 facet normal -4.338837e-01 -1.409426e-01 -8.898764e-01
   outer loop
     vertex -8.225742e-01 -1.465431e+01 -2.487678e+01
     vertex -9.124213e-01 -1.514138e+01 -2.475582e+01
     vertex -9.124213e-01 -1.464754e+01 -2.483404e+01
   endloop
 endfacet
 facet normal -3.884348e-01 -1.441506e-01 -9.101313e-01
   outer loop
     vertex -7.306820e-01 -1.466037e+01 -2.491504e+01
     vertex -7.306820e-01 -1.515421e+01 -2.483682e+01
     vertex -8.225742e-01 -1.465431e+01 -2.487678e+01
   endloop
 endfacet
 facet normal -3.420201e-01 -1.470003e-01 -9.281234e-01
   outer loop
     vertex -6.369733e-01 -1.466570e+01 -2.494872e+01
     vertex -7.306820e-01 -1.515421e+01 -2.483682e+01
     vertex -7.306820e-01 -1.466037e+01 -2.491504e+01
   endloop
 endfacet
 facet normal -2.947552e-01 -1.494845e-01 -9.438081e-01
   outer loop
     vertex -6.369733e-01 -1.466570e+01 -2.494872e+01
     vertex -5.416809e-01 -1.516414e+01 -2.489954e+01
     vertex -6.369733e-01 -1.515955e+01 -2.487051e+01
   endloop
 endfacet
 facet normal -3.420201e-01 -1.470003e-01 -9.281234e-01
   outer loop
     vertex -6.369733e-01 -1.466570e+01 -2.494872e+01
     vertex -6.369733e-01 -1.515955e+01 -2.487051e+01
     vertex -7.306820e-01 -1.515421e+01 -2.483682e+01
   endloop
 endfacet
 facet normal -2.947552e-01 -1.494845e-01 -9.438081e-01
   outer loop
     vertex -5.416809e-01 -1.467030e+01 -2.497776e+01
     vertex -5.416809e-01 -1.516414e+01 -2.489954e+01
     vertex -6.369733e-01 -1.466570e+01 -2.494872e+01
   endloop
 endfacet
 facet normal -2.467574e-01 -1.515971e-01 -9.571463e-01
   outer loop
     vertex -4.450419e-01 -1.467415e+01 -2.500206e+01
     vertex -5.416809e-01 -1.516414e+01 -2.489954e+01
     vertex -5.416809e-01 -1.467030e+01 -2.497776e+01
   endloop
 endfacet
 facet normal -1.981461e-01 -1.533328e-01 -9.681049e-01
   outer loop
     vertex -4.450419e-01 -1.467415e+01 -2.500206e+01
     vertex -3.472964e-01 -1.517108e+01 -2.494336e+01
     vertex -4.450419e-01 -1.516799e+01 -2.492384e+01
   endloop
 endfacet
 facet normal -2.467574e-01 -1.515971e-01 -9.571463e-01
   outer loop
     vertex -4.450419e-01 -1.467415e+01 -2.500206e+01
     vertex -4.450419e-01 -1.516799e+01 -2.492384e+01
     vertex -5.416809e-01 -1.516414e+01 -2.489954e+01
   endloop
 endfacet
 facet normal -1.981461e-01 -1.533328e-01 -9.681049e-01
   outer loop
     vertex -3.472964e-01 -1.467724e+01 -2.502158e+01
     vertex -3.472964e-01 -1.517108e+01 -2.494336e+01
     vertex -4.450419e-01 -1.467415e+01 -2.500206e+01
   endloop
 endfacet
 facet normal -1.490423e-01 -1.546872e-01 -9.766567e-01
   outer loop
     vertex -2.486874e-01 -1.467956e+01 -2.503626e+01
     vertex -3.472964e-01 -1.517108e+01 -2.494336e+01
     vertex -3.472964e-01 -1.467724e+01 -2.502158e+01
   endloop
 endfacet
 facet normal -9.956785e-02 -1.556571e-01 -9.827803e-01
   outer loop
     vertex -2.486874e-01 -1.467956e+01 -2.503626e+01
     vertex -1.494602e-01 -1.517496e+01 -2.496785e+01
     vertex -2.486874e-01 -1.517341e+01 -2.495804e+01
   endloop
 endfacet
 facet normal -1.490423e-01 -1.546872e-01 -9.766567e-01
   outer loop
     vertex -2.486874e-01 -1.467956e+01 -2.503626e+01
     vertex -2.486874e-01 -1.517341e+01 -2.495804e+01
     vertex -3.472964e-01 -1.517108e+01 -2.494336e+01
   endloop
 endfacet
 facet normal -9.956785e-02 -1.556571e-01 -9.827803e-01
   outer loop
     vertex -1.494602e-01 -1.468112e+01 -2.504606e+01
     vertex -1.494602e-01 -1.517496e+01 -2.496785e+01
     vertex -2.486874e-01 -1.467956e+01 -2.503626e+01
   endloop
 endfacet
 facet normal -4.984589e-02 -1.562400e-01 -9.864606e-01
   outer loop
     vertex -4.986138e-02 -1.468190e+01 -2.505097e+01
     vertex -1.494602e-01 -1.517496e+01 -2.496785e+01
     vertex -1.494602e-01 -1.468112e+01 -2.504606e+01
   endloop
 endfacet
 facet normal -4.984589e-02 -1.562400e-01 -9.864606e-01
   outer loop
     vertex -4.986138e-02 -1.468190e+01 -2.505097e+01
     vertex -4.986138e-02 -1.517574e+01 -2.497276e+01
     vertex -1.494602e-01 -1.517496e+01 -2.496785e+01
   endloop
 endfacet
 facet normal -0.000000e+00 -1.564345e-01 -9.876883e-01
   outer loop
     vertex  4.986138e-02 -1.468190e+01 -2.505097e+01
     vertex -4.986138e-02 -1.517574e+01 -2.497276e+01
     vertex -4.986138e-02 -1.468190e+01 -2.505097e+01
   endloop
 endfacet
 facet normal  4.984589e-02 -1.562400e-01 -9.864606e-01
   outer loop
     vertex  4.986138e-02 -1.468190e+01 -2.505097e+01
     vertex  1.494602e-01 -1.517496e+01 -2.496785e+01
     vertex  4.986138e-02 -1.517574e+01 -2.497276e+01
   endloop
 endfacet
 facet normal  5.941486e-17 -1.564345e-01 -9.876883e-01
   outer loop
     vertex  4.986138e-02 -1.468190e+01 -2.505097e+01
     vertex  4.986138e-02 -1.517574e+01 -2.497276e+01
     vertex -4.986138e-02 -1.517574e+01 -2.497276e+01
   endloop
 endfacet
 facet normal  4.984589e-02 -1.562400e-01 -9.864606e-01
   outer loop
     vertex  1.494602e-01 -1.468112e+01 -2.504606e+01
     vertex  1.494602e-01 -1.517496e+01 -2.496785e+01
     vertex  4.986138e-02 -1.468190e+01 -2.505097e+01
   endloop
 endfacet
 facet normal  9.956785e-02 -1.556571e-01 -9.827803e-01
   outer loop
     vertex  2.486874e-01 -1.467956e+01 -2.503626e+01
     vertex  1.494602e-01 -1.517496e+01 -2.496785e+01
     vertex  1.494602e-01 -1.468112e+01 -2.504606e+01
   endloop
 endfacet
 facet normal  1.490423e-01 -1.546872e-01 -9.766567e-01
   outer loop
     vertex  2.486874e-01 -1.467956e+01 -2.503626e+01
     vertex  3.472964e-01 -1.517108e+01 -2.494336e+01
     vertex  2.486874e-01 -1.517341e+01 -2.495804e+01
   endloop
 endfacet
 facet normal  9.956785e-02 -1.556571e-01 -9.827803e-01
   outer loop
     vertex  2.486874e-01 -1.467956e+01 -2.503626e+01
     vertex  2.486874e-01 -1.517341e+01 -2.495804e+01
     vertex  1.494602e-01 -1.517496e+01 -2.496785e+01
   endloop
 endfacet
 facet normal  1.490423e-01 -1.546872e-01 -9.766567e-01
   outer loop
     vertex  3.472964e-01 -1.467724e+01 -2.502158e+01
     vertex  3.472964e-01 -1.517108e+01 -2.494336e+01
     vertex  2.486874e-01 -1.467956e+01 -2.503626e+01
   endloop
 endfacet
 facet normal  1.981461e-01 -1.533328e-01 -9.681049e-01
   outer loop
     vertex  4.450419e-01 -1.467415e+01 -2.500206e+01
     vertex  3.472964e-01 -1.517108e+01 -2.494336e+01
     vertex  3.472964e-01 -1.467724e+01 -2.502158e+01
   endloop
 endfacet
 facet normal  1.981461e-01 -1.533328e-01 -9.681049e-01
   outer loop
     vertex  4.450419e-01 -1.467415e+01 -2.500206e+01
     vertex  4.450419e-01 -1.516799e+01 -2.492384e+01
     vertex  3.472964e-01 -1.517108e+01 -2.494336e+01
   endloop
 endfacet
 facet normal  2.467574e-01 -1.515971e-01 -9.571463e-01
   outer loop
     vertex  5.416809e-01 -1.467030e+01 -2.497776e+01
     vertex  5.416809e-01 -1.516414e+01 -2.489954e+01
     vertex  4.450419e-01 -1.516799e+01 -2.492384e+01
   endloop
 endfacet
 facet normal  2.467574e-01 -1.515971e-01 -9.571463e-01
   outer loop
     vertex  5.416809e-01 -1.467030e+01 -2.497776e+01
     vertex  4.450419e-01 -1.516799e+01 -2.492384e+01
     vertex  4.450419e-01 -1.467415e+01 -2.500206e+01
   endloop
 endfacet
 facet normal  2.947552e-01 -1.494845e-01 -9.438081e-01
   outer loop
     vertex  6.369733e-01 -1.466570e+01 -2.494872e+01
     vertex  5.416809e-01 -1.516414e+01 -2.489954e+01
     vertex  5.416809e-01 -1.467030e+01 -2.497776e+01
   endloop
 endfacet
 facet normal  3.420201e-01 -1.470003e-01 -9.281234e-01
   outer loop
     vertex  6.369733e-01 -1.466570e+01 -2.494872e+01
     vertex  7.306820e-01 -1.515421e+01 -2.483682e+01
     vertex  6.369733e-01 -1.515955e+01 -2.487051e+01
   endloop
 endfacet
 facet normal  2.947552e-01 -1.494845e-01 -9.438081e-01
   outer loop
     vertex  6.369733e-01 -1.466570e+01 -2.494872e+01
     vertex  6.369733e-01 -1.515955e+01 -2.487051e+01
     vertex  5.416809e-01 -1.516414e+01 -2.489954e+01
   endloop
 endfacet
 facet normal  3.420201e-01 -1.470003e-01 -9.281234e-01
   outer loop
     vertex  7.306820e-01 -1.466037e+01 -2.491504e+01
     vertex  7.306820e-01 -1.515421e+01 -2.483682e+01
     vertex  6.369733e-01 -1.466570e+01 -2.494872e+01
   endloop
 endfacet
 facet normal  4.338837e-01 -1.409426e-01 -8.898764e-01
   outer loop
     vertex  8.225742e-01 -1.465431e+01 -2.487678e+01
     vertex  9.124213e-01 -1.514138e+01 -2.475582e+01
     vertex  8.225742e-01 -1.514815e+01 -2.479856e+01
   endloop
 endfacet
 facet normal  3.884348e-01 -1.441506e-01 -9.101313e-01
   outer loop
     vertex  8.225742e-01 -1.465431e+01 -2.487678e+01
     vertex  8.225742e-01 -1.514815e+01 -2.479856e+01
     vertex  7.306820e-01 -1.515421e+01 -2.483682e+01
   endloop
 endfacet
 facet normal  3.884348e-01 -1.441506e-01 -9.101313e-01
   outer loop
     vertex  8.225742e-01 -1.465431e+01 -2.487678e+01
     vertex  7.306820e-01 -1.515421e+01 -2.483682e+01
     vertex  7.306820e-01 -1.466037e+01 -2.491504e+01
   endloop
 endfacet
 facet normal  4.338837e-01 -1.409426e-01 -8.898764e-01
   outer loop
     vertex  9.124213e-01 -1.464754e+01 -2.483404e+01
     vertex  9.124213e-01 -1.514138e+01 -2.475582e+01
     vertex  8.225742e-01 -1.465431e+01 -2.487678e+01
   endloop
 endfacet
 facet normal  4.782540e-01 -1.373841e-01 -8.674092e-01
   outer loop
     vertex  1.000000e+00 -1.464008e+01 -2.478694e+01
     vertex  1.000000e+00 -1.513392e+01 -2.470872e+01
     vertex  9.124213e-01 -1.514138e+01 -2.475582e+01
   endloop
 endfacet
 facet normal  4.782540e-01 -1.373841e-01 -8.674092e-01
   outer loop
     vertex  1.000000e+00 -1.464008e+01 -2.478694e+01
     vertex  9.124213e-01 -1.514138e+01 -2.475582e+01
     vertex  9.124213e-01 -1.464754e+01 -2.483404e+01
   endloop
 endfacet
 facet normal  5.214352e-01 -1.334841e-01 -8.427855e-01
   outer loop
     vertex  1.085093e+00 -1.463194e+01 -2.473558e+01
     vertex  1.085093e+00 -1.512579e+01 -2.465736e+01
     vertex  1.000000e+00 -1.513392e+01 -2.470872e+01
   endloop
 endfacet
 facet normal  5.214352e-01 -1.334841e-01 -8.427855e-01
   outer loop
     vertex  1.085093e+00 -1.463194e+01 -2.473558e+01
     vertex  1.000000e+00 -1.513392e+01 -2.470872e+01
     vertex  1.000000e+00 -1.464008e+01 -2.478694e+01
   endloop
 endfacet
 facet normal  5.633201e-01 -1.292522e-01 -8.160664e-01
   outer loop
     vertex  1.167487e+00 -1.462315e+01 -2.468009e+01
     vertex  1.167487e+00 -1.511700e+01 -2.460188e+01
     vertex  1.085093e+00 -1.512579e+01 -2.465736e+01
   endloop
 endfacet
 facet normal  5.633201e-01 -1.292522e-01 -8.160664e-01
   outer loop
     vertex  1.167487e+00 -1.462315e+01 -2.468009e+01
     vertex  1.085093e+00 -1.512579e+01 -2.465736e+01
     vertex  1.085093e+00 -1.463194e+01 -2.473558e+01
   endloop
 endfacet
 facet normal  6.427876e-01 -1.198358e-01 -7.566132e-01
   outer loop
     vertex  1.246980e+00 -1.461373e+01 -2.462062e+01
     vertex  1.323372e+00 -1.509755e+01 -2.447909e+01
     vertex  1.246980e+00 -1.510758e+01 -2.454240e+01
   endloop
 endfacet
 facet normal  6.038044e-01 -1.246990e-01 -7.873185e-01
   outer loop
     vertex  1.246980e+00 -1.461373e+01 -2.462062e+01
     vertex  1.246980e+00 -1.510758e+01 -2.454240e+01
     vertex  1.167487e+00 -1.511700e+01 -2.460188e+01
   endloop
 endfacet
 facet normal  6.038044e-01 -1.246990e-01 -7.873185e-01
   outer loop
     vertex  1.246980e+00 -1.461373e+01 -2.462062e+01
     vertex  1.167487e+00 -1.511700e+01 -2.460188e+01
     vertex  1.167487e+00 -1.462315e+01 -2.468009e+01
   endloop
 endfacet
 facet normal  6.427876e-01 -1.198358e-01 -7.566132e-01
   outer loop
     vertex  1.323372e+00 -1.460371e+01 -2.455731e+01
     vertex  1.323372e+00 -1.509755e+01 -2.447909e+01
     vertex  1.246980e+00 -1.461373e+01 -2.462062e+01
   endloop
 endfacet
 facet normal  7.158668e-01 -1.092283e-01 -6.896404e-01
   outer loop
     vertex  1.396474e+00 -1.459310e+01 -2.449032e+01
     vertex  1.466104e+00 -1.507577e+01 -2.434159e+01
     vertex  1.396474e+00 -1.508694e+01 -2.441210e+01
   endloop
 endfacet
 facet normal  6.801727e-01 -1.146746e-01 -7.240268e-01
   outer loop
     vertex  1.396474e+00 -1.459310e+01 -2.449032e+01
     vertex  1.396474e+00 -1.508694e+01 -2.441210e+01
     vertex  1.323372e+00 -1.509755e+01 -2.447909e+01
   endloop
 endfacet
 facet normal  6.801727e-01 -1.146746e-01 -7.240268e-01
   outer loop
     vertex  1.396474e+00 -1.459310e+01 -2.449032e+01
     vertex  1.323372e+00 -1.509755e+01 -2.447909e+01
     vertex  1.323372e+00 -1.460371e+01 -2.455731e+01
   endloop
 endfacet
 facet normal  7.497812e-01 -1.035105e-01 -6.535394e-01
   outer loop
     vertex  1.466104e+00 -1.458193e+01 -2.441981e+01
     vertex  1.532089e+00 -1.506408e+01 -2.426774e+01
     vertex  1.466104e+00 -1.507577e+01 -2.434159e+01
   endloop
 endfacet
 facet normal  7.158668e-01 -1.092283e-01 -6.896404e-01
   outer loop
     vertex  1.466104e+00 -1.458193e+01 -2.441981e+01
     vertex  1.466104e+00 -1.507577e+01 -2.434159e+01
     vertex  1.396474e+00 -1.459310e+01 -2.449032e+01
   endloop
 endfacet
 facet normal  7.497812e-01 -1.035105e-01 -6.535394e-01
   outer loop
     vertex  1.532089e+00 -1.457023e+01 -2.434596e+01
     vertex  1.532089e+00 -1.506408e+01 -2.426774e+01
     vertex  1.466104e+00 -1.458193e+01 -2.441981e+01
   endloop
 endfacet
 facet normal  7.818315e-01 -9.753529e-02 -6.158136e-01
   outer loop
     vertex  1.594265e+00 -1.455804e+01 -2.426895e+01
     vertex  1.532089e+00 -1.506408e+01 -2.426774e+01
     vertex  1.532089e+00 -1.457023e+01 -2.434596e+01
   endloop
 endfacet
 facet normal  7.818315e-01 -9.753529e-02 -6.158136e-01
   outer loop
     vertex  1.594265e+00 -1.455804e+01 -2.426895e+01
     vertex  1.594265e+00 -1.505188e+01 -2.419073e+01
     vertex  1.532089e+00 -1.506408e+01 -2.426774e+01
   endloop
 endfacet
 facet normal  8.119380e-01 -9.131763e-02 -5.765568e-01
   outer loop
     vertex  1.652478e+00 -1.454537e+01 -2.418898e+01
     vertex  1.594265e+00 -1.505188e+01 -2.419073e+01
     vertex  1.594265e+00 -1.455804e+01 -2.426895e+01
   endloop
 endfacet
 facet normal  8.400259e-01 -8.487293e-02 -5.358666e-01
   outer loop
     vertex  1.652478e+00 -1.454537e+01 -2.418898e+01
     vertex  1.706582e+00 -1.502611e+01 -2.402802e+01
     vertex  1.652478e+00 -1.503921e+01 -2.411076e+01
   endloop
 endfacet
 facet normal  8.119380e-01 -9.131763e-02 -5.765568e-01
   outer loop
     vertex  1.652478e+00 -1.454537e+01 -2.418898e+01
     vertex  1.652478e+00 -1.503921e+01 -2.411076e+01
     vertex  1.594265e+00 -1.505188e+01 -2.419073e+01
   endloop
 endfacet
 facet normal  8.400259e-01 -8.487293e-02 -5.358666e-01
   outer loop
     vertex  1.706582e+00 -1.453226e+01 -2.410624e+01
     vertex  1.706582e+00 -1.502611e+01 -2.402802e+01
     vertex  1.652478e+00 -1.454537e+01 -2.418898e+01
   endloop
 endfacet
 facet normal  8.660254e-01 -7.821723e-02 -4.938442e-01
   outer loop
     vertex  1.756443e+00 -1.451875e+01 -2.402094e+01
     vertex  1.706582e+00 -1.502611e+01 -2.402802e+01
     vertex  1.706582e+00 -1.453226e+01 -2.410624e+01
   endloop
 endfacet
 facet normal  8.660254e-01 -7.821723e-02 -4.938442e-01
   outer loop
     vertex  1.756443e+00 -1.451875e+01 -2.402094e+01
     vertex  1.756443e+00 -1.501260e+01 -2.394272e+01
     vertex  1.706582e+00 -1.502611e+01 -2.402802e+01
   endloop
 endfacet
 facet normal  8.898718e-01 -7.136707e-02 -4.505939e-01
   outer loop
     vertex  1.801938e+00 -1.450487e+01 -2.393329e+01
     vertex  1.756443e+00 -1.501260e+01 -2.394272e+01
     vertex  1.756443e+00 -1.451875e+01 -2.402094e+01
   endloop
 endfacet
 facet normal  9.115059e-01 -6.433948e-02 -4.062235e-01
   outer loop
     vertex  1.801938e+00 -1.450487e+01 -2.393329e+01
     vertex  1.842952e+00 -1.498450e+01 -2.376530e+01
     vertex  1.801938e+00 -1.499872e+01 -2.385508e+01
   endloop
 endfacet
 facet normal  8.898718e-01 -7.136707e-02 -4.505939e-01
   outer loop
     vertex  1.801938e+00 -1.450487e+01 -2.393329e+01
     vertex  1.801938e+00 -1.499872e+01 -2.385508e+01
     vertex  1.756443e+00 -1.501260e+01 -2.394272e+01
   endloop
 endfacet
 facet normal  9.115059e-01 -6.433948e-02 -4.062235e-01
   outer loop
     vertex  1.842952e+00 -1.449065e+01 -2.384351e+01
     vertex  1.842952e+00 -1.498450e+01 -2.376530e+01
     vertex  1.801938e+00 -1.450487e+01 -2.393329e+01
   endloop
 endfacet
 facet normal  9.308737e-01 -5.715193e-02 -3.608431e-01
   outer loop
     vertex  1.879385e+00 -1.447613e+01 -2.375183e+01
     vertex  1.842952e+00 -1.498450e+01 -2.376530e+01
     vertex  1.842952e+00 -1.449065e+01 -2.384351e+01
   endloop
 endfacet
 facet normal  9.308737e-01 -5.715193e-02 -3.608431e-01
   outer loop
     vertex  1.879385e+00 -1.447613e+01 -2.375183e+01
     vertex  1.879385e+00 -1.496998e+01 -2.367361e+01
     vertex  1.842952e+00 -1.498450e+01 -2.376530e+01
   endloop
 endfacet
 facet normal  9.626242e-01 -4.236878e-02 -2.675060e-01
   outer loop
     vertex  1.911146e+00 -1.446134e+01 -2.365846e+01
     vertex  1.938155e+00 -1.494017e+01 -2.348543e+01
     vertex  1.911146e+00 -1.495519e+01 -2.358025e+01
   endloop
 endfacet
 facet normal  9.479273e-01 -4.982229e-02 -3.145656e-01
   outer loop
     vertex  1.911146e+00 -1.446134e+01 -2.365846e+01
     vertex  1.911146e+00 -1.495519e+01 -2.358025e+01
     vertex  1.879385e+00 -1.496998e+01 -2.367361e+01
   endloop
 endfacet
 facet normal  9.479273e-01 -4.982229e-02 -3.145656e-01
   outer loop
     vertex  1.911146e+00 -1.446134e+01 -2.365846e+01
     vertex  1.879385e+00 -1.496998e+01 -2.367361e+01
     vertex  1.879385e+00 -1.447613e+01 -2.375183e+01
   endloop
 endfacet
 facet normal  9.626242e-01 -4.236878e-02 -2.675060e-01
   outer loop
     vertex  1.938155e+00 -1.444633e+01 -2.356365e+01
     vertex  1.938155e+00 -1.494017e+01 -2.348543e+01
     vertex  1.911146e+00 -1.446134e+01 -2.365846e+01
   endloop
 endfacet
 facet normal  9.848078e-01 -2.716456e-02 -1.715103e-01
   outer loop
     vertex  1.960345e+00 -1.443112e+01 -2.346762e+01
     vertex  1.977662e+00 -1.490960e+01 -2.329241e+01
     vertex  1.960345e+00 -1.492496e+01 -2.338941e+01
   endloop
 endfacet
 facet normal  9.749279e-01 -3.480994e-02 -2.197813e-01
   outer loop
     vertex  1.960345e+00 -1.443112e+01 -2.346762e+01
     vertex  1.960345e+00 -1.492496e+01 -2.338941e+01
     vertex  1.938155e+00 -1.494017e+01 -2.348543e+01
   endloop
 endfacet
 facet normal  9.749279e-01 -3.480994e-02 -2.197813e-01
   outer loop
     vertex  1.960345e+00 -1.443112e+01 -2.346762e+01
     vertex  1.938155e+00 -1.494017e+01 -2.348543e+01
     vertex  1.938155e+00 -1.444633e+01 -2.356365e+01
   endloop
 endfacet
 facet normal  9.848078e-01 -2.716456e-02 -1.715103e-01
   outer loop
     vertex  1.977662e+00 -1.441575e+01 -2.337062e+01
     vertex  1.977662e+00 -1.490960e+01 -2.329241e+01
     vertex  1.960345e+00 -1.443112e+01 -2.346762e+01
   endloop
 endfacet
 facet normal  9.972038e-01 -1.169036e-02 -7.381004e-02
   outer loop
     vertex  1.990062e+00 -1.440028e+01 -2.327289e+01
     vertex  1.997514e+00 -1.487856e+01 -2.309646e+01
     vertex  1.990062e+00 -1.489412e+01 -2.319468e+01
   endloop
 endfacet
 facet normal  9.922392e-01 -1.945164e-02 -1.228128e-01
   outer loop
     vertex  1.990062e+00 -1.440028e+01 -2.327289e+01
     vertex  1.990062e+00 -1.489412e+01 -2.319468e+01
     vertex  1.977662e+00 -1.490960e+01 -2.329241e+01
   endloop
 endfacet
 facet normal  9.922392e-01 -1.945164e-02 -1.228128e-01
   outer loop
     vertex  1.990062e+00 -1.440028e+01 -2.327289e+01
     vertex  1.977662e+00 -1.490960e+01 -2.329241e+01
     vertex  1.977662e+00 -1.441575e+01 -2.337062e+01
   endloop
 endfacet
 facet normal  9.972038e-01 -1.169036e-02 -7.381004e-02
   outer loop
     vertex  1.997514e+00 -1.438472e+01 -2.317467e+01
     vertex  1.997514e+00 -1.487856e+01 -2.309646e+01
     vertex  1.990062e+00 -1.440028e+01 -2.327289e+01
   endloop
 endfacet
 facet normal  9.996892e-01 -3.900019e-03 -2.462375e-02
   outer loop
     vertex  2.000000e+00 -1.436912e+01 -2.307621e+01
     vertex  2.000000e+00 -1.486297e+01 -2.299799e+01
     vertex  1.997514e+00 -1.487856e+01 -2.309646e+01
   endloop
 endfacet
 facet normal  9.996892e-01 -3.900019e-03 -2.462375e-02
   outer loop
     vertex  2.000000e+00 -1.436912e+01 -2.307621e+01
     vertex  1.997514e+00 -1.487856e+01 -2.309646e+01
     vertex  1.997514e+00 -1.438472e+01 -2.317467e+01
   endloop
 endfacet
 facet normal -6.013331e-14  9.876883e-01 -1.564345e-01
   outer loop
     vertex -1.167487e+00 -1.411509e+01 -2.147233e+01
     vertex -1.323372e+00 -1.413454e+01 -2.159511e+01
     vertex -1.246980e+00 -1.412451e+01 -2.153180e+01
   endloop
 endfacet
 facet normal -1.647599e-13  9.876883e-01 -1.564345e-01
   outer loop
     vertex -1.167487e+00 -1.411509e+01 -2.147233e+01
     vertex -1.396474e+00 -1.414515e+01 -2.166210e+01
     vertex -1.323372e+00 -1.413454e+01 -2.159511e+01
   endloop
 endfacet
 facet normal  2.733130e-14  9.876883e-01 -1.564345e-01
   outer loop
     vertex -1.706582e+00 -1.420598e+01 -2.204618e+01
     vertex -1.652478e+00 -1.419288e+01 -2.196344e+01
     vertex -1.594265e+00 -1.418021e+01 -2.188347e+01
   endloop
 endfacet
 facet normal  1.226467e-14  9.876883e-01 -1.564345e-01
   outer loop
     vertex -9.124213e-01 -1.409071e+01 -2.131838e+01
     vertex -1.085093e+00 -1.410631e+01 -2.141684e+01
     vertex -1.000000e+00 -1.409817e+01 -2.136548e+01
   endloop
 endfacet
 facet normal  4.222923e-13  9.876883e-01 -1.564345e-01
   outer loop
     vertex -1.879385e+00 -1.426212e+01 -2.240059e+01
     vertex -1.842952e+00 -1.424759e+01 -2.230890e+01
     vertex -1.801938e+00 -1.423338e+01 -2.221913e+01
   endloop
 endfacet
 facet normal -1.630944e-14  9.876883e-01 -1.564345e-01
   outer loop
     vertex -1.911146e+00 -1.427690e+01 -2.249396e+01
     vertex -1.706582e+00 -1.420598e+01 -2.204618e+01
     vertex -1.594265e+00 -1.418021e+01 -2.188347e+01
   endloop
 endfacet
 facet normal  5.836802e-14  9.876883e-01 -1.564345e-01
   outer loop
     vertex -1.911146e+00 -1.427690e+01 -2.249396e+01
     vertex -1.594265e+00 -1.418021e+01 -2.188347e+01
     vertex -1.532089e+00 -1.416802e+01 -2.180646e+01
   endloop
 endfacet
 facet normal -1.516877e-15  9.876883e-01 -1.564345e-01
   outer loop
     vertex -1.911146e+00 -1.427690e+01 -2.249396e+01
     vertex -1.756443e+00 -1.421949e+01 -2.213148e+01
     vertex -1.706582e+00 -1.420598e+01 -2.204618e+01
   endloop
 endfacet
 facet normal  4.705895e-14  9.876883e-01 -1.564345e-01
   outer loop
     vertex -1.911146e+00 -1.427690e+01 -2.249396e+01
     vertex -1.801938e+00 -1.423338e+01 -2.221913e+01
     vertex -1.756443e+00 -1.421949e+01 -2.213148e+01
   endloop
 endfacet
 facet normal  1.435557e-14  9.876883e-01 -1.564345e-01
   outer loop
     vertex -1.911146e+00 -1.427690e+01 -2.249396e+01
     vertex -1.879385e+00 -1.426212e+01 -2.240059e+01
     vertex -1.801938e+00 -1.423338e+01 -2.221913e+01
   endloop
 endfacet
 facet normal  1.758452e-13  9.876883e-01 -1.564345e-01
   outer loop
     vertex -1.977662e+00 -1.432249e+01 -2.278180e+01
     vertex -1.938155e+00 -1.429192e+01 -2.258877e+01
     vertex -1.911146e+00 -1.427690e+01 -2.249396e+01
   endloop
 endfacet
 facet normal  1.463986e-13  9.876883e-01 -1.564345e-01
   outer loop
     vertex -1.977662e+00 -1.432249e+01 -2.278180e+01
     vertex -1.960345e+00 -1.430713e+01 -2.268480e+01
     vertex -1.938155e+00 -1.429192e+01 -2.258877e+01
   endloop
 endfacet
 facet normal -3.735516e-14  9.876883e-01 -1.564345e-01
   outer loop
     vertex -1.990062e+00 -1.433797e+01 -2.287953e+01
     vertex -1.977662e+00 -1.432249e+01 -2.278180e+01
     vertex -1.911146e+00 -1.427690e+01 -2.249396e+01
   endloop
 endfacet
 facet normal  9.389524e-15  9.876883e-01 -1.564345e-01
   outer loop
     vertex -4.986138e-02 -1.405635e+01 -2.110145e+01
     vertex -2.486874e-01 -1.405868e+01 -2.111616e+01
     vertex -1.494602e-01 -1.405713e+01 -2.110636e+01
   endloop
 endfacet
 facet normal  4.328702e-15  9.876883e-01 -1.564345e-01
   outer loop
     vertex -4.986138e-02 -1.405635e+01 -2.110145e+01
     vertex -3.472964e-01 -1.406101e+01 -2.113084e+01
     vertex -2.486874e-01 -1.405868e+01 -2.111616e+01
   endloop
 endfacet
 facet normal -7.609061e-19  9.876883e-01 -1.564345e-01
   outer loop
     vertex  1.494602e-01 -1.405713e+01 -2.110636e+01
     vertex -4.986138e-02 -1.405635e+01 -2.110145e+01
     vertex  4.986138e-02 -1.405635e+01 -2.110145e+01
   endloop
 endfacet
 facet normal  1.738959e-14  9.876883e-01 -1.564345e-01
   outer loop
     vertex  5.416809e-01 -1.406795e+01 -2.117466e+01
     vertex  3.472964e-01 -1.406101e+01 -2.113084e+01
     vertex  4.450419e-01 -1.406410e+01 -2.115036e+01
   endloop
 endfacet
 facet normal  3.133544e-14  9.876883e-01 -1.564345e-01
   outer loop
     vertex  5.416809e-01 -1.406795e+01 -2.117466e+01
     vertex  2.486874e-01 -1.405868e+01 -2.111616e+01
     vertex  3.472964e-01 -1.406101e+01 -2.113084e+01
   endloop
 endfacet
 facet normal  2.205647e-14  9.876883e-01 -1.564345e-01
   outer loop
     vertex  5.416809e-01 -1.406795e+01 -2.117466e+01
     vertex  1.494602e-01 -1.405713e+01 -2.110636e+01
     vertex  2.486874e-01 -1.405868e+01 -2.111616e+01
   endloop
 endfacet
 facet normal -3.867779e-14  9.876883e-01 -1.564345e-01
   outer loop
     vertex -1.911146e+00 -1.446134e+01 -2.365846e+01
     vertex -1.990062e+00 -1.440028e+01 -2.327289e+01
     vertex -1.997514e+00 -1.438472e+01 -2.317467e+01
   endloop
 endfacet
 facet normal  9.537668e-14  9.876883e-01 -1.564345e-01
   outer loop
     vertex -1.911146e+00 -1.446134e+01 -2.365846e+01
     vertex -1.977662e+00 -1.441575e+01 -2.337062e+01
     vertex -1.990062e+00 -1.440028e+01 -2.327289e+01
   endloop
 endfacet
 facet normal -1.535574e-13  9.876883e-01 -1.564345e-01
   outer loop
     vertex -1.911146e+00 -1.446134e+01 -2.365846e+01
     vertex -1.960345e+00 -1.443112e+01 -2.346762e+01
     vertex -1.977662e+00 -1.441575e+01 -2.337062e+01
   endloop
 endfacet
 facet normal  2.613154e-13  9.876883e-01 -1.564345e-01
   outer loop
     vertex -1.911146e+00 -1.446134e+01 -2.365846e+01
     vertex -1.938155e+00 -1.444633e+01 -2.356365e+01
     vertex -1.960345e+00 -1.443112e+01 -2.346762e+01
   endloop
 endfacet
 facet normal -5.382431e-14  9.876883e-01 -1.564345e-01
   outer loop
     vertex  7.306820e-01 -1.407788e+01 -2.123738e+01
     vertex  5.416809e-01 -1.406795e+01 -2.117466e+01
     vertex  6.369733e-01 -1.407255e+01 -2.120370e+01
   endloop
 endfacet
 facet normal -4.792862e-14  9.876883e-01 -1.564345e-01
   outer loop
     vertex  8.225742e-01 -1.408394e+01 -2.127564e+01
     vertex  5.416809e-01 -1.406795e+01 -2.117466e+01
     vertex  7.306820e-01 -1.407788e+01 -2.123738e+01
   endloop
 endfacet
 facet normal -3.135150e-14  9.876883e-01 -1.564345e-01
   outer loop
     vertex -1.801938e+00 -1.450487e+01 -2.393329e+01
     vertex -1.911146e+00 -1.446134e+01 -2.365846e+01
     vertex -1.997514e+00 -1.438472e+01 -2.317467e+01
   endloop
 endfacet
 facet normal -2.725733e-14  9.876883e-01 -1.564345e-01
   outer loop
     vertex -1.801938e+00 -1.450487e+01 -2.393329e+01
     vertex -1.997514e+00 -1.435353e+01 -2.297775e+01
     vertex -1.990062e+00 -1.433797e+01 -2.287953e+01
   endloop
 endfacet
 facet normal -2.081443e-14  9.876883e-01 -1.564345e-01
   outer loop
     vertex -1.801938e+00 -1.450487e+01 -2.393329e+01
     vertex -2.000000e+00 -1.436912e+01 -2.307621e+01
     vertex -1.997514e+00 -1.435353e+01 -2.297775e+01
   endloop
 endfacet
 facet normal  6.109356e-14  9.876883e-01 -1.564345e-01
   outer loop
     vertex -1.801938e+00 -1.450487e+01 -2.393329e+01
     vertex -1.997514e+00 -1.438472e+01 -2.317467e+01
     vertex -2.000000e+00 -1.436912e+01 -2.307621e+01
   endloop
 endfacet
 facet normal  2.029808e-13  9.876883e-01 -1.564345e-01
   outer loop
     vertex -1.801938e+00 -1.450487e+01 -2.393329e+01
     vertex -1.879385e+00 -1.447613e+01 -2.375183e+01
     vertex -1.911146e+00 -1.446134e+01 -2.365846e+01
   endloop
 endfacet
 facet normal -4.227330e-13  9.876883e-01 -1.564345e-01
   outer loop
     vertex -1.801938e+00 -1.450487e+01 -2.393329e+01
     vertex -1.842952e+00 -1.449065e+01 -2.384351e+01
     vertex -1.879385e+00 -1.447613e+01 -2.375183e+01
   endloop
 endfacet
 facet normal -6.584240e-14  9.876883e-01 -1.564345e-01
   outer loop
     vertex  1.085093e+00 -1.410631e+01 -2.141684e+01
     vertex  9.124213e-01 -1.409071e+01 -2.131838e+01
     vertex  1.000000e+00 -1.409817e+01 -2.136548e+01
   endloop
 endfacet
 facet normal -2.729080e-14  9.876883e-01 -1.564345e-01
   outer loop
     vertex -1.652478e+00 -1.454537e+01 -2.418898e+01
     vertex -1.706582e+00 -1.453226e+01 -2.410624e+01
     vertex -1.756443e+00 -1.451875e+01 -2.402094e+01
   endloop
 endfacet
 facet normal  7.413418e-14  9.876883e-01 -1.564345e-01
   outer loop
     vertex  1.167487e+00 -1.411509e+01 -2.147233e+01
     vertex  9.124213e-01 -1.409071e+01 -2.131838e+01
     vertex  1.085093e+00 -1.410631e+01 -2.141684e+01
   endloop
 endfacet
 facet normal -2.766335e-14  9.876883e-01 -1.564345e-01
   outer loop
     vertex -1.594265e+00 -1.455804e+01 -2.426895e+01
     vertex -1.652478e+00 -1.454537e+01 -2.418898e+01
     vertex -1.756443e+00 -1.451875e+01 -2.402094e+01
   endloop
 endfacet
 facet normal  6.854748e-14  9.876883e-01 -1.564345e-01
   outer loop
     vertex -1.594265e+00 -1.455804e+01 -2.426895e+01
     vertex -1.756443e+00 -1.451875e+01 -2.402094e+01
     vertex -1.801938e+00 -1.450487e+01 -2.393329e+01
   endloop
 endfacet
 facet normal  3.345633e-15  9.876883e-01 -1.564345e-01
   outer loop
     vertex  1.246980e+00 -1.412451e+01 -2.153180e+01
     vertex  5.416809e-01 -1.406795e+01 -2.117466e+01
     vertex  8.225742e-01 -1.408394e+01 -2.127564e+01
   endloop
 endfacet
 facet normal -1.255320e-14  9.876883e-01 -1.564345e-01
   outer loop
     vertex  1.246980e+00 -1.412451e+01 -2.153180e+01
     vertex  8.225742e-01 -1.408394e+01 -2.127564e+01
     vertex  9.124213e-01 -1.409071e+01 -2.131838e+01
   endloop
 endfacet
 facet normal  1.478488e-15  9.876883e-01 -1.564345e-01
   outer loop
     vertex  1.246980e+00 -1.412451e+01 -2.153180e+01
     vertex -4.450419e-01 -1.406410e+01 -2.115036e+01
     vertex -3.472964e-01 -1.406101e+01 -2.113084e+01
   endloop
 endfacet
 facet normal -5.652799e-14  9.876883e-01 -1.564345e-01
   outer loop
     vertex  1.246980e+00 -1.412451e+01 -2.153180e+01
     vertex  9.124213e-01 -1.409071e+01 -2.131838e+01
     vertex  1.167487e+00 -1.411509e+01 -2.147233e+01
   endloop
 endfacet
 facet normal  1.044960e-15  9.876883e-01 -1.564345e-01
   outer loop
     vertex  1.246980e+00 -1.412451e+01 -2.153180e+01
     vertex -5.416809e-01 -1.406795e+01 -2.117466e+01
     vertex -4.450419e-01 -1.406410e+01 -2.115036e+01
   endloop
 endfacet
 facet normal  2.576538e-15  9.876883e-01 -1.564345e-01
   outer loop
     vertex  1.246980e+00 -1.412451e+01 -2.153180e+01
     vertex -6.369733e-01 -1.407255e+01 -2.120370e+01
     vertex -5.416809e-01 -1.406795e+01 -2.117466e+01
   endloop
 endfacet
 facet normal -4.360533e-16  9.876883e-01 -1.564345e-01
   outer loop
     vertex  1.246980e+00 -1.412451e+01 -2.153180e+01
     vertex -7.306820e-01 -1.407788e+01 -2.123738e+01
     vertex -6.369733e-01 -1.407255e+01 -2.120370e+01
   endloop
 endfacet
 facet normal -7.141141e-16  9.876883e-01 -1.564345e-01
   outer loop
     vertex  1.246980e+00 -1.412451e+01 -2.153180e+01
     vertex -8.225742e-01 -1.408394e+01 -2.127564e+01
     vertex -7.306820e-01 -1.407788e+01 -2.123738e+01
   endloop
 endfacet
 facet normal -7.228412e-16  9.876883e-01 -1.564345e-01
   outer loop
     vertex  1.246980e+00 -1.412451e+01 -2.153180e+01
     vertex -9.124213e-01 -1.409071e+01 -2.131838e+01
     vertex -8.225742e-01 -1.408394e+01 -2.127564e+01
   endloop
 endfacet
 facet normal  2.158568e-15  9.876883e-01 -1.564345e-01
   outer loop
     vertex  1.246980e+00 -1.412451e+01 -2.153180e+01
     vertex  1.494602e-01 -1.405713e+01 -2.110636e+01
     vertex  5.416809e-01 -1.406795e+01 -2.117466e+01
   endloop
 endfacet
 facet normal  7.325988e-16  9.876883e-01 -1.564345e-01
   outer loop
     vertex  1.246980e+00 -1.412451e+01 -2.153180e+01
     vertex -1.167487e+00 -1.411509e+01 -2.147233e+01
     vertex -1.085093e+00 -1.410631e+01 -2.141684e+01
   endloop
 endfacet
 facet normal -4.243346e-15  9.876883e-01 -1.564345e-01
   outer loop
     vertex  1.246980e+00 -1.412451e+01 -2.153180e+01
     vertex -4.986138e-02 -1.405635e+01 -2.110145e+01
     vertex  1.494602e-01 -1.405713e+01 -2.110636e+01
   endloop
 endfacet
 facet normal  7.793014e-17  9.876883e-01 -1.564345e-01
   outer loop
     vertex  1.246980e+00 -1.412451e+01 -2.153180e+01
     vertex -1.085093e+00 -1.410631e+01 -2.141684e+01
     vertex -9.124213e-01 -1.409071e+01 -2.131838e+01
   endloop
 endfacet
 facet normal -2.383034e-15  9.876883e-01 -1.564345e-01
   outer loop
     vertex  1.246980e+00 -1.412451e+01 -2.153180e+01
     vertex -3.472964e-01 -1.406101e+01 -2.113084e+01
     vertex -4.986138e-02 -1.405635e+01 -2.110145e+01
   endloop
 endfacet
 facet normal -9.577124e-14  9.876883e-01 -1.564345e-01
   outer loop
     vertex -1.532089e+00 -1.457023e+01 -2.434596e+01
     vertex -1.594265e+00 -1.455804e+01 -2.426895e+01
     vertex -1.801938e+00 -1.450487e+01 -2.393329e+01
   endloop
 endfacet
 facet normal  2.218803e-13  9.876883e-01 -1.564345e-01
   outer loop
     vertex  1.396474e+00 -1.414515e+01 -2.166210e+01
     vertex  1.246980e+00 -1.412451e+01 -2.153180e+01
     vertex  1.323372e+00 -1.413454e+01 -2.159511e+01
   endloop
 endfacet
 facet normal  5.662431e-14  9.876883e-01 -1.564345e-01
   outer loop
     vertex -1.396474e+00 -1.459310e+01 -2.449032e+01
     vertex -1.466104e+00 -1.458193e+01 -2.441981e+01
     vertex -1.532089e+00 -1.457023e+01 -2.434596e+01
   endloop
 endfacet
 facet normal -1.686647e-13  9.876883e-01 -1.564345e-01
   outer loop
     vertex  1.466104e+00 -1.415632e+01 -2.173261e+01
     vertex  1.246980e+00 -1.412451e+01 -2.153180e+01
     vertex  1.396474e+00 -1.414515e+01 -2.166210e+01
   endloop
 endfacet
 facet normal  3.647298e-15  9.876883e-01 -1.564345e-01
   outer loop
     vertex -1.323372e+00 -1.460371e+01 -2.455731e+01
     vertex -1.532089e+00 -1.457023e+01 -2.434596e+01
     vertex -1.801938e+00 -1.450487e+01 -2.393329e+01
   endloop
 endfacet
 facet normal -1.895748e-13  9.876883e-01 -1.564345e-01
   outer loop
     vertex -1.323372e+00 -1.460371e+01 -2.455731e+01
     vertex -1.396474e+00 -1.459310e+01 -2.449032e+01
     vertex -1.532089e+00 -1.457023e+01 -2.434596e+01
   endloop
 endfacet
 facet normal  1.366409e-13  9.876883e-01 -1.564345e-01
   outer loop
     vertex  1.532089e+00 -1.416802e+01 -2.180646e+01
     vertex  1.246980e+00 -1.412451e+01 -2.153180e+01
     vertex  1.466104e+00 -1.415632e+01 -2.173261e+01
   endloop
 endfacet
 facet normal -9.514969e-14  9.876883e-01 -1.564345e-01
   outer loop
     vertex -1.167487e+00 -1.462315e+01 -2.468009e+01
     vertex -1.246980e+00 -1.461373e+01 -2.462062e+01
     vertex -1.323372e+00 -1.460371e+01 -2.455731e+01
   endloop
 endfacet
 facet normal  5.464952e-14  9.876883e-01 -1.564345e-01
   outer loop
     vertex  1.652478e+00 -1.419288e+01 -2.196344e+01
     vertex  1.532089e+00 -1.416802e+01 -2.180646e+01
     vertex  1.594265e+00 -1.418021e+01 -2.188347e+01
   endloop
 endfacet
 facet normal -3.569082e-14  9.876883e-01 -1.564345e-01
   outer loop
     vertex  1.652478e+00 -1.419288e+01 -2.196344e+01
     vertex  1.246980e+00 -1.412451e+01 -2.153180e+01
     vertex  1.532089e+00 -1.416802e+01 -2.180646e+01
   endloop
 endfacet
 facet normal  9.307277e-15  9.876883e-01 -1.564345e-01
   outer loop
     vertex -1.085093e+00 -1.463194e+01 -2.473558e+01
     vertex -1.323372e+00 -1.460371e+01 -2.455731e+01
     vertex -1.801938e+00 -1.450487e+01 -2.393329e+01
   endloop
 endfacet
 facet normal  6.760842e-14  9.876883e-01 -1.564345e-01
   outer loop
     vertex -1.085093e+00 -1.463194e+01 -2.473558e+01
     vertex -1.167487e+00 -1.462315e+01 -2.468009e+01
     vertex -1.323372e+00 -1.460371e+01 -2.455731e+01
   endloop
 endfacet
 facet normal -4.499843e-13  9.876883e-01 -1.564345e-01
   outer loop
     vertex  1.801938e+00 -1.423338e+01 -2.221913e+01
     vertex  1.706582e+00 -1.420598e+01 -2.204618e+01
     vertex  1.756443e+00 -1.421949e+01 -2.213148e+01
   endloop
 endfacet
 facet normal  3.652496e-14  9.876883e-01 -1.564345e-01
   outer loop
     vertex  1.801938e+00 -1.423338e+01 -2.221913e+01
     vertex  1.652478e+00 -1.419288e+01 -2.196344e+01
     vertex  1.706582e+00 -1.420598e+01 -2.204618e+01
   endloop
 endfacet
 facet normal -9.975570e-15  9.876883e-01 -1.564345e-01
   outer loop
     vertex  1.801938e+00 -1.423338e+01 -2.221913e+01
     vertex  1.246980e+00 -1.412451e+01 -2.153180e+01
     vertex  1.652478e+00 -1.419288e+01 -2.196344e+01
   endloop
 endfacet
 facet normal -4.472430e-14  9.876883e-01 -1.564345e-01
   outer loop
     vertex -8.225742e-01 -1.465431e+01 -2.487678e+01
     vertex -1.000000e+00 -1.464008e+01 -2.478694e+01
     vertex -1.085093e+00 -1.463194e+01 -2.473558e+01
   endloop
 endfacet
 facet normal -7.704176e-15  9.876883e-01 -1.564345e-01
   outer loop
     vertex -8.225742e-01 -1.465431e+01 -2.487678e+01
     vertex -9.124213e-01 -1.464754e+01 -2.483404e+01
     vertex -1.000000e+00 -1.464008e+01 -2.478694e+01
   endloop
 endfacet
 facet normal -1.006269e-13  9.876883e-01 -1.564345e-01
   outer loop
     vertex  1.879385e+00 -1.426212e+01 -2.240059e+01
     vertex  1.801938e+00 -1.423338e+01 -2.221913e+01
     vertex  1.842952e+00 -1.424759e+01 -2.230890e+01
   endloop
 endfacet
 facet normal -1.259516e-13  9.876883e-01 -1.564345e-01
   outer loop
     vertex  1.911146e+00 -1.427690e+01 -2.249396e+01
     vertex  1.801938e+00 -1.423338e+01 -2.221913e+01
     vertex  1.879385e+00 -1.426212e+01 -2.240059e+01
   endloop
 endfacet
 facet normal  2.702403e-14  9.876883e-01 -1.564345e-01
   outer loop
     vertex -5.416809e-01 -1.467030e+01 -2.497776e+01
     vertex -7.306820e-01 -1.466037e+01 -2.491504e+01
     vertex -8.225742e-01 -1.465431e+01 -2.487678e+01
   endloop
 endfacet
 facet normal -5.385072e-14  9.876883e-01 -1.564345e-01
   outer loop
     vertex -5.416809e-01 -1.467030e+01 -2.497776e+01
     vertex -6.369733e-01 -1.466570e+01 -2.494872e+01
     vertex -7.306820e-01 -1.466037e+01 -2.491504e+01
   endloop
 endfacet
 facet normal  1.542537e-13  9.876883e-01 -1.564345e-01
   outer loop
     vertex  1.960345e+00 -1.430713e+01 -2.268480e+01
     vertex  1.911146e+00 -1.427690e+01 -2.249396e+01
     vertex  1.938155e+00 -1.429192e+01 -2.258877e+01
   endloop
 endfacet
 facet normal -4.714300e-14  9.876883e-01 -1.564345e-01
   outer loop
     vertex -3.472964e-01 -1.467724e+01 -2.502158e+01
     vertex -4.450419e-01 -1.467415e+01 -2.500206e+01
     vertex -5.416809e-01 -1.467030e+01 -2.497776e+01
   endloop
 endfacet
 facet normal  1.830471e-13  9.876883e-01 -1.564345e-01
   outer loop
     vertex  1.977662e+00 -1.432249e+01 -2.278180e+01
     vertex  1.911146e+00 -1.427690e+01 -2.249396e+01
     vertex  1.960345e+00 -1.430713e+01 -2.268480e+01
   endloop
 endfacet
 facet normal -4.971117e-14  9.876883e-01 -1.564345e-01
   outer loop
     vertex -2.486874e-01 -1.467956e+01 -2.503626e+01
     vertex -3.472964e-01 -1.467724e+01 -2.502158e+01
     vertex -5.416809e-01 -1.467030e+01 -2.497776e+01
   endloop
 endfacet
 facet normal -2.978440e-13  9.876883e-01 -1.564345e-01
   outer loop
     vertex  2.000000e+00 -1.436912e+01 -2.307621e+01
     vertex  1.990062e+00 -1.433797e+01 -2.287953e+01
     vertex  1.997514e+00 -1.435353e+01 -2.297775e+01
   endloop
 endfacet
 facet normal -3.132119e-15  9.876883e-01 -1.564345e-01
   outer loop
     vertex  4.986138e-02 -1.468190e+01 -2.505097e+01
     vertex -1.494602e-01 -1.468112e+01 -2.504606e+01
     vertex -2.486874e-01 -1.467956e+01 -2.503626e+01
   endloop
 endfacet
 facet normal  0.000000e+00  9.876883e-01 -1.564345e-01
   outer loop
     vertex  4.986138e-02 -1.468190e+01 -2.505097e+01
     vertex -4.986138e-02 -1.468190e+01 -2.505097e+01
     vertex -1.494602e-01 -1.468112e+01 -2.504606e+01
   endloop
 endfacet
 facet normal -2.191133e-13  9.876883e-01 -1.564345e-01
   outer loop
     vertex  1.990062e+00 -1.440028e+01 -2.327289e+01
     vertex  2.000000e+00 -1.436912e+01 -2.307621e+01
     vertex  1.997514e+00 -1.438472e+01 -2.317467e+01
   endloop
 endfacet
 facet normal -3.221691e-14  9.876883e-01 -1.564345e-01
   outer loop
     vertex  2.486874e-01 -1.467956e+01 -2.503626e+01
     vertex  1.494602e-01 -1.468112e+01 -2.504606e+01
     vertex  4.986138e-02 -1.468190e+01 -2.505097e+01
   endloop
 endfacet
 facet normal -1.286790e-13  9.876883e-01 -1.564345e-01
   outer loop
     vertex  1.960345e+00 -1.443112e+01 -2.346762e+01
     vertex  1.990062e+00 -1.440028e+01 -2.327289e+01
     vertex  1.977662e+00 -1.441575e+01 -2.337062e+01
   endloop
 endfacet
 facet normal -3.602710e-14  9.876883e-01 -1.564345e-01
   outer loop
     vertex  4.450419e-01 -1.467415e+01 -2.500206e+01
     vertex  3.472964e-01 -1.467724e+01 -2.502158e+01
     vertex  2.486874e-01 -1.467956e+01 -2.503626e+01
   endloop
 endfacet
 facet normal  5.503154e-14  9.876883e-01 -1.564345e-01
   outer loop
     vertex  1.938155e+00 -1.444633e+01 -2.356365e+01
     vertex  1.990062e+00 -1.440028e+01 -2.327289e+01
     vertex  1.960345e+00 -1.443112e+01 -2.346762e+01
   endloop
 endfacet
 facet normal  1.232921e-13  9.876883e-01 -1.564345e-01
   outer loop
     vertex  1.911146e+00 -1.446134e+01 -2.365846e+01
     vertex  1.990062e+00 -1.440028e+01 -2.327289e+01
     vertex  1.938155e+00 -1.444633e+01 -2.356365e+01
   endloop
 endfacet
 facet normal  2.461465e-15  9.876883e-01 -1.564345e-01
   outer loop
     vertex  6.369733e-01 -1.466570e+01 -2.494872e+01
     vertex  2.486874e-01 -1.467956e+01 -2.503626e+01
     vertex  4.986138e-02 -1.468190e+01 -2.505097e+01
   endloop
 endfacet
 facet normal -7.384766e-15  9.876883e-01 -1.564345e-01
   outer loop
     vertex  6.369733e-01 -1.466570e+01 -2.494872e+01
     vertex  4.450419e-01 -1.467415e+01 -2.500206e+01
     vertex  2.486874e-01 -1.467956e+01 -2.503626e+01
   endloop
 endfacet
 facet normal -1.156511e-13  9.876883e-01 -1.564345e-01
   outer loop
     vertex  6.369733e-01 -1.466570e+01 -2.494872e+01
     vertex  5.416809e-01 -1.467030e+01 -2.497776e+01
     vertex  4.450419e-01 -1.467415e+01 -2.500206e+01
   endloop
 endfacet
 facet normal -3.000522e-13  9.876883e-01 -1.564345e-01
   outer loop
     vertex  1.842952e+00 -1.449065e+01 -2.384351e+01
     vertex  1.911146e+00 -1.446134e+01 -2.365846e+01
     vertex  1.879385e+00 -1.447613e+01 -2.375183e+01
   endloop
 endfacet
 facet normal  4.437550e-14  9.876883e-01 -1.564345e-01
   outer loop
     vertex  8.225742e-01 -1.465431e+01 -2.487678e+01
     vertex  7.306820e-01 -1.466037e+01 -2.491504e+01
     vertex  6.369733e-01 -1.466570e+01 -2.494872e+01
   endloop
 endfacet
 facet normal  1.865734e-13  9.876883e-01 -1.564345e-01
   outer loop
     vertex  1.801938e+00 -1.450487e+01 -2.393329e+01
     vertex  1.911146e+00 -1.446134e+01 -2.365846e+01
     vertex  1.842952e+00 -1.449065e+01 -2.384351e+01
   endloop
 endfacet
 facet normal  6.114519e-14  9.876883e-01 -1.564345e-01
   outer loop
     vertex  1.000000e+00 -1.464008e+01 -2.478694e+01
     vertex  9.124213e-01 -1.464754e+01 -2.483404e+01
     vertex  8.225742e-01 -1.465431e+01 -2.487678e+01
   endloop
 endfacet
 facet normal  5.492821e-13  9.876883e-01 -1.564345e-01
   outer loop
     vertex  1.706582e+00 -1.453226e+01 -2.410624e+01
     vertex  1.801938e+00 -1.450487e+01 -2.393329e+01
     vertex  1.756443e+00 -1.451875e+01 -2.402094e+01
   endloop
 endfacet
 facet normal  9.633089e-15  9.876883e-01 -1.564345e-01
   outer loop
     vertex  1.706582e+00 -1.453226e+01 -2.410624e+01
     vertex  1.911146e+00 -1.446134e+01 -2.365846e+01
     vertex  1.801938e+00 -1.450487e+01 -2.393329e+01
   endloop
 endfacet
 facet normal -2.428591e-14  9.876883e-01 -1.564345e-01
   outer loop
     vertex  1.085093e+00 -1.463194e+01 -2.473558e+01
     vertex  8.225742e-01 -1.465431e+01 -2.487678e+01
     vertex  6.369733e-01 -1.466570e+01 -2.494872e+01
   endloop
 endfacet
 facet normal  6.411111e-14  9.876883e-01 -1.564345e-01
   outer loop
     vertex  1.085093e+00 -1.463194e+01 -2.473558e+01
     vertex  1.000000e+00 -1.464008e+01 -2.478694e+01
     vertex  8.225742e-01 -1.465431e+01 -2.487678e+01
   endloop
 endfacet
 facet normal  3.901411e-15  9.876883e-01 -1.564345e-01
   outer loop
     vertex  1.167487e+00 -1.462315e+01 -2.468009e+01
     vertex  1.085093e+00 -1.463194e+01 -2.473558e+01
     vertex  6.369733e-01 -1.466570e+01 -2.494872e+01
   endloop
 endfacet
 facet normal  4.472733e-14  9.876883e-01 -1.564345e-01
   outer loop
     vertex  1.594265e+00 -1.455804e+01 -2.426895e+01
     vertex  1.977662e+00 -1.432249e+01 -2.278180e+01
     vertex  1.990062e+00 -1.433797e+01 -2.287953e+01
   endloop
 endfacet
 facet normal -5.565653e-15  9.876883e-01 -1.564345e-01
   outer loop
     vertex  1.594265e+00 -1.455804e+01 -2.426895e+01
     vertex  1.911146e+00 -1.427690e+01 -2.249396e+01
     vertex  1.977662e+00 -1.432249e+01 -2.278180e+01
   endloop
 endfacet
 facet normal -9.625606e-15  9.876883e-01 -1.564345e-01
   outer loop
     vertex  1.594265e+00 -1.455804e+01 -2.426895e+01
     vertex  1.990062e+00 -1.433797e+01 -2.287953e+01
     vertex  2.000000e+00 -1.436912e+01 -2.307621e+01
   endloop
 endfacet
 facet normal -7.595148e-15  9.876883e-01 -1.564345e-01
   outer loop
     vertex  1.594265e+00 -1.455804e+01 -2.426895e+01
     vertex  1.990062e+00 -1.440028e+01 -2.327289e+01
     vertex  1.911146e+00 -1.446134e+01 -2.365846e+01
   endloop
 endfacet
 facet normal -2.158790e-14  9.876883e-01 -1.564345e-01
   outer loop
     vertex  1.594265e+00 -1.455804e+01 -2.426895e+01
     vertex  1.911146e+00 -1.446134e+01 -2.365846e+01
     vertex  1.706582e+00 -1.453226e+01 -2.410624e+01
   endloop
 endfacet
 facet normal  2.760167e-14  9.876883e-01 -1.564345e-01
   outer loop
     vertex  1.594265e+00 -1.455804e+01 -2.426895e+01
     vertex  1.706582e+00 -1.453226e+01 -2.410624e+01
     vertex  1.652478e+00 -1.454537e+01 -2.418898e+01
   endloop
 endfacet
 facet normal  3.740113e-16  9.876883e-01 -1.564345e-01
   outer loop
     vertex  1.594265e+00 -1.455804e+01 -2.426895e+01
     vertex -1.167487e+00 -1.411509e+01 -2.147233e+01
     vertex  1.246980e+00 -1.412451e+01 -2.153180e+01
   endloop
 endfacet
 facet normal  3.016748e-15  9.876883e-01 -1.564345e-01
   outer loop
     vertex  1.594265e+00 -1.455804e+01 -2.426895e+01
     vertex  2.000000e+00 -1.436912e+01 -2.307621e+01
     vertex  1.990062e+00 -1.440028e+01 -2.327289e+01
   endloop
 endfacet
 facet normal -7.691766e-17  9.876883e-01 -1.564345e-01
   outer loop
     vertex  1.594265e+00 -1.455804e+01 -2.426895e+01
     vertex -1.396474e+00 -1.414515e+01 -2.166210e+01
     vertex -1.167487e+00 -1.411509e+01 -2.147233e+01
   endloop
 endfacet
 facet normal -5.787033e-15  9.876883e-01 -1.564345e-01
   outer loop
     vertex  1.594265e+00 -1.455804e+01 -2.426895e+01
     vertex -1.466104e+00 -1.415632e+01 -2.173261e+01
     vertex -1.396474e+00 -1.414515e+01 -2.166210e+01
   endloop
 endfacet
 facet normal -3.520825e-15  9.876883e-01 -1.564345e-01
   outer loop
     vertex  1.594265e+00 -1.455804e+01 -2.426895e+01
     vertex -1.532089e+00 -1.416802e+01 -2.180646e+01
     vertex -1.466104e+00 -1.415632e+01 -2.173261e+01
   endloop
 endfacet
 facet normal  1.171525e-15  9.876883e-01 -1.564345e-01
   outer loop
     vertex  1.594265e+00 -1.455804e+01 -2.426895e+01
     vertex  1.246980e+00 -1.412451e+01 -2.153180e+01
     vertex  1.801938e+00 -1.423338e+01 -2.221913e+01
   endloop
 endfacet
 facet normal -9.876136e-17  9.876883e-01 -1.564345e-01
   outer loop
     vertex  1.594265e+00 -1.455804e+01 -2.426895e+01
     vertex -1.911146e+00 -1.427690e+01 -2.249396e+01
     vertex -1.532089e+00 -1.416802e+01 -2.180646e+01
   endloop
 endfacet
 facet normal -8.125185e-15  9.876883e-01 -1.564345e-01
   outer loop
     vertex  1.594265e+00 -1.455804e+01 -2.426895e+01
     vertex  1.801938e+00 -1.423338e+01 -2.221913e+01
     vertex  1.911146e+00 -1.427690e+01 -2.249396e+01
   endloop
 endfacet
 facet normal  1.091780e-16  9.876883e-01 -1.564345e-01
   outer loop
     vertex  1.594265e+00 -1.455804e+01 -2.426895e+01
     vertex -1.085093e+00 -1.463194e+01 -2.473558e+01
     vertex -1.801938e+00 -1.450487e+01 -2.393329e+01
   endloop
 endfacet
 facet normal  2.649972e-16  9.876883e-01 -1.564345e-01
   outer loop
     vertex  1.594265e+00 -1.455804e+01 -2.426895e+01
     vertex -1.801938e+00 -1.450487e+01 -2.393329e+01
     vertex -1.990062e+00 -1.433797e+01 -2.287953e+01
   endloop
 endfacet
 facet normal  5.832685e-17  9.876883e-01 -1.564345e-01
   outer loop
     vertex  1.594265e+00 -1.455804e+01 -2.426895e+01
     vertex -8.225742e-01 -1.465431e+01 -2.487678e+01
     vertex -1.085093e+00 -1.463194e+01 -2.473558e+01
   endloop
 endfacet
 facet normal  1.180055e-15  9.876883e-01 -1.564345e-01
   outer loop
     vertex  1.594265e+00 -1.455804e+01 -2.426895e+01
     vertex -1.990062e+00 -1.433797e+01 -2.287953e+01
     vertex -1.911146e+00 -1.427690e+01 -2.249396e+01
   endloop
 endfacet
 facet normal  1.669362e-13  9.876883e-01 -1.564345e-01
   outer loop
     vertex  1.323372e+00 -1.460371e+01 -2.455731e+01
     vertex  1.246980e+00 -1.461373e+01 -2.462062e+01
     vertex  1.167487e+00 -1.462315e+01 -2.468009e+01
   endloop
 endfacet
 facet normal  7.327612e-16  9.876883e-01 -1.564345e-01
   outer loop
     vertex  1.323372e+00 -1.460371e+01 -2.455731e+01
     vertex  4.986138e-02 -1.468190e+01 -2.505097e+01
     vertex -2.486874e-01 -1.467956e+01 -2.503626e+01
   endloop
 endfacet
 facet normal  5.433516e-16  9.876883e-01 -1.564345e-01
   outer loop
     vertex  1.323372e+00 -1.460371e+01 -2.455731e+01
     vertex  6.369733e-01 -1.466570e+01 -2.494872e+01
     vertex  4.986138e-02 -1.468190e+01 -2.505097e+01
   endloop
 endfacet
 facet normal -1.013232e-14  9.876883e-01 -1.564345e-01
   outer loop
     vertex  1.323372e+00 -1.460371e+01 -2.455731e+01
     vertex  1.167487e+00 -1.462315e+01 -2.468009e+01
     vertex  6.369733e-01 -1.466570e+01 -2.494872e+01
   endloop
 endfacet
 facet normal  4.402072e-14  9.876883e-01 -1.564345e-01
   outer loop
     vertex  1.396474e+00 -1.459310e+01 -2.449032e+01
     vertex  1.532089e+00 -1.457023e+01 -2.434596e+01
     vertex  1.466104e+00 -1.458193e+01 -2.441981e+01
   endloop
 endfacet
 facet normal  2.009387e-14  9.876883e-01 -1.564345e-01
   outer loop
     vertex  1.396474e+00 -1.459310e+01 -2.449032e+01
     vertex  1.594265e+00 -1.455804e+01 -2.426895e+01
     vertex  1.532089e+00 -1.457023e+01 -2.434596e+01
   endloop
 endfacet
 facet normal -5.096859e-16  9.876883e-01 -1.564345e-01
   outer loop
     vertex  1.396474e+00 -1.459310e+01 -2.449032e+01
     vertex  1.323372e+00 -1.460371e+01 -2.455731e+01
     vertex -2.486874e-01 -1.467956e+01 -2.503626e+01
   endloop
 endfacet
 facet normal -6.040978e-16  9.876883e-01 -1.564345e-01
   outer loop
     vertex  1.396474e+00 -1.459310e+01 -2.449032e+01
     vertex -8.225742e-01 -1.465431e+01 -2.487678e+01
     vertex  1.594265e+00 -1.455804e+01 -2.426895e+01
   endloop
 endfacet
 facet normal  1.542783e-15  9.876883e-01 -1.564345e-01
   outer loop
     vertex  1.396474e+00 -1.459310e+01 -2.449032e+01
     vertex -2.486874e-01 -1.467956e+01 -2.503626e+01
     vertex -5.416809e-01 -1.467030e+01 -2.497776e+01
   endloop
 endfacet
 facet normal -1.743877e-15  9.876883e-01 -1.564345e-01
   outer loop
     vertex  1.396474e+00 -1.459310e+01 -2.449032e+01
     vertex -5.416809e-01 -1.467030e+01 -2.497776e+01
     vertex -8.225742e-01 -1.465431e+01 -2.487678e+01
   endloop
 endfacet
 facet normal  5.204756e-02  9.733142e-01  2.234963e-01
   outer loop
     vertex -5.975820e+00 -1.599796e+01 -2.434382e+01
     vertex -6.500000e+00 -1.617252e+01 -2.346156e+01
     vertex -6.244368e+00 -1.649189e+01 -2.213026e+01
   endloop
 endfacet
 facet normal  2.659308e-02  9.801652e-01  1.963898e-01
   outer loop
     vertex -5.721951e+00 -1.548615e+01 -2.693261e+01
     vertex -5.794652e+00 -1.548528e+01 -2.692711e+01
     vertex -5.975820e+00 -1.599796e+01 -2.434382e+01
   endloop
 endfacet
 facet normal  1.295549e-02  9.806867e-01  1.951555e-01
   outer loop
     vertex -5.649089e+00 -1.548658e+01 -2.693530e+01
     vertex -5.721951e+00 -1.548615e+01 -2.693261e+01
     vertex -5.975820e+00 -1.599796e+01 -2.434382e+01
   endloop
 endfacet
 facet normal -6.257525e-02  9.691914e-01  2.382276e-01
   outer loop
     vertex -6.362758e+00 -1.649085e+01 -2.213042e+01
     vertex -6.500000e+00 -1.617252e+01 -2.346156e+01
     vertex -6.500000e+00 -1.697262e+01 -2.020648e+01
   endloop
 endfacet
 facet normal  8.144818e-03  9.698805e-01  2.434449e-01
   outer loop
     vertex -6.362758e+00 -1.649085e+01 -2.213042e+01
     vertex -6.500000e+00 -1.697262e+01 -2.020648e+01
     vertex -6.244368e+00 -1.649189e+01 -2.213026e+01
   endloop
 endfacet
 facet normal  8.185932e-03  9.727340e-01  2.317792e-01
   outer loop
     vertex -6.362758e+00 -1.649085e+01 -2.213042e+01
     vertex -6.244368e+00 -1.649189e+01 -2.213026e+01
     vertex -6.500000e+00 -1.617252e+01 -2.346156e+01
   endloop
 endfacet
 facet normal  4.444204e-02  9.758825e-01  2.137249e-01
   outer loop
     vertex -6.197187e+00 -1.599292e+01 -2.434462e+01
     vertex -6.500000e+00 -1.545517e+01 -2.673702e+01
     vertex -6.500000e+00 -1.617252e+01 -2.346156e+01
   endloop
 endfacet
 facet normal  1.440213e-01  9.692303e-01  1.996257e-01
   outer loop
     vertex -6.197187e+00 -1.599292e+01 -2.434462e+01
     vertex -6.377894e+00 -1.546306e+01 -2.678682e+01
     vertex -6.500000e+00 -1.545517e+01 -2.673702e+01
   endloop
 endfacet
 facet normal  1.258668e-01  9.713811e-01  2.014356e-01
   outer loop
     vertex -6.197187e+00 -1.599292e+01 -2.434462e+01
     vertex -6.265996e+00 -1.546934e+01 -2.682646e+01
     vertex -6.377894e+00 -1.546306e+01 -2.678682e+01
   endloop
 endfacet
 facet normal  1.083787e-01  9.733028e-01  2.023259e-01
   outer loop
     vertex -6.197187e+00 -1.599292e+01 -2.434462e+01
     vertex -6.163766e+00 -1.547426e+01 -2.685754e+01
     vertex -6.265996e+00 -1.546934e+01 -2.682646e+01
   endloop
 endfacet
 facet normal  9.085991e-02  9.750670e-01  2.024570e-01
   outer loop
     vertex -6.197187e+00 -1.599292e+01 -2.434462e+01
     vertex -6.060222e+00 -1.547844e+01 -2.688390e+01
     vertex -6.163766e+00 -1.547426e+01 -2.685754e+01
   endloop
 endfacet
 facet normal  7.344655e-02  9.766606e-01  2.018407e-01
   outer loop
     vertex -6.197187e+00 -1.599292e+01 -2.434462e+01
     vertex -5.966043e+00 -1.548151e+01 -2.690330e+01
     vertex -6.060222e+00 -1.547844e+01 -2.688390e+01
   endloop
 endfacet
 facet normal  5.704292e-02  9.782268e-01  1.995456e-01
   outer loop
     vertex -6.086529e+00 -1.599654e+01 -2.434404e+01
     vertex -5.880603e+00 -1.548369e+01 -2.691705e+01
     vertex -5.966043e+00 -1.548151e+01 -2.690330e+01
   endloop
 endfacet
 facet normal  4.137805e-02  9.792287e-01  1.984916e-01
   outer loop
     vertex -6.086529e+00 -1.599654e+01 -2.434404e+01
     vertex -5.794652e+00 -1.548528e+01 -2.692711e+01
     vertex -5.880603e+00 -1.548369e+01 -2.691705e+01
   endloop
 endfacet
 facet normal  1.219011e-02  9.795070e-01  2.010408e-01
   outer loop
     vertex -6.086529e+00 -1.599654e+01 -2.434404e+01
     vertex -6.500000e+00 -1.617252e+01 -2.346156e+01
     vertex -5.975820e+00 -1.599796e+01 -2.434382e+01
   endloop
 endfacet
 facet normal  3.092188e-02  9.773440e-01  2.093859e-01
   outer loop
     vertex -6.086529e+00 -1.599654e+01 -2.434404e+01
     vertex -6.197187e+00 -1.599292e+01 -2.434462e+01
     vertex -6.500000e+00 -1.617252e+01 -2.346156e+01
   endloop
 endfacet
 facet normal  1.221593e-02  9.806327e-01  1.954743e-01
   outer loop
     vertex -6.086529e+00 -1.599654e+01 -2.434404e+01
     vertex -5.975820e+00 -1.599796e+01 -2.434382e+01
     vertex -5.794652e+00 -1.548528e+01 -2.692711e+01
   endloop
 endfacet
 facet normal  3.105138e-02  9.795894e-01  1.985962e-01
   outer loop
     vertex -6.086529e+00 -1.599654e+01 -2.434404e+01
     vertex -5.966043e+00 -1.548151e+01 -2.690330e+01
     vertex -6.197187e+00 -1.599292e+01 -2.434462e+01
   endloop
 endfacet
 facet normal -1.000000e+00 -0.000000e+00  0.000000e+00
   outer loop
     vertex -6.500000e+00 -1.742610e+01 -1.854217e+01
     vertex -6.500000e+00 -3.524247e+01 -2.382006e+01
     vertex -6.500000e+00 -3.399100e+01 -1.591855e+01
   endloop
 endfacet
 facet normal -1.000000e+00 -0.000000e+00  0.000000e+00
   outer loop
     vertex -6.500000e+00 -1.697262e+01 -2.020648e+01
     vertex -6.500000e+00 -3.524247e+01 -2.382006e+01
     vertex -6.500000e+00 -1.742610e+01 -1.854217e+01
   endloop
 endfacet
 facet normal -1.000000e+00 -0.000000e+00  0.000000e+00
   outer loop
     vertex -6.500000e+00 -1.617252e+01 -2.346156e+01
     vertex -6.500000e+00 -3.524247e+01 -2.382006e+01
     vertex -6.500000e+00 -1.697262e+01 -2.020648e+01
   endloop
 endfacet
 facet normal -1.000000e+00  0.000000e+00  0.000000e+00
   outer loop
     vertex -6.500000e+00 -1.548871e+01 -2.694875e+01
     vertex -6.500000e+00 -1.617252e+01 -2.346156e+01
     vertex -6.500000e+00 -1.545517e+01 -2.673702e+01
   endloop
 endfacet
 facet normal -1.000000e+00  0.000000e+00  0.000000e+00
   outer loop
     vertex -6.500000e+00 -1.548871e+01 -2.694875e+01
     vertex -6.500000e+00 -3.524247e+01 -2.382006e+01
     vertex -6.500000e+00 -1.617252e+01 -2.346156e+01
   endloop
 endfacet
 facet normal -1.793237e-02  1.564093e-01  9.875295e-01
   outer loop
     vertex -3.500000e+00 -3.352169e+01 -1.295549e+01
     vertex -3.500000e+00 -1.838461e+01 -1.535296e+01
     vertex -3.607577e+00 -1.838353e+01 -1.535509e+01
   endloop
 endfacet
 facet normal -5.375973e-02  1.562371e-01  9.862555e-01
   outer loop
     vertex -3.647203e+00 -3.352226e+01 -1.295905e+01
     vertex -3.607577e+00 -1.838353e+01 -1.535509e+01
     vertex -3.714935e+00 -1.838112e+01 -1.536132e+01
   endloop
 endfacet
 facet normal -2.454123e-02  1.563415e-01  9.873981e-01
   outer loop
     vertex -3.647203e+00 -3.352226e+01 -1.295905e+01
     vertex -3.500000e+00 -3.352169e+01 -1.295549e+01
     vertex -3.607577e+00 -1.838353e+01 -1.535509e+01
   endloop
 endfacet
 facet normal -8.948185e-02  1.558308e-01  9.837224e-01
   outer loop
     vertex -3.794051e+00 -3.352395e+01 -1.296975e+01
     vertex -3.714935e+00 -1.838112e+01 -1.536132e+01
     vertex -3.821877e+00 -1.837741e+01 -1.537164e+01
   endloop
 endfacet
 facet normal -7.356456e-02  1.559527e-01  9.850213e-01
   outer loop
     vertex -3.794051e+00 -3.352395e+01 -1.296975e+01
     vertex -3.647203e+00 -3.352226e+01 -1.295905e+01
     vertex -3.714935e+00 -1.838112e+01 -1.536132e+01
   endloop
 endfacet
 facet normal -1.224107e-01  1.552222e-01  9.802661e-01
   outer loop
     vertex -3.940191e+00 -3.352677e+01 -1.298756e+01
     vertex -3.794051e+00 -3.352395e+01 -1.296975e+01
     vertex -3.821877e+00 -1.837741e+01 -1.537164e+01
   endloop
 endfacet
 facet normal -1.250348e-01  1.551913e-01  9.799398e-01
   outer loop
     vertex -3.940191e+00 -3.352677e+01 -1.298756e+01
     vertex -3.821877e+00 -1.837741e+01 -1.537164e+01
     vertex -3.928206e+00 -1.837240e+01 -1.538600e+01
   endloop
 endfacet
 facet normal -1.603478e-01  1.544226e-01  9.749063e-01
   outer loop
     vertex -3.940191e+00 -3.352677e+01 -1.298756e+01
     vertex -3.928206e+00 -1.837240e+01 -1.538600e+01
     vertex -4.033734e+00 -1.836613e+01 -1.540435e+01
   endloop
 endfacet
 facet normal -1.953627e-01  1.534506e-01  9.686518e-01
   outer loop
     vertex -4.085271e+00 -3.353071e+01 -1.301242e+01
     vertex -4.033734e+00 -1.836613e+01 -1.540435e+01
     vertex -4.138276e+00 -1.835862e+01 -1.542662e+01
   endloop
 endfacet
 facet normal -1.709619e-01  1.540781e-01  9.731557e-01
   outer loop
     vertex -4.085271e+00 -3.353071e+01 -1.301242e+01
     vertex -3.940191e+00 -3.352677e+01 -1.298756e+01
     vertex -4.033734e+00 -1.836613e+01 -1.540435e+01
   endloop
 endfacet
 facet normal -2.300235e-01  1.522528e-01  9.612015e-01
   outer loop
     vertex -4.228941e+00 -3.353576e+01 -1.304428e+01
     vertex -4.138276e+00 -1.835862e+01 -1.542662e+01
     vertex -4.241658e+00 -1.834991e+01 -1.545274e+01
   endloop
 endfacet
 facet normal -2.642729e-01  1.508562e-01  9.525766e-01
   outer loop
     vertex -4.228941e+00 -3.353576e+01 -1.304428e+01
     vertex -4.241658e+00 -1.834991e+01 -1.545274e+01
     vertex -4.343720e+00 -1.834003e+01 -1.548262e+01
   endloop
 endfacet
 facet normal -2.191012e-01  1.525794e-01  9.636982e-01
   outer loop
     vertex -4.228941e+00 -3.353576e+01 -1.304428e+01
     vertex -4.085271e+00 -3.353071e+01 -1.301242e+01
     vertex -4.138276e+00 -1.835862e+01 -1.542662e+01
   endloop
 endfacet
 facet normal -2.980475e-01  1.493480e-01  9.427952e-01
   outer loop
     vertex -4.370854e+00 -3.354190e+01 -1.308307e+01
     vertex -4.343720e+00 -1.834003e+01 -1.548262e+01
     vertex -4.444310e+00 -1.832903e+01 -1.551616e+01
   endloop
 endfacet
 facet normal -2.667128e-01  1.507318e-01  9.519161e-01
   outer loop
     vertex -4.370854e+00 -3.354190e+01 -1.308307e+01
     vertex -4.228941e+00 -3.353576e+01 -1.304428e+01
     vertex -4.343720e+00 -1.834003e+01 -1.548262e+01
   endloop
 endfacet
 facet normal -3.313134e-01  1.476252e-01  9.319003e-01
   outer loop
     vertex -4.510670e+00 -3.354913e+01 -1.312869e+01
     vertex -4.444310e+00 -1.832903e+01 -1.551616e+01
     vertex -4.543291e+00 -1.831693e+01 -1.555327e+01
   endloop
 endfacet
 facet normal -3.136817e-01  1.484811e-01  9.378471e-01
   outer loop
     vertex -4.510670e+00 -3.354913e+01 -1.312869e+01
     vertex -4.370854e+00 -3.354190e+01 -1.308307e+01
     vertex -4.444310e+00 -1.832903e+01 -1.551616e+01
   endloop
 endfacet
 facet normal -3.640278e-01  1.456914e-01  9.199227e-01
   outer loop
     vertex -4.648050e+00 -3.355742e+01 -1.318103e+01
     vertex -4.543291e+00 -1.831693e+01 -1.555327e+01
     vertex -4.640534e+00 -1.830379e+01 -1.559383e+01
   endloop
 endfacet
 facet normal -3.961337e-01  1.436453e-01  9.068870e-01
   outer loop
     vertex -4.648050e+00 -3.355742e+01 -1.318103e+01
     vertex -4.640534e+00 -1.830379e+01 -1.559383e+01
     vertex -4.735921e+00 -1.828965e+01 -1.563774e+01
   endloop
 endfacet
 facet normal -3.598950e-01  1.459105e-01  9.215127e-01
   outer loop
     vertex -4.648050e+00 -3.355742e+01 -1.318103e+01
     vertex -4.510670e+00 -3.354913e+01 -1.312869e+01
     vertex -4.543291e+00 -1.831693e+01 -1.555327e+01
   endloop
 endfacet
 facet normal -4.276017e-01  1.414400e-01  8.928334e-01
   outer loop
     vertex -4.782665e+00 -3.356675e+01 -1.323997e+01
     vertex -4.735921e+00 -1.828965e+01 -1.563774e+01
     vertex -4.829342e+00 -1.827455e+01 -1.568487e+01
   endloop
 endfacet
 facet normal -4.052413e-01  1.429614e-01  9.029626e-01
   outer loop
     vertex -4.782665e+00 -3.356675e+01 -1.323997e+01
     vertex -4.648050e+00 -3.355742e+01 -1.318103e+01
     vertex -4.735921e+00 -1.828965e+01 -1.563774e+01
   endloop
 endfacet
 facet normal -4.584059e-01  1.390375e-01  8.777999e-01
   outer loop
     vertex -4.914190e+00 -3.357711e+01 -1.330536e+01
     vertex -4.829342e+00 -1.827455e+01 -1.568487e+01
     vertex -4.920699e+00 -1.825854e+01 -1.573512e+01
   endloop
 endfacet
 facet normal -4.885057e-01  1.364900e-01  8.618194e-01
   outer loop
     vertex -4.914190e+00 -3.357711e+01 -1.330536e+01
     vertex -4.920699e+00 -1.825854e+01 -1.573512e+01
     vertex -5.009899e+00 -1.824165e+01 -1.578835e+01
   endloop
 endfacet
 facet normal -4.496113e-01  1.396785e-01  8.822356e-01
   outer loop
     vertex -4.914190e+00 -3.357711e+01 -1.330536e+01
     vertex -4.782665e+00 -3.356675e+01 -1.323997e+01
     vertex -4.829342e+00 -1.827455e+01 -1.568487e+01
   endloop
 endfacet
 facet normal -5.178617e-01  1.338496e-01  8.449281e-01
   outer loop
     vertex -5.042308e+00 -3.358846e+01 -1.337704e+01
     vertex -5.009899e+00 -1.824165e+01 -1.578835e+01
     vertex -5.096859e+00 -1.822394e+01 -1.584446e+01
   endloop
 endfacet
 facet normal -4.928982e-01  1.360679e-01  8.593817e-01
   outer loop
     vertex -5.042308e+00 -3.358846e+01 -1.337704e+01
     vertex -4.914190e+00 -3.357711e+01 -1.330536e+01
     vertex -5.009899e+00 -1.824165e+01 -1.578835e+01
   endloop
 endfacet
 facet normal -5.464683e-01  1.310264e-01  8.271666e-01
   outer loop
     vertex -5.166711e+00 -3.360079e+01 -1.345485e+01
     vertex -5.096859e+00 -1.822394e+01 -1.584446e+01
     vertex -5.181506e+00 -1.820545e+01 -1.590331e+01
   endloop
 endfacet
 facet normal -5.742989e-01  1.280421e-01  8.085704e-01
   outer loop
     vertex -5.166711e+00 -3.360079e+01 -1.345485e+01
     vertex -5.181506e+00 -1.820545e+01 -1.590331e+01
     vertex -5.263772e+00 -1.818622e+01 -1.596478e+01
   endloop
 endfacet
 facet normal -5.349976e-01  1.321078e-01  8.344609e-01
   outer loop
     vertex -5.166711e+00 -3.360079e+01 -1.345485e+01
     vertex -5.042308e+00 -3.358846e+01 -1.337704e+01
     vertex -5.096859e+00 -1.822394e+01 -1.584446e+01
   endloop
 endfacet
 facet normal -6.013072e-01  1.250156e-01  7.891773e-01
   outer loop
     vertex -5.287098e+00 -3.361405e+01 -1.353859e+01
     vertex -5.263772e+00 -1.818622e+01 -1.596478e+01
     vertex -5.343602e+00 -1.816630e+01 -1.602876e+01
   endloop
 endfacet
 facet normal -5.758082e-01  1.278624e-01  8.075247e-01
   outer loop
     vertex -5.287098e+00 -3.361405e+01 -1.353859e+01
     vertex -5.166711e+00 -3.360079e+01 -1.345485e+01
     vertex -5.263772e+00 -1.818622e+01 -1.596478e+01
   endloop
 endfacet
 facet normal -6.275079e-01  1.218200e-01  7.690213e-01
   outer loop
     vertex -5.403180e+00 -3.362822e+01 -1.362807e+01
     vertex -5.343602e+00 -1.816630e+01 -1.602876e+01
     vertex -5.420956e+00 -1.814572e+01 -1.609514e+01
   endloop
 endfacet
 facet normal -6.528875e-01  1.184625e-01  7.481340e-01
   outer loop
     vertex -5.403180e+00 -3.362822e+01 -1.362807e+01
     vertex -5.420956e+00 -1.814572e+01 -1.609514e+01
     vertex -5.495794e+00 -1.812451e+01 -1.616381e+01
   endloop
 endfacet
 facet normal -6.152316e-01  1.232676e-01  7.786496e-01
   outer loop
     vertex -5.403180e+00 -3.362822e+01 -1.362807e+01
     vertex -5.287098e+00 -3.361405e+01 -1.353859e+01
     vertex -5.343602e+00 -1.816630e+01 -1.602876e+01
   endloop
 endfacet
 facet normal -6.773984e-01  1.150951e-01  7.265566e-01
   outer loop
     vertex -5.514677e+00 -3.364327e+01 -1.372306e+01
     vertex -5.495794e+00 -1.812451e+01 -1.616381e+01
     vertex -5.568080e+00 -1.810273e+01 -1.623466e+01
   endloop
 endfacet
 facet normal -6.531728e-01  1.184211e-01  7.478915e-01
   outer loop
     vertex -5.514677e+00 -3.364327e+01 -1.372306e+01
     vertex -5.403180e+00 -3.362822e+01 -1.362807e+01
     vertex -5.495794e+00 -1.812451e+01 -1.616381e+01
   endloop
 endfacet
 facet normal -7.010651e-01  1.115711e-01  7.043149e-01
   outer loop
     vertex -5.621320e+00 -3.365915e+01 -1.382335e+01
     vertex -5.568080e+00 -1.810273e+01 -1.623466e+01
     vertex -5.637780e+00 -1.808039e+01 -1.630757e+01
   endloop
 endfacet
 facet normal -7.238768e-01  1.078993e-01  6.814398e-01
   outer loop
     vertex -5.621320e+00 -3.365915e+01 -1.382335e+01
     vertex -5.637780e+00 -1.808039e+01 -1.630757e+01
     vertex -5.704867e+00 -1.805754e+01 -1.638246e+01
   endloop
 endfacet
 facet normal -6.895405e-01  1.132405e-01  7.153394e-01
   outer loop
     vertex -5.621320e+00 -3.365915e+01 -1.382335e+01
     vertex -5.514677e+00 -3.364327e+01 -1.372306e+01
     vertex -5.568080e+00 -1.810273e+01 -1.623466e+01
   endloop
 endfacet
 facet normal -7.457895e-01  1.042332e-01  6.579767e-01
   outer loop
     vertex -5.722853e+00 -3.367583e+01 -1.392868e+01
     vertex -5.704867e+00 -1.805754e+01 -1.638246e+01
     vertex -5.769317e+00 -1.803422e+01 -1.645920e+01
   endloop
 endfacet
 facet normal -7.242471e-01  1.078344e-01  6.810565e-01
   outer loop
     vertex -5.722853e+00 -3.367583e+01 -1.392868e+01
     vertex -5.621320e+00 -3.365915e+01 -1.382335e+01
     vertex -5.704867e+00 -1.805754e+01 -1.638246e+01
   endloop
 endfacet
 facet normal -7.668330e-01  1.004222e-01  6.339421e-01
   outer loop
     vertex -5.819031e+00 -3.369327e+01 -1.403880e+01
     vertex -5.769317e+00 -1.803422e+01 -1.645920e+01
     vertex -5.831111e+00 -1.801044e+01 -1.653772e+01
   endloop
 endfacet
 facet normal -7.869953e-01  9.649086e-02  6.093668e-01
   outer loop
     vertex -5.819031e+00 -3.369327e+01 -1.403880e+01
     vertex -5.831111e+00 -1.801044e+01 -1.653772e+01
     vertex -5.890227e+00 -1.798625e+01 -1.661790e+01
   endloop
 endfacet
 facet normal -7.572088e-01  1.021226e-01  6.451401e-01
   outer loop
     vertex -5.819031e+00 -3.369327e+01 -1.403880e+01
     vertex -5.722853e+00 -3.367583e+01 -1.392868e+01
     vertex -5.769317e+00 -1.803422e+01 -1.645920e+01
   endloop
 endfacet
 facet normal -8.062432e-01  9.256523e-02  5.842975e-01
   outer loop
     vertex -5.909623e+00 -3.371143e+01 -1.415345e+01
     vertex -5.890227e+00 -1.798625e+01 -1.661790e+01
     vertex -5.946651e+00 -1.796168e+01 -1.669965e+01
   endloop
 endfacet
 facet normal -7.883464e-01  9.620500e-02  6.076632e-01
   outer loop
     vertex -5.909623e+00 -3.371143e+01 -1.415345e+01
     vertex -5.819031e+00 -3.369327e+01 -1.403880e+01
     vertex -5.890227e+00 -1.798625e+01 -1.661790e+01
   endloop
 endfacet
 facet normal -8.246049e-01  8.850572e-02  5.587428e-01
   outer loop
     vertex -5.994409e+00 -3.373027e+01 -1.427236e+01
     vertex -5.946651e+00 -1.796168e+01 -1.669965e+01
     vertex -6.000372e+00 -1.793674e+01 -1.678288e+01
   endloop
 endfacet
 facet normal -8.420662e-01  8.436504e-02  5.327355e-01
   outer loop
     vertex -5.994409e+00 -3.373027e+01 -1.427236e+01
     vertex -6.000372e+00 -1.793674e+01 -1.678288e+01
     vertex -6.051382e+00 -1.791148e+01 -1.686751e+01
   endloop
 endfacet
 facet normal -8.175848e-01  9.002146e-02  5.687277e-01
   outer loop
     vertex -5.994409e+00 -3.373027e+01 -1.427236e+01
     vertex -5.909623e+00 -3.371143e+01 -1.415345e+01
     vertex -5.946651e+00 -1.796168e+01 -1.669965e+01
   endloop
 endfacet
 facet normal -8.586103e-01  8.021532e-02  5.063140e-01
   outer loop
     vertex -6.073186e+00 -3.374973e+01 -1.439523e+01
     vertex -6.051382e+00 -1.791148e+01 -1.686751e+01
     vertex -6.099673e+00 -1.788590e+01 -1.695345e+01
   endloop
 endfacet
 facet normal -8.448536e-01  8.364672e-02  5.284181e-01
   outer loop
     vertex -6.073186e+00 -3.374973e+01 -1.439523e+01
     vertex -5.994409e+00 -3.373027e+01 -1.427236e+01
     vertex -6.051382e+00 -1.791148e+01 -1.686751e+01
   endloop
 endfacet
 facet normal -8.742591e-01  7.594153e-02  4.794829e-01
   outer loop
     vertex -6.145764e+00 -3.376977e+01 -1.452177e+01
     vertex -6.099673e+00 -1.788590e+01 -1.695345e+01
     vertex -6.145238e+00 -1.786005e+01 -1.704063e+01
   endloop
 endfacet
 facet normal -8.889927e-01  7.163573e-02  4.522834e-01
   outer loop
     vertex -6.145764e+00 -3.376977e+01 -1.452177e+01
     vertex -6.145238e+00 -1.786005e+01 -1.704063e+01
     vertex -6.188071e+00 -1.783393e+01 -1.712896e+01
   endloop
 endfacet
 facet normal -8.700870e-01  7.705540e-02  4.868379e-01
   outer loop
     vertex -6.145764e+00 -3.376977e+01 -1.452177e+01
     vertex -6.073186e+00 -3.374973e+01 -1.439523e+01
     vertex -6.099673e+00 -1.788590e+01 -1.695345e+01
   endloop
 endfacet
 facet normal -9.028112e-01  6.729407e-02  4.247393e-01
   outer loop
     vertex -6.211968e+00 -3.379034e+01 -1.465168e+01
     vertex -6.188071e+00 -1.783393e+01 -1.712896e+01
     vertex -6.228166e+00 -1.780759e+01 -1.721835e+01
   endloop
 endfacet
 facet normal -8.932243e-01  7.028304e-02  4.440841e-01
   outer loop
     vertex -6.211968e+00 -3.379034e+01 -1.465168e+01
     vertex -6.145764e+00 -3.376977e+01 -1.452177e+01
     vertex -6.188071e+00 -1.783393e+01 -1.712896e+01
   endloop
 endfacet
 facet normal -9.142098e-01  6.335120e-02  4.002589e-01
   outer loop
     vertex -6.271639e+00 -3.381140e+01 -1.478463e+01
     vertex -6.211968e+00 -3.379034e+01 -1.465168e+01
     vertex -6.228166e+00 -1.780759e+01 -1.721835e+01
   endloop
 endfacet
 facet normal -9.157271e-01  6.283797e-02  3.968568e-01
   outer loop
     vertex -6.271639e+00 -3.381140e+01 -1.478463e+01
     vertex -6.228166e+00 -1.780759e+01 -1.721835e+01
     vertex -6.265518e+00 -1.778103e+01 -1.730875e+01
   endloop
 endfacet
 facet normal -9.277157e-01  5.840742e-02  3.686899e-01
   outer loop
     vertex -6.271639e+00 -3.381140e+01 -1.478463e+01
     vertex -6.265518e+00 -1.778103e+01 -1.730875e+01
     vertex -6.300124e+00 -1.775428e+01 -1.740006e+01
   endloop
 endfacet
 facet normal -9.329928e-01  5.624523e-02  3.554728e-01
   outer loop
     vertex -6.324632e+00 -3.383289e+01 -1.492032e+01
     vertex -6.271639e+00 -3.381140e+01 -1.478463e+01
     vertex -6.300124e+00 -1.775428e+01 -1.740006e+01
   endloop
 endfacet
 facet normal -9.387928e-01  5.390460e-02  3.402388e-01
   outer loop
     vertex -6.324632e+00 -3.383289e+01 -1.492032e+01
     vertex -6.300124e+00 -1.775428e+01 -1.740006e+01
     vertex -6.331978e+00 -1.772737e+01 -1.749222e+01
   endloop
 endfacet
 facet normal -9.489588e-01  4.931399e-02  3.115209e-01
   outer loop
     vertex -6.324632e+00 -3.383289e+01 -1.492032e+01
     vertex -6.331978e+00 -1.772737e+01 -1.749222e+01
     vertex -6.361079e+00 -1.770031e+01 -1.758515e+01
   endloop
 endfacet
 facet normal -9.495282e-01  4.903271e-02  3.098258e-01
   outer loop
     vertex -6.370821e+00 -3.385477e+01 -1.505842e+01
     vertex -6.324632e+00 -3.383289e+01 -1.492032e+01
     vertex -6.361079e+00 -1.770031e+01 -1.758515e+01
   endloop
 endfacet
 facet normal -9.581942e-01  4.477841e-02  2.825929e-01
   outer loop
     vertex -6.370821e+00 -3.385477e+01 -1.505842e+01
     vertex -6.361079e+00 -1.770031e+01 -1.758515e+01
     vertex -6.387424e+00 -1.767312e+01 -1.767878e+01
   endloop
 endfacet
 facet normal -9.637761e-01  4.167074e-02  2.634374e-01
   outer loop
     vertex -6.410094e+00 -3.387697e+01 -1.519858e+01
     vertex -6.370821e+00 -3.385477e+01 -1.505842e+01
     vertex -6.387424e+00 -1.767312e+01 -1.767878e+01
   endloop
 endfacet
 facet normal -9.665186e-01  4.014387e-02  2.534368e-01
   outer loop
     vertex -6.410094e+00 -3.387697e+01 -1.519858e+01
     vertex -6.387424e+00 -1.767312e+01 -1.767878e+01
     vertex -6.411010e+00 -1.764583e+01 -1.777305e+01
   endloop
 endfacet
 facet normal -9.739215e-01  3.548906e-02  2.240925e-01
   outer loop
     vertex -6.410094e+00 -3.387697e+01 -1.519858e+01
     vertex -6.411010e+00 -1.764583e+01 -1.777305e+01
     vertex -6.431833e+00 -1.761846e+01 -1.786789e+01
   endloop
 endfacet
 facet normal -9.757021e-01  3.422563e-02  2.164116e-01
   outer loop
     vertex -6.442356e+00 -3.389944e+01 -1.534048e+01
     vertex -6.410094e+00 -3.387697e+01 -1.519858e+01
     vertex -6.431833e+00 -1.761846e+01 -1.786789e+01
   endloop
 endfacet
 facet normal -9.804003e-01  3.084069e-02  1.945870e-01
   outer loop
     vertex -6.442356e+00 -3.389944e+01 -1.534048e+01
     vertex -6.431833e+00 -1.761846e+01 -1.786789e+01
     vertex -6.449893e+00 -1.759102e+01 -1.796323e+01
   endloop
 endfacet
 facet normal -9.852776e-01  2.670159e-02  1.688638e-01
   outer loop
     vertex -6.467530e+00 -3.392214e+01 -1.548378e+01
     vertex -6.442356e+00 -3.389944e+01 -1.534048e+01
     vertex -6.449893e+00 -1.759102e+01 -1.796323e+01
   endloop
 endfacet
 facet normal -9.859627e-01  2.610249e-02  1.649130e-01
   outer loop
     vertex -6.467530e+00 -3.392214e+01 -1.548378e+01
     vertex -6.449893e+00 -1.759102e+01 -1.796323e+01
     vertex -6.465186e+00 -1.756354e+01 -1.805901e+01
   endloop
 endfacet
 facet normal -9.905967e-01  2.141434e-02  1.351283e-01
   outer loop
     vertex -6.467530e+00 -3.392214e+01 -1.548378e+01
     vertex -6.465186e+00 -1.756354e+01 -1.805901e+01
     vertex -6.477707e+00 -1.753602e+01 -1.815516e+01
   endloop
 endfacet
 facet normal -9.924795e-01  1.909554e-02  1.209121e-01
   outer loop
     vertex -6.485554e+00 -3.394500e+01 -1.562812e+01
     vertex -6.467530e+00 -3.392214e+01 -1.548378e+01
     vertex -6.477707e+00 -1.753602e+01 -1.815516e+01
   endloop
 endfacet
 facet normal -9.943083e-01  1.668081e-02  1.052267e-01
   outer loop
     vertex -6.485554e+00 -3.394500e+01 -1.562812e+01
     vertex -6.477707e+00 -1.753602e+01 -1.815516e+01
     vertex -6.487454e+00 -1.750850e+01 -1.825162e+01
   endloop
 endfacet
 facet normal -9.970957e-01  1.189176e-02  7.522487e-02
   outer loop
     vertex -6.485554e+00 -3.394500e+01 -1.562812e+01
     vertex -6.487454e+00 -1.750850e+01 -1.825162e+01
     vertex -6.494421e+00 -1.748100e+01 -1.834832e+01
   endloop
 endfacet
 facet normal -9.972905e-01  1.146872e-02  7.266509e-02
   outer loop
     vertex -6.496386e+00 -3.396797e+01 -1.577316e+01
     vertex -6.485554e+00 -3.394500e+01 -1.562812e+01
     vertex -6.494421e+00 -1.748100e+01 -1.834832e+01
   endloop
 endfacet
 facet normal -9.989532e-01  7.175610e-03  4.517796e-02
   outer loop
     vertex -6.496386e+00 -3.396797e+01 -1.577316e+01
     vertex -6.494421e+00 -1.748100e+01 -1.834832e+01
     vertex -6.498604e+00 -1.745353e+01 -1.844519e+01
   endloop
 endfacet
 facet normal -9.996988e-01  3.788895e-03  2.424704e-02
   outer loop
     vertex -6.500000e+00 -3.399100e+01 -1.591855e+01
     vertex -6.496386e+00 -3.396797e+01 -1.577316e+01
     vertex -6.498604e+00 -1.745353e+01 -1.844519e+01
   endloop
 endfacet
 facet normal -9.998837e-01  2.385866e-03  1.506376e-02
   outer loop
     vertex -6.500000e+00 -3.399100e+01 -1.591855e+01
     vertex -6.498604e+00 -1.745353e+01 -1.844519e+01
     vertex -6.500000e+00 -1.742610e+01 -1.854217e+01
   endloop
 endfacet
 facet normal -2.405412e-18  1.564345e-01  9.876883e-01
   outer loop
     vertex  3.500000e+00 -1.838461e+01 -1.535296e+01
     vertex -3.500000e+00 -3.352169e+01 -1.295549e+01
     vertex  3.500000e+00 -3.352169e+01 -1.295549e+01
   endloop
 endfacet
 facet normal  1.338801e-16  1.564345e-01  9.876883e-01
   outer loop
     vertex -3.500000e+00 -1.838461e+01 -1.535296e+01
     vertex -3.500000e+00 -3.352169e+01 -1.295549e+01
     vertex  3.500000e+00 -1.838461e+01 -1.535296e+01
   endloop
 endfacet
 facet normal  9.996988e-01  3.839094e-03  2.423909e-02
   outer loop
     vertex  6.496386e+00 -3.396797e+01 -1.577316e+01
     vertex  6.500000e+00 -3.399100e+01 -1.591855e+01
     vertex  6.500000e+00 -1.742610e+01 -1.854217e+01
   endloop
 endfacet
 facet normal  9.996230e-01  4.320423e-03  2.711441e-02
   outer loop
     vertex  6.496386e+00 -3.396797e+01 -1.577316e+01
     vertex  6.500000e+00 -1.742610e+01 -1.854217e+01
     vertex  6.495481e+00 -1.747550e+01 -1.836769e+01
   endloop
 endfacet
 facet normal  9.966108e-01  1.291325e-02  8.124184e-02
   outer loop
     vertex  6.485554e+00 -3.394500e+01 -1.562812e+01
     vertex  6.495481e+00 -1.747550e+01 -1.836769e+01
     vertex  6.481944e+00 -1.752500e+01 -1.819376e+01
   endloop
 endfacet
 facet normal  9.972905e-01  1.148572e-02  7.266240e-02
   outer loop
     vertex  6.485554e+00 -3.394500e+01 -1.562812e+01
     vertex  6.496386e+00 -3.396797e+01 -1.577316e+01
     vertex  6.495481e+00 -1.747550e+01 -1.836769e+01
   endloop
 endfacet
 facet normal  9.905958e-01  2.146193e-02  1.351274e-01
   outer loop
     vertex  6.467530e+00 -3.392214e+01 -1.548378e+01
     vertex  6.481944e+00 -1.752500e+01 -1.819376e+01
     vertex  6.459414e+00 -1.757451e+01 -1.802073e+01
   endloop
 endfacet
 facet normal  9.924795e-01  1.911049e-02  1.209097e-01
   outer loop
     vertex  6.467530e+00 -3.392214e+01 -1.548378e+01
     vertex  6.485554e+00 -3.394500e+01 -1.562812e+01
     vertex  6.481944e+00 -1.752500e+01 -1.819376e+01
   endloop
 endfacet
 facet normal  9.821092e-01  2.950921e-02  1.859860e-01
   outer loop
     vertex  6.442356e+00 -3.389944e+01 -1.534048e+01
     vertex  6.459414e+00 -1.757451e+01 -1.802073e+01
     vertex  6.431464e+00 -1.761898e+01 -1.786609e+01
   endloop
 endfacet
 facet normal  9.852776e-01  2.669494e-02  1.688649e-01
   outer loop
     vertex  6.442356e+00 -3.389944e+01 -1.534048e+01
     vertex  6.467530e+00 -3.392214e+01 -1.548378e+01
     vertex  6.459414e+00 -1.757451e+01 -1.802073e+01
   endloop
 endfacet
 facet normal  9.721661e-01  3.668908e-02  2.314022e-01
   outer loop
     vertex  6.410094e+00 -3.387697e+01 -1.519858e+01
     vertex  6.431464e+00 -1.761898e+01 -1.786609e+01
     vertex  6.400105e+00 -1.765886e+01 -1.772802e+01
   endloop
 endfacet
 facet normal  9.757021e-01  3.422489e-02  2.164117e-01
   outer loop
     vertex  6.410094e+00 -3.387697e+01 -1.519858e+01
     vertex  6.442356e+00 -3.389944e+01 -1.534048e+01
     vertex  6.431464e+00 -1.761898e+01 -1.786609e+01
   endloop
 endfacet
 facet normal  9.607335e-01  4.343537e-02  2.740519e-01
   outer loop
     vertex  6.370821e+00 -3.385477e+01 -1.505842e+01
     vertex  6.400105e+00 -1.765886e+01 -1.772802e+01
     vertex  6.362877e+00 -1.769854e+01 -1.759122e+01
   endloop
 endfacet
 facet normal  9.637761e-01  4.168001e-02  2.634359e-01
   outer loop
     vertex  6.370821e+00 -3.385477e+01 -1.505842e+01
     vertex  6.410094e+00 -3.387697e+01 -1.519858e+01
     vertex  6.400105e+00 -1.765886e+01 -1.772802e+01
   endloop
 endfacet
 facet normal  9.473466e-01  5.010922e-02  3.162649e-01
   outer loop
     vertex  6.324632e+00 -3.383289e+01 -1.492032e+01
     vertex  6.362877e+00 -1.769854e+01 -1.759122e+01
     vertex  6.319788e+00 -1.773796e+01 -1.745591e+01
   endloop
 endfacet
 facet normal  9.495282e-01  4.903798e-02  3.098250e-01
   outer loop
     vertex  6.324632e+00 -3.383289e+01 -1.492032e+01
     vertex  6.370821e+00 -3.385477e+01 -1.505842e+01
     vertex  6.362877e+00 -1.769854e+01 -1.759122e+01
   endloop
 endfacet
 facet normal  9.329928e-01  5.628080e-02  3.554672e-01
   outer loop
     vertex  6.271639e+00 -3.381140e+01 -1.478463e+01
     vertex  6.324632e+00 -3.383289e+01 -1.492032e+01
     vertex  6.319788e+00 -1.773796e+01 -1.745591e+01
   endloop
 endfacet
 facet normal  9.320087e-01  5.670025e-02  3.579733e-01
   outer loop
     vertex  6.271639e+00 -3.381140e+01 -1.478463e+01
     vertex  6.319788e+00 -1.773796e+01 -1.745591e+01
     vertex  6.270851e+00 -1.777705e+01 -1.732230e+01
   endloop
 endfacet
 facet normal  9.147215e-01  6.320991e-02  3.991103e-01
   outer loop
     vertex  6.271639e+00 -3.381140e+01 -1.478463e+01
     vertex  6.270851e+00 -1.777705e+01 -1.732230e+01
     vertex  6.216075e+00 -1.781575e+01 -1.719063e+01
   endloop
 endfacet
 facet normal  8.954868e-01  6.963954e-02  4.396064e-01
   outer loop
     vertex  6.211968e+00 -3.379034e+01 -1.465168e+01
     vertex  6.216075e+00 -1.781575e+01 -1.719063e+01
     vertex  6.155477e+00 -1.785398e+01 -1.706114e+01
   endloop
 endfacet
 facet normal  9.142098e-01  6.338021e-02  4.002543e-01
   outer loop
     vertex  6.211968e+00 -3.379034e+01 -1.465168e+01
     vertex  6.271639e+00 -3.381140e+01 -1.478463e+01
     vertex  6.216075e+00 -1.781575e+01 -1.719063e+01
   endloop
 endfacet
 facet normal  8.932243e-01  7.030791e-02  4.440801e-01
   outer loop
     vertex  6.145764e+00 -3.376977e+01 -1.452177e+01
     vertex  6.211968e+00 -3.379034e+01 -1.465168e+01
     vertex  6.155477e+00 -1.785398e+01 -1.706114e+01
   endloop
 endfacet
 facet normal  8.743135e-01  7.595189e-02  4.793821e-01
   outer loop
     vertex  6.145764e+00 -3.376977e+01 -1.452177e+01
     vertex  6.155477e+00 -1.785398e+01 -1.706114e+01
     vertex  6.089070e+00 -1.789167e+01 -1.693405e+01
   endloop
 endfacet
 facet normal  8.512074e-01  8.213544e-02  5.183626e-01
   outer loop
     vertex  6.073186e+00 -3.374973e+01 -1.439523e+01
     vertex  6.089070e+00 -1.789167e+01 -1.693405e+01
     vertex  6.016875e+00 -1.792875e+01 -1.680962e+01
   endloop
 endfacet
 facet normal  8.700870e-01  7.706918e-02  4.868357e-01
   outer loop
     vertex  6.073186e+00 -3.374973e+01 -1.439523e+01
     vertex  6.145764e+00 -3.376977e+01 -1.452177e+01
     vertex  6.089070e+00 -1.789167e+01 -1.693405e+01
   endloop
 endfacet
 facet normal  8.261748e-01  8.817838e-02  5.564709e-01
   outer loop
     vertex  5.994409e+00 -3.373027e+01 -1.427236e+01
     vertex  6.016875e+00 -1.792875e+01 -1.680962e+01
     vertex  5.938910e+00 -1.796514e+01 -1.668810e+01
   endloop
 endfacet
 facet normal  8.448536e-01  8.364735e-02  5.284180e-01
   outer loop
     vertex  5.994409e+00 -3.373027e+01 -1.427236e+01
     vertex  6.073186e+00 -3.374973e+01 -1.439523e+01
     vertex  6.016875e+00 -1.792875e+01 -1.680962e+01
   endloop
 endfacet
 facet normal  7.992227e-01  9.406862e-02  5.936280e-01
   outer loop
     vertex  5.909623e+00 -3.371143e+01 -1.415345e+01
     vertex  5.938910e+00 -1.796514e+01 -1.668810e+01
     vertex  5.855199e+00 -1.800077e+01 -1.656976e+01
   endloop
 endfacet
 facet normal  8.175848e-01  9.002619e-02  5.687270e-01
   outer loop
     vertex  5.909623e+00 -3.371143e+01 -1.415345e+01
     vertex  5.994409e+00 -3.373027e+01 -1.427236e+01
     vertex  5.938910e+00 -1.796514e+01 -1.668810e+01
   endloop
 endfacet
 facet normal  7.703594e-01  9.979358e-02  6.297521e-01
   outer loop
     vertex  5.819031e+00 -3.369327e+01 -1.403880e+01
     vertex  5.855199e+00 -1.800077e+01 -1.656976e+01
     vertex  5.765766e+00 -1.803554e+01 -1.645484e+01
   endloop
 endfacet
 facet normal  7.883464e-01  9.618991e-02  6.076655e-01
   outer loop
     vertex  5.819031e+00 -3.369327e+01 -1.403880e+01
     vertex  5.909623e+00 -3.371143e+01 -1.415345e+01
     vertex  5.855199e+00 -1.800077e+01 -1.656976e+01
   endloop
 endfacet
 facet normal  7.396000e-01  1.053393e-01  6.647522e-01
   outer loop
     vertex  5.722853e+00 -3.367583e+01 -1.392868e+01
     vertex  5.765766e+00 -1.803554e+01 -1.645484e+01
     vertex  5.670679e+00 -1.806936e+01 -1.634369e+01
   endloop
 endfacet
 facet normal  7.572088e-01  1.021232e-01  6.451400e-01
   outer loop
     vertex  5.722853e+00 -3.367583e+01 -1.392868e+01
     vertex  5.819031e+00 -3.369327e+01 -1.403880e+01
     vertex  5.765766e+00 -1.803554e+01 -1.645484e+01
   endloop
 endfacet
 facet normal  7.069677e-01  1.106905e-01  6.985301e-01
   outer loop
     vertex  5.621320e+00 -3.365915e+01 -1.382335e+01
     vertex  5.670679e+00 -1.806936e+01 -1.634369e+01
     vertex  5.570011e+00 -1.810212e+01 -1.623662e+01
   endloop
 endfacet
 facet normal  7.242471e-01  1.078115e-01  6.810601e-01
   outer loop
     vertex  5.621320e+00 -3.365915e+01 -1.382335e+01
     vertex  5.722853e+00 -3.367583e+01 -1.392868e+01
     vertex  5.670679e+00 -1.806936e+01 -1.634369e+01
   endloop
 endfacet
 facet normal  6.724881e-01  1.158321e-01  7.309875e-01
   outer loop
     vertex  5.514677e+00 -3.364327e+01 -1.372306e+01
     vertex  5.570011e+00 -1.810212e+01 -1.623662e+01
     vertex  5.463844e+00 -1.813373e+01 -1.613394e+01
   endloop
 endfacet
 facet normal  6.895405e-01  1.132406e-01  7.153394e-01
   outer loop
     vertex  5.514677e+00 -3.364327e+01 -1.372306e+01
     vertex  5.621320e+00 -3.365915e+01 -1.382335e+01
     vertex  5.570011e+00 -1.810212e+01 -1.623662e+01
   endloop
 endfacet
 facet normal  6.361922e-01  1.207484e-01  7.620232e-01
   outer loop
     vertex  5.403180e+00 -3.362822e+01 -1.362807e+01
     vertex  5.463844e+00 -1.813373e+01 -1.613394e+01
     vertex  5.352281e+00 -1.816405e+01 -1.603599e+01
   endloop
 endfacet
 facet normal  6.531728e-01  1.183970e-01  7.478953e-01
   outer loop
     vertex  5.403180e+00 -3.362822e+01 -1.362807e+01
     vertex  5.514677e+00 -3.364327e+01 -1.372306e+01
     vertex  5.463844e+00 -1.813373e+01 -1.613394e+01
   endloop
 endfacet
 facet normal  5.981181e-01  1.254229e-01  7.915326e-01
   outer loop
     vertex  5.287098e+00 -3.361405e+01 -1.353859e+01
     vertex  5.352281e+00 -1.816405e+01 -1.603599e+01
     vertex  5.235448e+00 -1.819299e+01 -1.594312e+01
   endloop
 endfacet
 facet normal  6.152316e-01  1.232683e-01  7.786495e-01
   outer loop
     vertex  5.287098e+00 -3.361405e+01 -1.353859e+01
     vertex  5.403180e+00 -3.362822e+01 -1.362807e+01
     vertex  5.352281e+00 -1.816405e+01 -1.603599e+01
   endloop
 endfacet
 facet normal  5.603533e-01  1.296104e-01  8.180497e-01
   outer loop
     vertex  5.166711e+00 -3.360079e+01 -1.345485e+01
     vertex  5.235448e+00 -1.819299e+01 -1.594312e+01
     vertex  5.125916e+00 -1.821774e+01 -1.586417e+01
   endloop
 endfacet
 facet normal  5.758082e-01  1.278423e-01  8.075279e-01
   outer loop
     vertex  5.166711e+00 -3.360079e+01 -1.345485e+01
     vertex  5.287098e+00 -3.361405e+01 -1.353859e+01
     vertex  5.235448e+00 -1.819299e+01 -1.594312e+01
   endloop
 endfacet
 facet normal  5.250697e-01  1.331573e-01  8.405777e-01
   outer loop
     vertex  5.042308e+00 -3.358846e+01 -1.337704e+01
     vertex  5.125916e+00 -1.821774e+01 -1.586417e+01
     vertex  5.023903e+00 -1.823889e+01 -1.579710e+01
   endloop
 endfacet
 facet normal  5.349976e-01  1.321134e-01  8.344601e-01
   outer loop
     vertex  5.042308e+00 -3.358846e+01 -1.337704e+01
     vertex  5.166711e+00 -3.360079e+01 -1.345485e+01
     vertex  5.125916e+00 -1.821774e+01 -1.586417e+01
   endloop
 endfacet
 facet normal  4.905437e-01  1.363127e-01  8.606891e-01
   outer loop
     vertex  4.914190e+00 -3.357711e+01 -1.330536e+01
     vertex  5.023903e+00 -1.823889e+01 -1.579710e+01
     vertex  4.918754e+00 -1.825889e+01 -1.573400e+01
   endloop
 endfacet
 facet normal  4.549841e-01  1.393112e-01  8.795350e-01
   outer loop
     vertex  4.914190e+00 -3.357711e+01 -1.330536e+01
     vertex  4.918754e+00 -1.825889e+01 -1.573400e+01
     vertex  4.810600e+00 -1.827768e+01 -1.567508e+01
   endloop
 endfacet
 facet normal  4.928982e-01  1.360830e-01  8.593793e-01
   outer loop
     vertex  4.914190e+00 -3.357711e+01 -1.330536e+01
     vertex  5.042308e+00 -3.358846e+01 -1.337704e+01
     vertex  5.023903e+00 -1.823889e+01 -1.579710e+01
   endloop
 endfacet
 facet normal  4.184455e-01  1.421104e-01  8.970552e-01
   outer loop
     vertex  4.782665e+00 -3.356675e+01 -1.323997e+01
     vertex  4.810600e+00 -1.827768e+01 -1.567508e+01
     vertex  4.699588e+00 -1.829519e+01 -1.562052e+01
   endloop
 endfacet
 facet normal  4.496113e-01  1.396928e-01  8.822333e-01
   outer loop
     vertex  4.782665e+00 -3.356675e+01 -1.323997e+01
     vertex  4.914190e+00 -3.357711e+01 -1.330536e+01
     vertex  4.810600e+00 -1.827768e+01 -1.567508e+01
   endloop
 endfacet
 facet normal  3.809851e-01  1.446763e-01  9.131917e-01
   outer loop
     vertex  4.648050e+00 -3.355742e+01 -1.318103e+01
     vertex  4.699588e+00 -1.829519e+01 -1.562052e+01
     vertex  4.585885e+00 -1.831133e+01 -1.557053e+01
   endloop
 endfacet
 facet normal  4.052413e-01  1.429595e-01  9.029629e-01
   outer loop
     vertex  4.648050e+00 -3.355742e+01 -1.318103e+01
     vertex  4.782665e+00 -3.356675e+01 -1.323997e+01
     vertex  4.699588e+00 -1.829519e+01 -1.562052e+01
   endloop
 endfacet
 facet normal  3.426589e-01  1.470011e-01  9.278877e-01
   outer loop
     vertex  4.510670e+00 -3.354913e+01 -1.312869e+01
     vertex  4.585885e+00 -1.831133e+01 -1.557053e+01
     vertex  4.469667e+00 -1.832605e+01 -1.552528e+01
   endloop
 endfacet
 facet normal  3.598950e-01  1.458949e-01  9.215152e-01
   outer loop
     vertex  4.510670e+00 -3.354913e+01 -1.312869e+01
     vertex  4.648050e+00 -3.355742e+01 -1.318103e+01
     vertex  4.585885e+00 -1.831133e+01 -1.557053e+01
   endloop
 endfacet
 facet normal  3.035308e-01  1.490770e-01  9.410872e-01
   outer loop
     vertex  4.370854e+00 -3.354190e+01 -1.308307e+01
     vertex  4.469667e+00 -1.832605e+01 -1.552528e+01
     vertex  4.351147e+00 -1.833926e+01 -1.548496e+01
   endloop
 endfacet
 facet normal  3.136817e-01  1.484908e-01  9.378455e-01
   outer loop
     vertex  4.370854e+00 -3.354190e+01 -1.308307e+01
     vertex  4.510670e+00 -3.354913e+01 -1.312869e+01
     vertex  4.469667e+00 -1.832605e+01 -1.552528e+01
   endloop
 endfacet
 facet normal  2.636762e-01  1.508962e-01  9.527356e-01
   outer loop
     vertex  4.228941e+00 -3.353576e+01 -1.304428e+01
     vertex  4.351147e+00 -1.833926e+01 -1.548496e+01
     vertex  4.230565e+00 -1.835091e+01 -1.544974e+01
   endloop
 endfacet
 facet normal  2.231722e-01  1.524913e-01  9.627775e-01
   outer loop
     vertex  4.228941e+00 -3.353576e+01 -1.304428e+01
     vertex  4.230565e+00 -1.835091e+01 -1.544974e+01
     vertex  4.108176e+00 -1.836091e+01 -1.541979e+01
   endloop
 endfacet
 facet normal  2.667128e-01  1.507399e-01  9.519148e-01
   outer loop
     vertex  4.228941e+00 -3.353576e+01 -1.304428e+01
     vertex  4.370854e+00 -3.354190e+01 -1.308307e+01
     vertex  4.351147e+00 -1.833926e+01 -1.548496e+01
   endloop
 endfacet
 facet normal  1.821087e-01  1.538444e-01  9.711685e-01
   outer loop
     vertex  4.085271e+00 -3.353071e+01 -1.301242e+01
     vertex  4.108176e+00 -1.836091e+01 -1.541979e+01
     vertex  3.984249e+00 -1.836923e+01 -1.539523e+01
   endloop
 endfacet
 facet normal  2.191012e-01  1.526024e-01  9.636945e-01
   outer loop
     vertex  4.085271e+00 -3.353071e+01 -1.301242e+01
     vertex  4.228941e+00 -3.353576e+01 -1.304428e+01
     vertex  4.108176e+00 -1.836091e+01 -1.541979e+01
   endloop
 endfacet
 facet normal  1.405817e-01  1.549201e-01  9.778735e-01
   outer loop
     vertex  3.940191e+00 -3.352677e+01 -1.298756e+01
     vertex  3.984249e+00 -1.836923e+01 -1.539523e+01
     vertex  3.859071e+00 -1.837580e+01 -1.537619e+01
   endloop
 endfacet
 facet normal  1.709619e-01  1.540823e-01  9.731550e-01
   outer loop
     vertex  3.940191e+00 -3.352677e+01 -1.298756e+01
     vertex  4.085271e+00 -3.353071e+01 -1.301242e+01
     vertex  3.984249e+00 -1.836923e+01 -1.539523e+01
   endloop
 endfacet
 facet normal  9.868878e-02  1.557139e-01  9.828600e-01
   outer loop
     vertex  3.794051e+00 -3.352395e+01 -1.296975e+01
     vertex  3.859071e+00 -1.837580e+01 -1.537619e+01
     vertex  3.732944e+00 -1.838059e+01 -1.536277e+01
   endloop
 endfacet
 facet normal  1.224107e-01  1.552005e-01  9.802696e-01
   outer loop
     vertex  3.794051e+00 -3.352395e+01 -1.296975e+01
     vertex  3.940191e+00 -3.352677e+01 -1.298756e+01
     vertex  3.859071e+00 -1.837580e+01 -1.537619e+01
   endloop
 endfacet
 facet normal  7.356456e-02  1.559540e-01  9.850211e-01
   outer loop
     vertex  3.647203e+00 -3.352226e+01 -1.295905e+01
     vertex  3.794051e+00 -3.352395e+01 -1.296975e+01
     vertex  3.732944e+00 -1.838059e+01 -1.536277e+01
   endloop
 endfacet
 facet normal  5.826877e-02  1.561969e-01  9.860057e-01
   outer loop
     vertex  3.647203e+00 -3.352226e+01 -1.295905e+01
     vertex  3.732944e+00 -1.838059e+01 -1.536277e+01
     vertex  3.616609e+00 -1.838338e+01 -1.535545e+01
   endloop
 endfacet
 facet normal  2.454123e-02  1.563490e-01  9.873969e-01
   outer loop
     vertex  3.500000e+00 -3.352169e+01 -1.295549e+01
     vertex  3.647203e+00 -3.352226e+01 -1.295905e+01
     vertex  3.616609e+00 -1.838338e+01 -1.535545e+01
   endloop
 endfacet
 facet normal  1.943856e-02  1.564049e-01  9.875017e-01
   outer loop
     vertex  3.500000e+00 -3.352169e+01 -1.295549e+01
     vertex  3.616609e+00 -1.838338e+01 -1.535545e+01
     vertex  3.500000e+00 -1.838461e+01 -1.535296e+01
   endloop
 endfacet
 facet normal  1.000000e+00  0.000000e+00  0.000000e+00
   outer loop
     vertex  6.500000e+00 -1.623246e+01 -2.320233e+01
     vertex  6.500000e+00 -1.548871e+01 -2.694875e+01
     vertex  6.500000e+00 -1.545517e+01 -2.673702e+01
   endloop
 endfacet
 facet normal  1.000000e+00  0.000000e+00  0.000000e+00
   outer loop
     vertex  6.500000e+00 -1.623246e+01 -2.320233e+01
     vertex  6.500000e+00 -3.524247e+01 -2.382006e+01
     vertex  6.500000e+00 -1.548871e+01 -2.694875e+01
   endloop
 endfacet
 facet normal  1.000000e+00  1.911397e-17 -5.882166e-16
   outer loop
     vertex  6.500000e+00 -1.697262e+01 -2.020648e+01
     vertex  6.500000e+00 -3.524247e+01 -2.382006e+01
     vertex  6.500000e+00 -1.623246e+01 -2.320233e+01
   endloop
 endfacet
 facet normal  1.000000e+00  0.000000e+00  0.000000e+00
   outer loop
     vertex  6.500000e+00 -1.742610e+01 -1.854217e+01
     vertex  6.500000e+00 -3.399100e+01 -1.591855e+01
     vertex  6.500000e+00 -3.524247e+01 -2.382006e+01
   endloop
 endfacet
 facet normal  1.000000e+00 -2.925667e-16  9.876069e-16
   outer loop
     vertex  6.500000e+00 -1.742610e+01 -1.854217e+01
     vertex  6.500000e+00 -3.524247e+01 -2.382006e+01
     vertex  6.500000e+00 -1.697262e+01 -2.020648e+01
   endloop
 endfacet
 facet normal  2.454123e-02 -1.563873e-01 -9.873909e-01
   outer loop
     vertex  3.647203e+00 -3.571121e+01 -2.677955e+01
     vertex  3.500000e+00 -1.595801e+01 -2.991181e+01
     vertex  3.647203e+00 -1.595744e+01 -2.990824e+01
   endloop
 endfacet
 facet normal  2.454123e-02 -1.563873e-01 -9.873909e-01
   outer loop
     vertex  3.647203e+00 -3.571121e+01 -2.677955e+01
     vertex  3.500000e+00 -3.571178e+01 -2.678312e+01
     vertex  3.500000e+00 -1.595801e+01 -2.991181e+01
   endloop
 endfacet
 facet normal  7.356456e-02 -1.560106e-01 -9.850122e-01
   outer loop
     vertex  3.794051e+00 -3.570952e+01 -2.676885e+01
     vertex  3.647203e+00 -1.595744e+01 -2.990824e+01
     vertex  3.794051e+00 -1.595575e+01 -2.989754e+01
   endloop
 endfacet
 facet normal  7.356456e-02 -1.560106e-01 -9.850122e-01
   outer loop
     vertex  3.794051e+00 -3.570952e+01 -2.676885e+01
     vertex  3.647203e+00 -3.571121e+01 -2.677955e+01
     vertex  3.647203e+00 -1.595744e+01 -2.990824e+01
   endloop
 endfacet
 facet normal  1.224107e-01 -1.552580e-01 -9.802605e-01
   outer loop
     vertex  3.940191e+00 -3.570670e+01 -2.675105e+01
     vertex  3.794051e+00 -1.595575e+01 -2.989754e+01
     vertex  3.940191e+00 -1.595293e+01 -2.987974e+01
   endloop
 endfacet
 facet normal  1.224107e-01 -1.552580e-01 -9.802605e-01
   outer loop
     vertex  3.940191e+00 -3.570670e+01 -2.675105e+01
     vertex  3.794051e+00 -3.570952e+01 -2.676885e+01
     vertex  3.794051e+00 -1.595575e+01 -2.989754e+01
   endloop
 endfacet
 facet normal  1.709619e-01 -1.541314e-01 -9.731472e-01
   outer loop
     vertex  4.085271e+00 -3.570276e+01 -2.672619e+01
     vertex  3.940191e+00 -1.595293e+01 -2.987974e+01
     vertex  4.085271e+00 -1.594899e+01 -2.985488e+01
   endloop
 endfacet
 facet normal  1.709619e-01 -1.541314e-01 -9.731472e-01
   outer loop
     vertex  4.085271e+00 -3.570276e+01 -2.672619e+01
     vertex  3.940191e+00 -3.570670e+01 -2.675105e+01
     vertex  3.940191e+00 -1.595293e+01 -2.987974e+01
   endloop
 endfacet
 facet normal  2.191012e-01 -1.526334e-01 -9.636896e-01
   outer loop
     vertex  4.228941e+00 -3.569771e+01 -2.669432e+01
     vertex  4.085271e+00 -1.594899e+01 -2.985488e+01
     vertex  4.228941e+00 -1.594394e+01 -2.982301e+01
   endloop
 endfacet
 facet normal  2.191012e-01 -1.526334e-01 -9.636896e-01
   outer loop
     vertex  4.228941e+00 -3.569771e+01 -2.669432e+01
     vertex  4.085271e+00 -3.570276e+01 -2.672619e+01
     vertex  4.085271e+00 -1.594899e+01 -2.985488e+01
   endloop
 endfacet
 facet normal  2.667128e-01 -1.507678e-01 -9.519104e-01
   outer loop
     vertex  4.370854e+00 -3.569157e+01 -2.665553e+01
     vertex  4.228941e+00 -1.594394e+01 -2.982301e+01
     vertex  4.370854e+00 -1.593780e+01 -2.978422e+01
   endloop
 endfacet
 facet normal  2.667128e-01 -1.507678e-01 -9.519104e-01
   outer loop
     vertex  4.370854e+00 -3.569157e+01 -2.665553e+01
     vertex  4.228941e+00 -3.569771e+01 -2.669432e+01
     vertex  4.228941e+00 -1.594394e+01 -2.982301e+01
   endloop
 endfacet
 facet normal  3.136817e-01 -1.485389e-01 -9.378379e-01
   outer loop
     vertex  4.510670e+00 -3.568434e+01 -2.660991e+01
     vertex  4.370854e+00 -1.593780e+01 -2.978422e+01
     vertex  4.510670e+00 -1.593058e+01 -2.973860e+01
   endloop
 endfacet
 facet normal  3.136817e-01 -1.485389e-01 -9.378379e-01
   outer loop
     vertex  4.510670e+00 -3.568434e+01 -2.660991e+01
     vertex  4.370854e+00 -3.569157e+01 -2.665553e+01
     vertex  4.370854e+00 -1.593780e+01 -2.978422e+01
   endloop
 endfacet
 facet normal  3.598950e-01 -1.459522e-01 -9.215061e-01
   outer loop
     vertex  4.648050e+00 -3.567605e+01 -2.655757e+01
     vertex  4.510670e+00 -1.593058e+01 -2.973860e+01
     vertex  4.648050e+00 -1.592229e+01 -2.968626e+01
   endloop
 endfacet
 facet normal  3.598950e-01 -1.459522e-01 -9.215061e-01
   outer loop
     vertex  4.648050e+00 -3.567605e+01 -2.655757e+01
     vertex  4.510670e+00 -3.568434e+01 -2.660991e+01
     vertex  4.510670e+00 -1.593058e+01 -2.973860e+01
   endloop
 endfacet
 facet normal  4.052413e-01 -1.430139e-01 -9.029543e-01
   outer loop
     vertex  4.782665e+00 -3.566672e+01 -2.649864e+01
     vertex  4.648050e+00 -3.567605e+01 -2.655757e+01
     vertex  4.648050e+00 -1.592229e+01 -2.968626e+01
   endloop
 endfacet
 facet normal  4.052413e-01 -1.430139e-01 -9.029543e-01
   outer loop
     vertex  4.782665e+00 -3.566672e+01 -2.649864e+01
     vertex  4.648050e+00 -1.592229e+01 -2.968626e+01
     vertex  4.782665e+00 -1.591295e+01 -2.962733e+01
   endloop
 endfacet
 facet normal  4.496113e-01 -1.397311e-01 -8.822272e-01
   outer loop
     vertex  4.914190e+00 -3.565636e+01 -2.643325e+01
     vertex  4.782665e+00 -1.591295e+01 -2.962733e+01
     vertex  4.914190e+00 -1.590259e+01 -2.956194e+01
   endloop
 endfacet
 facet normal  4.496113e-01 -1.397311e-01 -8.822272e-01
   outer loop
     vertex  4.914190e+00 -3.565636e+01 -2.643325e+01
     vertex  4.782665e+00 -3.566672e+01 -2.649864e+01
     vertex  4.782665e+00 -1.591295e+01 -2.962733e+01
   endloop
 endfacet
 facet normal  4.928982e-01 -1.361116e-01 -8.593748e-01
   outer loop
     vertex  5.042308e+00 -3.564501e+01 -2.636156e+01
     vertex  4.914190e+00 -1.590259e+01 -2.956194e+01
     vertex  5.042308e+00 -1.589124e+01 -2.949025e+01
   endloop
 endfacet
 facet normal  5.349976e-01 -1.321642e-01 -8.344520e-01
   outer loop
     vertex  5.042308e+00 -3.564501e+01 -2.636156e+01
     vertex  5.042308e+00 -1.589124e+01 -2.949025e+01
     vertex  5.166711e+00 -1.587892e+01 -2.941244e+01
   endloop
 endfacet
 facet normal  4.928982e-01 -1.361116e-01 -8.593748e-01
   outer loop
     vertex  5.042308e+00 -3.564501e+01 -2.636156e+01
     vertex  4.914190e+00 -3.565636e+01 -2.643325e+01
     vertex  4.914190e+00 -1.590259e+01 -2.956194e+01
   endloop
 endfacet
 facet normal  5.349976e-01 -1.321642e-01 -8.344520e-01
   outer loop
     vertex  5.166711e+00 -3.563268e+01 -2.628376e+01
     vertex  5.042308e+00 -3.564501e+01 -2.636156e+01
     vertex  5.166711e+00 -1.587892e+01 -2.941244e+01
   endloop
 endfacet
 facet normal  5.758082e-01 -1.278984e-01 -8.075190e-01
   outer loop
     vertex  5.287098e+00 -3.561942e+01 -2.620001e+01
     vertex  5.166711e+00 -1.587892e+01 -2.941244e+01
     vertex  5.287098e+00 -1.586565e+01 -2.932870e+01
   endloop
 endfacet
 facet normal  5.758082e-01 -1.278984e-01 -8.075190e-01
   outer loop
     vertex  5.287098e+00 -3.561942e+01 -2.620001e+01
     vertex  5.166711e+00 -3.563268e+01 -2.628376e+01
     vertex  5.166711e+00 -1.587892e+01 -2.941244e+01
   endloop
 endfacet
 facet normal  6.152316e-01 -1.233246e-01 -7.786406e-01
   outer loop
     vertex  5.403180e+00 -3.560525e+01 -2.611054e+01
     vertex  5.287098e+00 -1.586565e+01 -2.932870e+01
     vertex  5.403180e+00 -1.585148e+01 -2.923923e+01
   endloop
 endfacet
 facet normal  6.531728e-01 -1.184536e-01 -7.478863e-01
   outer loop
     vertex  5.403180e+00 -3.560525e+01 -2.611054e+01
     vertex  5.403180e+00 -1.585148e+01 -2.923923e+01
     vertex  5.514677e+00 -1.583644e+01 -2.914423e+01
   endloop
 endfacet
 facet normal  6.152316e-01 -1.233246e-01 -7.786406e-01
   outer loop
     vertex  5.403180e+00 -3.560525e+01 -2.611054e+01
     vertex  5.287098e+00 -3.561942e+01 -2.620001e+01
     vertex  5.287098e+00 -1.586565e+01 -2.932870e+01
   endloop
 endfacet
 facet normal  6.895405e-01 -1.132972e-01 -7.153304e-01
   outer loop
     vertex  5.514677e+00 -3.559020e+01 -2.601554e+01
     vertex  5.514677e+00 -1.583644e+01 -2.914423e+01
     vertex  5.621320e+00 -1.582055e+01 -2.904395e+01
   endloop
 endfacet
 facet normal  6.531728e-01 -1.184536e-01 -7.478863e-01
   outer loop
     vertex  5.514677e+00 -3.559020e+01 -2.601554e+01
     vertex  5.403180e+00 -3.560525e+01 -2.611054e+01
     vertex  5.514677e+00 -1.583644e+01 -2.914423e+01
   endloop
 endfacet
 facet normal  6.895405e-01 -1.132972e-01 -7.153304e-01
   outer loop
     vertex  5.621320e+00 -3.557432e+01 -2.591526e+01
     vertex  5.514677e+00 -3.559020e+01 -2.601554e+01
     vertex  5.621320e+00 -1.582055e+01 -2.904395e+01
   endloop
 endfacet
 facet normal  7.242471e-01 -1.078679e-01 -6.810512e-01
   outer loop
     vertex  5.722853e+00 -3.555764e+01 -2.580993e+01
     vertex  5.621320e+00 -1.582055e+01 -2.904395e+01
     vertex  5.722853e+00 -1.580387e+01 -2.893862e+01
   endloop
 endfacet
 facet normal  7.242471e-01 -1.078679e-01 -6.810512e-01
   outer loop
     vertex  5.722853e+00 -3.555764e+01 -2.580993e+01
     vertex  5.621320e+00 -3.557432e+01 -2.591526e+01
     vertex  5.621320e+00 -1.582055e+01 -2.904395e+01
   endloop
 endfacet
 facet normal  7.572088e-01 -1.021787e-01 -6.451312e-01
   outer loop
     vertex  5.819031e+00 -3.554020e+01 -2.569981e+01
     vertex  5.722853e+00 -1.580387e+01 -2.893862e+01
     vertex  5.819031e+00 -1.578643e+01 -2.882849e+01
   endloop
 endfacet
 facet normal  7.572088e-01 -1.021787e-01 -6.451312e-01
   outer loop
     vertex  5.819031e+00 -3.554020e+01 -2.569981e+01
     vertex  5.722853e+00 -3.555764e+01 -2.580993e+01
     vertex  5.722853e+00 -1.580387e+01 -2.893862e+01
   endloop
 endfacet
 facet normal  7.883464e-01 -9.624342e-02 -6.076571e-01
   outer loop
     vertex  5.909623e+00 -3.552204e+01 -2.558515e+01
     vertex  5.819031e+00 -1.578643e+01 -2.882849e+01
     vertex  5.909623e+00 -1.576827e+01 -2.871384e+01
   endloop
 endfacet
 facet normal  8.175848e-01 -9.007625e-02 -5.687190e-01
   outer loop
     vertex  5.909623e+00 -3.552204e+01 -2.558515e+01
     vertex  5.909623e+00 -1.576827e+01 -2.871384e+01
     vertex  5.994409e+00 -1.574944e+01 -2.859494e+01
   endloop
 endfacet
 facet normal  7.883464e-01 -9.624342e-02 -6.076571e-01
   outer loop
     vertex  5.909623e+00 -3.552204e+01 -2.558515e+01
     vertex  5.819031e+00 -3.554020e+01 -2.569981e+01
     vertex  5.819031e+00 -1.578643e+01 -2.882849e+01
   endloop
 endfacet
 facet normal  8.175848e-01 -9.007625e-02 -5.687190e-01
   outer loop
     vertex  5.994409e+00 -3.550320e+01 -2.546625e+01
     vertex  5.909623e+00 -3.552204e+01 -2.558515e+01
     vertex  5.994409e+00 -1.574944e+01 -2.859494e+01
   endloop
 endfacet
 facet normal  8.448536e-01 -8.369207e-02 -5.284109e-01
   outer loop
     vertex  6.073186e+00 -3.548374e+01 -2.534338e+01
     vertex  5.994409e+00 -1.574944e+01 -2.859494e+01
     vertex  6.073186e+00 -1.572998e+01 -2.847207e+01
   endloop
 endfacet
 facet normal  8.448536e-01 -8.369207e-02 -5.284109e-01
   outer loop
     vertex  6.073186e+00 -3.548374e+01 -2.534338e+01
     vertex  5.994409e+00 -3.550320e+01 -2.546625e+01
     vertex  5.994409e+00 -1.574944e+01 -2.859494e+01
   endloop
 endfacet
 facet normal  8.700870e-01 -7.710627e-02 -4.868298e-01
   outer loop
     vertex  6.145764e+00 -3.546370e+01 -2.521684e+01
     vertex  6.073186e+00 -1.572998e+01 -2.847207e+01
     vertex  6.145764e+00 -1.570993e+01 -2.834553e+01
   endloop
 endfacet
 facet normal  8.700870e-01 -7.710627e-02 -4.868298e-01
   outer loop
     vertex  6.145764e+00 -3.546370e+01 -2.521684e+01
     vertex  6.073186e+00 -3.548374e+01 -2.534338e+01
     vertex  6.073186e+00 -1.572998e+01 -2.847207e+01
   endloop
 endfacet
 facet normal  8.932243e-01 -7.033471e-02 -4.440759e-01
   outer loop
     vertex  6.211968e+00 -3.544313e+01 -2.508693e+01
     vertex  6.145764e+00 -1.570993e+01 -2.834553e+01
     vertex  6.211968e+00 -1.568936e+01 -2.821562e+01
   endloop
 endfacet
 facet normal  8.932243e-01 -7.033471e-02 -4.440759e-01
   outer loop
     vertex  6.211968e+00 -3.544313e+01 -2.508693e+01
     vertex  6.145764e+00 -3.546370e+01 -2.521684e+01
     vertex  6.145764e+00 -1.570993e+01 -2.834553e+01
   endloop
 endfacet
 facet normal  9.142098e-01 -6.339371e-02 -4.002521e-01
   outer loop
     vertex  6.271639e+00 -3.542207e+01 -2.495397e+01
     vertex  6.211968e+00 -1.568936e+01 -2.821562e+01
     vertex  6.271639e+00 -1.566830e+01 -2.808266e+01
   endloop
 endfacet
 facet normal  9.142098e-01 -6.339371e-02 -4.002521e-01
   outer loop
     vertex  6.271639e+00 -3.542207e+01 -2.495397e+01
     vertex  6.211968e+00 -3.544313e+01 -2.508693e+01
     vertex  6.211968e+00 -1.568936e+01 -2.821562e+01
   endloop
 endfacet
 facet normal  9.329928e-01 -5.629999e-02 -3.554641e-01
   outer loop
     vertex  6.324632e+00 -3.540058e+01 -2.481828e+01
     vertex  6.271639e+00 -1.566830e+01 -2.808266e+01
     vertex  6.324632e+00 -1.564681e+01 -2.794697e+01
   endloop
 endfacet
 facet normal  9.329928e-01 -5.629999e-02 -3.554641e-01
   outer loop
     vertex  6.324632e+00 -3.540058e+01 -2.481828e+01
     vertex  6.271639e+00 -3.542207e+01 -2.495397e+01
     vertex  6.271639e+00 -1.566830e+01 -2.808266e+01
   endloop
 endfacet
 facet normal  9.495282e-01 -4.907064e-02 -3.098198e-01
   outer loop
     vertex  6.370821e+00 -3.537870e+01 -2.468019e+01
     vertex  6.324632e+00 -1.564681e+01 -2.794697e+01
     vertex  6.370821e+00 -1.562494e+01 -2.780888e+01
   endloop
 endfacet
 facet normal  9.495282e-01 -4.907064e-02 -3.098198e-01
   outer loop
     vertex  6.370821e+00 -3.537870e+01 -2.468019e+01
     vertex  6.324632e+00 -3.540058e+01 -2.481828e+01
     vertex  6.324632e+00 -1.564681e+01 -2.794697e+01
   endloop
 endfacet
 facet normal  9.637761e-01 -4.172307e-02 -2.634291e-01
   outer loop
     vertex  6.410094e+00 -3.535650e+01 -2.454002e+01
     vertex  6.370821e+00 -1.562494e+01 -2.780888e+01
     vertex  6.410094e+00 -1.560274e+01 -2.766871e+01
   endloop
 endfacet
 facet normal  9.637761e-01 -4.172307e-02 -2.634291e-01
   outer loop
     vertex  6.410094e+00 -3.535650e+01 -2.454002e+01
     vertex  6.370821e+00 -3.537870e+01 -2.468019e+01
     vertex  6.370821e+00 -1.562494e+01 -2.780888e+01
   endloop
 endfacet
 facet normal  9.757021e-01 -3.427499e-02 -2.164037e-01
   outer loop
     vertex  6.442356e+00 -3.533403e+01 -2.439812e+01
     vertex  6.410094e+00 -1.560274e+01 -2.766871e+01
     vertex  6.442356e+00 -1.558026e+01 -2.752681e+01
   endloop
 endfacet
 facet normal  9.757021e-01 -3.427499e-02 -2.164037e-01
   outer loop
     vertex  6.442356e+00 -3.533403e+01 -2.439812e+01
     vertex  6.410094e+00 -3.535650e+01 -2.454002e+01
     vertex  6.410094e+00 -1.560274e+01 -2.766871e+01
   endloop
 endfacet
 facet normal  9.852776e-01 -2.674433e-02 -1.688571e-01
   outer loop
     vertex  6.467530e+00 -3.531133e+01 -2.425483e+01
     vertex  6.442356e+00 -1.558026e+01 -2.752681e+01
     vertex  6.467530e+00 -1.555757e+01 -2.738352e+01
   endloop
 endfacet
 facet normal  9.924795e-01 -1.914925e-02 -1.209036e-01
   outer loop
     vertex  6.467530e+00 -3.531133e+01 -2.425483e+01
     vertex  6.467530e+00 -1.555757e+01 -2.738352e+01
     vertex  6.485554e+00 -1.553471e+01 -2.723918e+01
   endloop
 endfacet
 facet normal  9.852776e-01 -2.674433e-02 -1.688571e-01
   outer loop
     vertex  6.467530e+00 -3.531133e+01 -2.425483e+01
     vertex  6.442356e+00 -3.533403e+01 -2.439812e+01
     vertex  6.442356e+00 -1.558026e+01 -2.752681e+01
   endloop
 endfacet
 facet normal  9.972905e-01 -1.150803e-02 -7.265886e-02
   outer loop
     vertex  6.485554e+00 -3.528847e+01 -2.411049e+01
     vertex  6.485554e+00 -1.553471e+01 -2.723918e+01
     vertex  6.496386e+00 -1.551173e+01 -2.709414e+01
   endloop
 endfacet
 facet normal  9.924795e-01 -1.914925e-02 -1.209036e-01
   outer loop
     vertex  6.485554e+00 -3.528847e+01 -2.411049e+01
     vertex  6.467530e+00 -3.531133e+01 -2.425483e+01
     vertex  6.485554e+00 -1.553471e+01 -2.723918e+01
   endloop
 endfacet
 facet normal  9.972905e-01 -1.150803e-02 -7.265886e-02
   outer loop
     vertex  6.496386e+00 -3.526550e+01 -2.396545e+01
     vertex  6.485554e+00 -3.528847e+01 -2.411049e+01
     vertex  6.496386e+00 -1.551173e+01 -2.709414e+01
   endloop
 endfacet
 facet normal  9.996988e-01 -3.839094e-03 -2.423909e-02
   outer loop
     vertex  6.500000e+00 -3.524247e+01 -2.382006e+01
     vertex  6.496386e+00 -1.551173e+01 -2.709414e+01
     vertex  6.500000e+00 -1.548871e+01 -2.694875e+01
   endloop
 endfacet
 facet normal  9.996988e-01 -3.839094e-03 -2.423909e-02
   outer loop
     vertex  6.500000e+00 -3.524247e+01 -2.382006e+01
     vertex  6.496386e+00 -3.526550e+01 -2.396545e+01
     vertex  6.496386e+00 -1.551173e+01 -2.709414e+01
   endloop
 endfacet
 facet normal  2.523600e-17 -1.564345e-01 -9.876883e-01
   outer loop
     vertex -3.500000e+00 -1.595801e+01 -2.991181e+01
     vertex  3.500000e+00 -3.571178e+01 -2.678312e+01
     vertex -3.500000e+00 -3.571178e+01 -2.678312e+01
   endloop
 endfacet
 facet normal -0.000000e+00 -1.564345e-01 -9.876883e-01
   outer loop
     vertex  3.500000e+00 -1.595801e+01 -2.991181e+01
     vertex  3.500000e+00 -3.571178e+01 -2.678312e+01
     vertex -3.500000e+00 -1.595801e+01 -2.991181e+01
   endloop
 endfacet
endsolid
